text,translated_text,clean_output
"Մուտացիան ավելացնում է նոր ծագումնաբանական փոփոխություն, իսկ ընտրությունն այն հեռացնում է դրսևորված փոփոխությունների ցանկից:","Armenian: Մուտացիան ավելացնում է նոր ծագումնաբանական փոփոխություն, իսկ ընտրությունն այն հեռացնում է դրսևորված փոփոխությունների ցանկից: 
English:umayne's law",umayne's law
"Պառակտման ռումբն աշխատում է այն սկզբունքով, որ էներգիա է պահանջվում ՝ բազում պրոտոններով և նեյտրոններով միջուկը միացնելու համար:","Armenian: Պառակտման ռումբն աշխատում է այն սկզբունքով, որ էներգիա է պահանջվում ՝ բազում պրոտոններով և նեյտրոններով միջուկը միացնելու համար: 
English:daughter-in-law's residence",daughter-in-law's residence
Միջուկը բաղկացած է երկու մասնիկներից` նեյտրոններ և պրոտոններ:,"Armenian: Միջուկը բաղկացած է երկու մասնիկներից` նեյտրոններ և պրոտոններ: 
English:thieves and robbers",thieves and robbers
"Սա թույլ է տվել փոփոխական ֆոկուսային հեռավորությամբ օբյեկտիվով ստանալ այնպիսի որակի լուսանկարներ, որոնք համեմատելի են ֆիքսված ֆոկուսային լայնությամբ օբյեկտիվի լուսանկարների հետ:","Armenian: Սա թույլ է տվել փոփոխական ֆոկուսային հեռավորությամբ օբյեկտիվով ստանալ այնպիսի որակի լուսանկարներ, որոնք համեմատելի են ֆիքսված ֆոկուսային լայնությամբ օբյեկտիվի լուսանկարների հետ: 
English: is subject to the terms and conditions of the Armenian Internet Service Provider's service agreement.",is subject to the terms and conditions of the Armenian Internet Service Provider's service agreement.
"Դրանք մի քանի պատճառով ցանցային պրոքսիներից գերադասելի են. դրանք վերափոխում են ոչ միայն http-ն, այլ ողջ համացանցային թրաֆիքը:","Armenian: Դրանք մի քանի պատճառով ցանցային պրոքսիներից գերադասելի են. դրանք վերափոխում են ոչ միայն http-ն, այլ ողջ համացանցային թրաֆիքը: 
English:",
"Ինտերակտիվ դիզայնը պահանջում է, որ վերագնահատեք ձեր ենթադրությունները լրատվության ստեղծման վերաբերյալ և մտածել սովորեք ոչ գծային ճանապարհներով:","Armenian: Ինտերակտիվ դիզայնը պահանջում է, որ վերագնահատեք ձեր ենթադրությունները լրատվության ստեղծման վերաբերյալ և մտածել սովորեք ոչ գծային ճանապարհներով: 
English:daughter-in-law's rights",daughter-in-law's rights
"Սա դարձավ սովորական գործելակերպ, սակայն վագոնների փայտյա անիվների վրայի երկաթն ավելի շատ մաշվածություն էր առաջացնում։","Armenian: Սա դարձավ սովորական գործելակերպ, սակայն վագոնների փայտյա անիվների վրայի երկաթն ավելի շատ մաշվածություն էր առաջացնում։ 
English:daughter of a former Armenian Prime Minister and a former deputy prime minister, the Armenian","daughter of a former Armenian Prime Minister and a former deputy prime minister, the Armenian"
"Փրայդերը կազմված են մեկից երեք արյունակցական կապ ունեցող չափահաս արուներից, որոնց հետ կարող են լինել ավելի քան երեսուն էգ և կորյուն։","Armenian: Փրայդերը կազմված են մեկից երեք արյունակցական կապ ունեցող չափահաս արուներից, որոնց հետ կարող են լինել ավելի քան երեսուն էգ և կորյուն։ 
English:s: The Armenian language is a member of the Indo-European language family.",s: The Armenian language is a member of the Indo-European language family.
"Չնայած արհեստական բանականությունը գիտական ֆանտաստիկայի ուժեղ իմաստերանգ ունի, այն կազմում է համակարգչային գիտությունների շատ կարևոր մի ճյուղ, որ առնչվում է վարքագծին, ուսմանը և սարքերին խելացի կերպով հարմարվելուն:","Armenian: Չնայած արհեստական բանականությունը գիտական ֆանտաստիկայի ուժեղ իմաստերանգ ունի, այն կազմում է համակարգչային գիտությունների շատ կարևոր մի ճյուղ, որ առնչվում է վարքագծին, ուսմանը և սարքերին խելացի կերպով հարմարվելուն: 
English:threat of terrorism",threat of terrorism
"Հետևաբար այս ձևաչափի կողմերի հարաբերակցությունը (բաժանած տասներկուսի, որպեսզի կարողանանք ստանալ ամբողջ թվի պարզագույն հարաբերակցությունը), ինչպես ասվում է, 3:2 է:","Armenian: Հետևաբար այս ձևաչափի կողմերի հարաբերակցությունը (բաժանած տասներկուսի, որպեսզի կարողանանք ստանալ ամբողջ թվի պարզագույն հարաբերակցությունը), ինչպես ասվում է, 3:2 է: 
English:theses ratio (aspect ratio) is 3:2.",theses ratio (aspect ratio) is 3:2.
"Ընդհանուր առմամբ արբանյակային հեռախոսը չի փոխարինում բջջային հեռախոսին, քանի որ հեռախոսազանգեր կատարելու համար դուք պետք է լինեք բաց տարածությունում՝ ալեհավաքի հստակ տեսանելիությամբ։","Armenian: Ընդհանուր առմամբ արբանյակային հեռախոսը չի փոխարինում բջջային հեռախոսին, քանի որ հեռախոսազանգեր կատարելու համար դուք պետք է լինեք բաց տարածությունում՝ ալեհավաքի հստակ տեսանելիությամբ։ 
English:daughter-in-law's property is separate from her husband's property, so if you have a will you will need to include your daughter-in-law's will as well.","daughter-in-law's property is separate from her husband's property, so if you have a will you will need to include your daughter-in-law's will as well."
"Չնայած վագոնները կազմված էին միայն փայտի զուգահեռ տախտակներից, դրանք թույլ էին տալիս ձիերին նրանց քաշել՝ ավելի մեծ արագությունների հասնելու նպատակով և քաշել ավելի մեծ բեռներ, քան օրվա համեմատաբար ոչ այդքան հարթ ճանապարհներին։","Armenian: Չնայած վագոնները կազմված էին միայն փայտի զուգահեռ տախտակներից, դրանք թույլ էին տալիս ձիերին նրանց քաշել՝ ավելի մեծ արագությունների հասնելու նպատակով և քաշել ավելի մեծ բեռներ, քան օրվա համեմատաբար ոչ այդքան հարթ ճանապարհներին։ 
English:ymfs: The new rules will apply to all new claims, regardless of whether they are filed in person, by mail, or online.","ymfs: The new rules will apply to all new claims, regardless of whether they are filed in person, by mail, or online."
"Անտիկ աշխարհում մարդիկ իմացել են հիմնական քիմիական տարրերի առկայության մասին, ինչպիսիք են` ոսկին, արծաթն ու պղինձը, քանի որ սրանք իրենց բնական տեսքով կարելի է հայտնաբերել բնության մեջ և պրիմիտիվ գործիքների միջոցով հարաբերականորեն հեշտ են հանքահանվում:","Armenian: Անտիկ աշխարհում մարդիկ իմացել են հիմնական քիմիական տարրերի առկայության մասին, ինչպիսիք են` ոսկին, արծաթն ու պղինձը, քանի որ սրանք իրենց բնական տեսքով կարելի է հայտնաբերել բնության մեջ և պրիմիտիվ գործիքների միջոցով հարաբերականորեն հեշտ են հանքահանվում: 
English: The Armenian government has blocked all access to the Armenian language and culture on the Internet.",The Armenian government has blocked all access to the Armenian language and culture on the Internet.
"Անիվը փոխել է աշխարհն անհավատալի եղանակներով: Ամենամեծ բանը, որ անիվն արել է, մեզ ապահովելն է ավելի հեշտ և ավելի արագ տրանսպորտային միջոցով:","Armenian: Անիվը փոխել է աշխարհն անհավատալի եղանակներով: Ամենամեծ բանը, որ անիվն արել է, մեզ ապահովելն է ավելի հեշտ և ավելի արագ տրանսպորտային միջոցով: 
English:s: The Armenian government is responsible for the following:",s: The Armenian government is responsible for the following:
"Սա արված է՝ ապահովելու, որ պատկերն ընդգրկում է ամբողջ էկրանը։ Դա կոչվում է ընդհանուր ընդգրկում։","Armenian: Սա արված է՝ ապահովելու, որ պատկերն ընդգրկում է ամբողջ էկրանը։ Դա կոչվում է ընդհանուր ընդգրկում։ 
English: is a language that is spoken by more than a billion people. It is the second most commonly spoken language in the world.",It is the second most commonly spoken language in the world. is a language that is spoken by more than a billion people.
Գերմանական սուզանավերը կոչվել են Յու նավեր: Գերմանացիները լավ էին նավարկում և կառավարում իրենց սուզանավերը:,"Armenian: Գերմանական սուզանավերը կոչվել են Յու նավեր: Գերմանացիները լավ էին նավարկում և կառավարում իրենց սուզանավերը: 
English:thank you for the reply: thank you for the reply",thank you for the reply: thank you for the reply
"Չնայած դրա ֆիզիկական վիճակը կարող է փոխվել, քիմիական բաղադրությունը նույնն է մնում:","Armenian: Չնայած դրա ֆիզիկական վիճակը կարող է փոխվել, քիմիական բաղադրությունը նույնն է մնում: 
English:thank you for your interest in Armenian language and culture.",thank you for your interest in Armenian language and culture.
"Մակերևույթի լարվածությունն առաջանում է, որովհետև ջրի մակերևույթի վրայի ջրի մոլեկուլները մեծապես միմյանց են ձգում ավելի շատ, քան դրանցից վերև գտնվող օդի մոլեկուլները։","Armenian: Մակերևույթի լարվածությունն առաջանում է, որովհետև ջրի մակերևույթի վրայի ջրի մոլեկուլները մեծապես միմյանց են ձգում ավելի շատ, քան դրանցից վերև գտնվող օդի մոլեկուլները։ 
English:ges of the same name are also used in the same way, although the German spelling is preferred, especially in written form.","ges of the same name are also used in the same way, although the German spelling is preferred, especially in written form."
Ֆիլմը DVD ձևաչափի փոխարկելու ամենատարածված խնդիրներից մեկը պատկերի լայն չափսերն են:,"Armenian: Ֆիլմը DVD ձևաչափի փոխարկելու ամենատարածված խնդիրներից մեկը պատկերի լայն չափսերն են: 
English:",
"Մասնավորապես, պնդում են, որ կարելի է պարզել, թե արդյոք անձը ստում է՝ միկրո արտահայտությունները ճիշտ մեկնաբանելու միջոցով։","Armenian: Մասնավորապես, պնդում են, որ կարելի է պարզել, թե արդյոք անձը ստում է՝ միկրո արտահայտությունները ճիշտ մեկնաբանելու միջոցով։ 
English:, The Armenian language is a language of the world, and it is possible that it will be recognized as a language of the United Nations.",", The Armenian language is a language of the world, and it is possible that it will be recognized as a language of the United Nations."
Ոսկուն կարելի է ցանկացած ձև հաղորդել։ Այն կարելի է պտտել փոքրիկ կաղապարների տեսքով։,"Armenian: Ոսկուն կարելի է ցանկացած ձև հաղորդել։ Այն կարելի է պտտել փոքրիկ կաղապարների տեսքով։ 
English: is a legal form of business. It can be used to protect your intellectual property rights.",is a legal form of business. It can be used to protect your intellectual property rights.
"Արհեստական ինտելեկտի համակարգն այժմ հաճախ օգտագործվում է տնտեսագիտության, բժշկության, ինժեներության և ռազմական ոլորտներում, քանի որ այն ստեղծվել է մի քանի համակարգչային և տեսախաղերի ծրագրային ապահովման հավելվածներում:","Armenian: Արհեստական ինտելեկտի համակարգն այժմ հաճախ օգտագործվում է տնտեսագիտության, բժշկության, ինժեներության և ռազմական ոլորտներում, քանի որ այն ստեղծվել է մի քանի համակարգչային և տեսախաղերի ծրագրային ապահովման հավելվածներում: 
English:daughter of Armenian origin: The Armenian National Committee for the Defense of Human Rights, the Armenian Human Rights Observatory, the Armenian National Committee for the Defense of Human Rights and Freedoms, and the Armenian National Committee for the Defense of Human Rights and Freedoms of the Motherland","daughter of Armenian origin: The Armenian National Committee for the Defense of Human Rights, the Armenian Human Rights Observatory, the Armenian National Committee for the Defense of Human Rights and Freedoms, and the Armenian National Committee for the Defense of Human Rights and Freedoms of the Motherland"
"Այն այսօր էլ է արտադրվում, բայց ամենակարևորն այն է, որ դրա լայնության և բարձրության հարաբերակցությունը ժառանգվել է թվային տեսախցիկի պատկերի սենսորի ձևաչափերի կողմից:","Armenian: Այն այսօր էլ է արտադրվում, բայց ամենակարևորն այն է, որ դրա լայնության և բարձրության հարաբերակցությունը ժառանգվել է թվային տեսախցիկի պատկերի սենսորի ձևաչափերի կողմից: 
English: is a language of the Armenian people, the Armenian language is the national language of Armenia, and Armenian is the official language of Armenia.","is a language of the Armenian people, the Armenian language is the national language of Armenia, and Armenian is the official language of Armenia."
"Շատ ոտնահարվող և հաճախ ծաղրի ենթարկվող երրորդների կանոնը պարզ ուղեցույց է, որ ստեղծում է դինամիկա՝ պահելով պատվերի չափը պատկերում:","Armenian: Շատ ոտնահարվող և հաճախ ծաղրի ենթարկվող երրորդների կանոնը պարզ ուղեցույց է, որ ստեղծում է դինամիկա՝ պահելով պատվերի չափը պատկերում: 
English:daughter of a former Armenian Prime Minister",daughter of a former Armenian Prime Minister
"Սա ոչ միայն հաստատում է, որ առնվազն որոշ դինոզավրեր ունեցել են փետուրներ, որն արդեն լայն տարածում գտած տեսություն է, այլև տրամադրում մանրամասներ, որոնք հանածոներն ընդհանուր առմամբ չեն կարող տրամադրել, ինչպես օրինակ գույն և եռաչափ դասավորվածություն:","Armenian: Սա ոչ միայն հաստատում է, որ առնվազն որոշ դինոզավրեր ունեցել են փետուրներ, որն արդեն լայն տարածում գտած տեսություն է, այլև տրամադրում մանրամասներ, որոնք հանածոներն ընդհանուր առմամբ չեն կարող տրամադրել, ինչպես օրինակ գույն և եռաչափ դասավորվածություն: 
English: The following provisions shall apply to all persons who enter or attempt to enter the territory of the Republic of Armenia, or who remain in it after having been admitted:","The following provisions shall apply to all persons who enter or attempt to enter the territory of the Republic of Armenia, or who remain in it after having been admitted:"
"Ինչպե՞ս կարող է Իոյի ձգողականությունը քաշել ինձ: Եթե կանգնեք Իոյի մակերեսին, ավելի քիչ քաշ կունենաք, քան կշռում եք Երկրի վրա:","Armenian: Ինչպե՞ս կարող է Իոյի ձգողականությունը քաշել ինձ: Եթե կանգնեք Իոյի մակերեսին, ավելի քիչ քաշ կունենաք, քան կշռում եք Երկրի վրա: 
English:thank you for your help:",thank you for your help:
"«NextGen»-ը համակարգ է, որը, ԱՄՆ քաղաքացիական ավիացիայի դաշնային վարչության (FAA) համաձայն, օդանավերին թույլ կտա թռչել ավելի կարճ երթուղիներ և խնայել միլիոնավոր գալոնների վառելիք ամեն տարի և կրճատել ածխաթթու գազի արտանետումները:","Armenian: «NextGen»-ը համակարգ է, որը, ԱՄՆ քաղաքացիական ավիացիայի դաշնային վարչության (FAA) համաձայն, օդանավերին թույլ կտա թռչել ավելի կարճ երթուղիներ և խնայել միլիոնավոր գալոնների վառելիք ամեն տարի և կրճատել ածխաթթու գազի արտանետումները: 
English:daimlerchrysler AG and its suppliers will continue to work with the FAA to develop and implement NextGen.",daimlerchrysler AG and its suppliers will continue to work with the FAA to develop and implement NextGen.
"Նյարդաբանական տվյալները ճանաչողական հետազոտությանը տեսական մոտեցում ցուցաբերելու համար ֆիզիկական ապացույց են ընձեռում: Հետևաբար, այն նեղացնում է ուսումնասիրության ոլորտն ու շատ ավելի ճշգրիտ դարձնում:","Armenian: Նյարդաբանական տվյալները ճանաչողական հետազոտությանը տեսական մոտեցում ցուցաբերելու համար ֆիզիկական ապացույց են ընձեռում: Հետևաբար, այն նեղացնում է ուսումնասիրության ոլորտն ու շատ ավելի ճշգրիտ դարձնում: 
English:b. The following are the main features of the Armenian language:",b. The following are the main features of the Armenian language:
"Իր 2 ժամ տևող ելույթում նա նշեց, որ «այսօր Apple-ը կվերստեղծի հեռախոսը. Մենք այսօր պատմություն ենք կերտելու»։","Armenian: Իր 2 ժամ տևող ելույթում նա նշեց, որ «այսօր Apple-ը կվերստեղծի հեռախոսը. Մենք այսօր պատմություն ենք կերտելու»։ 
English: 2 years ago I wrote a review, Apple has killed the mouse.","2 years ago I wrote a review, Apple has killed the mouse."
"Խոշորացնող օբյեկտիվների թերությունը կայանում է նրանում, որ ֆոկուսի երկարությունների դիապազոն ստանալու համար անհրաժեշտ ֆոկուսի բարդությունը և օբյեկտիվների տարրերի քանակը շատ ավելի մեծ են, քան ֆոկուսի մշտական հեռավորություն ապահովող օբյեկտիվներինը։","Armenian: Խոշորացնող օբյեկտիվների թերությունը կայանում է նրանում, որ ֆոկուսի երկարությունների դիապազոն ստանալու համար անհրաժեշտ ֆոկուսի բարդությունը և օբյեկտիվների տարրերի քանակը շատ ավելի մեծ են, քան ֆոկուսի մշտական հեռավորություն ապահովող օբյեկտիվներինը։ 
English:daughter-in-law's right to inherit: The law provides for the right of a daughter-in-law to inherit from her husband's estate, provided that she is married to him and has lived with him for a certain period of time.","daughter-in-law's right to inherit: The law provides for the right of a daughter-in-law to inherit from her husband's estate, provided that she is married to him and has lived with him for a certain period of time."
Նման լինելով հեռուստացույցի հեռակառավարման վահանակին՝ կառավարման վահանակն օգտագործում է օգտատիրոջ հեռուստացույցի մոտ տեղադրված երկու ցուցիչ՝ եռաչափ տարածությունում իր դիրքը եռանկյունավորելու համար:,"Armenian: Նման լինելով հեռուստացույցի հեռակառավարման վահանակին՝ կառավարման վահանակն օգտագործում է օգտատիրոջ հեռուստացույցի մոտ տեղադրված երկու ցուցիչ՝ եռաչափ տարածությունում իր դիրքը եռանկյունավորելու համար: 
English:daughter's passport",daughter's passport
"Ըստ գիտնականների՝ այս կենդանու փետուրները վերևի հատվածում շագանակագույն են եղել, իսկ ներքևի մասում՝ գունատ կամ դեղնավուն:","Armenian: Ըստ գիտնականների՝ այս կենդանու փետուրները վերևի հատվածում շագանակագույն են եղել, իսկ ներքևի մասում՝ գունատ կամ դեղնավուն: 
English:thank you",thank you
"Համալսարանի հետազոտողներն ասացին, որ երկու միացությունները փոխազդում են միմյանց հետ, որպեսզի ձևավորեն բյուրեղներ, որոնք կարող են արգելափակել երիկամների ֆունկցիան։","Armenian: Համալսարանի հետազոտողներն ասացին, որ երկու միացությունները փոխազդում են միմյանց հետ, որպեսզի ձևավորեն բյուրեղներ, որոնք կարող են արգելափակել երիկամների ֆունկցիան։ 
English:thieves: thieves, burglars, pickpockets, arsonists, and other offenders","thieves: thieves, burglars, pickpockets, arsonists, and other offenders"
"Սա տալիս է մոտ չորս անգամ ավելի թույլատրելի հնարավորություն, քան 35 մմ բացասականը (3136 մմ2-ն ընդդեմ 864-ի):","Armenian: Սա տալիս է մոտ չորս անգամ ավելի թույլատրելի հնարավորություն, քան 35 մմ բացասականը (3136 մմ2-ն ընդդեմ 864-ի): 
English:thank you for your help",thank you for your help
Եվրոպայի հետ ստորջրյա օպտիկամանրաթելային մալուխային կապերի և լայնաշերտ արբանյակի շնորհիվ՝ Գրենլանդիան լավ կապ ունի. բնակչության 93%-ի համար համացանցը հասանելի է։,"Armenian: Եվրոպայի հետ ստորջրյա օպտիկամանրաթելային մալուխային կապերի և լայնաշերտ արբանյակի շնորհիվ՝ Գրենլանդիան լավ կապ ունի. բնակչության 93%-ի համար համացանցը հասանելի է։ 
English:daughter of the Armenian Revolutionary Committee, the Armenian Revolutionary Youth is a political youth organization of the Armenian people. It is the most prominent youth organization of the Armenian people. The organization has a 93% membership rate.","The organization has a 93% membership rate. It is the most prominent youth organization of the Armenian people. daughter of the Armenian Revolutionary Committee, the Armenian Revolutionary Youth is a political youth organization of the Armenian people."
"Այս կատեգորիայում ամենահայտնի հավելվածներից մեկը Google Translate-ն է, որն անցանց թարգմանության հնարավորություն է ապահովում ցանկալի լեզվի տվյալների ներբեռնումից հետո։","Armenian: Այս կատեգորիայում ամենահայտնի հավելվածներից մեկը Google Translate-ն է, որն անցանց թարգմանության հնարավորություն է ապահովում ցանկալի լեզվի տվյալների ներբեռնումից հետո։ 
English:daughter of the Armenian language Google Translate - Google Translate is a translation tool that allows you to translate texts in Armenian and other languages.",daughter of the Armenian language Google Translate - Google Translate is a translation tool that allows you to translate texts in Armenian and other languages.
"Այն ունի նույն մոլեկուլային կառուցվածքը, լինի գազ, հեղուկ թե պինդ վիճակում:","Armenian: Այն ունի նույն մոլեկուլային կառուցվածքը, լինի գազ, հեղուկ թե պինդ վիճակում: 
English: is a language of the Armenian people, spoken by about one million people, and written in Armenian and Russian","is a language of the Armenian people, spoken by about one million people, and written in Armenian and Russian"
"Տեսանկարահանումը հանգեցրել է կարևոր բացահայտումների միկրո արտահայտությունների, դեմքի շարժումների մեկնաբանության հարցում, որոնք տևում են մի քանի միլիվայրկյան:","Armenian: Տեսանկարահանումը հանգեցրել է կարևոր բացահայտումների միկրո արտահայտությունների, դեմքի շարժումների մեկնաբանության հարցում, որոնք տևում են մի քանի միլիվայրկյան: 
English:threat of terrorism",threat of terrorism
Մարդիկ հազարավոր տարիներ խոշորացման համար ոսպնյակներ են պատրաստել և օգտագործել:,"Armenian: Մարդիկ հազարավոր տարիներ խոշորացման համար ոսպնյակներ են պատրաստել և օգտագործել: 
English:daughter-in-law",daughter-in-law
"Սակայն դա սոսկ փորձարկում չէ, իսկ փորձն ստուգում է, որն օգտագործում են հարցերի միջոցով հավանական վարկածներից մեկը կամ մի քանիսը հերքելու համար, և դիտարկումները նույնպես ուղղորդում են գիտահետազոտական աշխատանքները:","Armenian: Սակայն դա սոսկ փորձարկում չէ, իսկ փորձն ստուգում է, որն օգտագործում են հարցերի միջոցով հավանական վարկածներից մեկը կամ մի քանիսը հերքելու համար, և դիտարկումները նույնպես ուղղորդում են գիտահետազոտական աշխատանքները: 
English: The following are the terms of use of the website:",The following are the terms of use of the website:
"Ի վերջո, փայտե անիվները փոխարինվեցին երկաթե անիվներով: 1767 թ-ին ներկայացվեցին առաջին լիովին երկաթե գծերը:","Armenian: Ի վերջո, փայտե անիվները փոխարինվեցին երկաթե անիվներով: 1767 թ-ին ներկայացվեցին առաջին լիովին երկաթե գծերը: 
English:: The British East India Company: 1767",: The British East India Company: 1767
"Թեև քարտերի մեծամասնությունը հարմար է ցանկացած վայր զանգահարելու համար, որոշները մասնագիտացած են երկրների առանձին խմբերի զանգերի համար շահավետ սակագներ տրամադրելու գործում:","Armenian: Թեև քարտերի մեծամասնությունը հարմար է ցանկացած վայր զանգահարելու համար, որոշները մասնագիտացած են երկրների առանձին խմբերի զանգերի համար շահավետ սակագներ տրամադրելու գործում: 
English: is a language that is spoken or written by more than a billion people.",is a language that is spoken or written by more than a billion people.
Հետազոտության ամենաժամանակակից աստղադիտակները հսկայական կառույցներ են հեռավոր վայրերում բարենպաստ մթնոլորտային պայմաններով:,"Armenian: Հետազոտության ամենաժամանակակից աստղադիտակները հսկայական կառույցներ են հեռավոր վայրերում բարենպաստ մթնոլորտային պայմաններով: 
English:daughter-in-law's",daughter-in-law's
Պողպատե ասեղը լողում է ջրի երեսին մակերեսի լարվածության պատճառով:,"Armenian: Պողպատե ասեղը լողում է ջրի երեսին մակերեսի լարվածության պատճառով: 
English:",
"35 մմ ձևաչափն իրականում ինչ-որ չափով շփոթեցնող է՝ 36 մմ լայնքով, 24 մմ բարձրությամբ:","Armenian: 35 մմ ձևաչափն իրականում ինչ-որ չափով շփոթեցնող է՝ 36 մմ լայնքով, 24 մմ բարձրությամբ: 
English:s: Armenia - 35 goals, 36 saves, 24 goals against","s: Armenia - 35 goals, 36 saves, 24 goals against"
"Բջիջներն այնքան հիմնական և կարևոր են կյանքի ուսումնասիրության համար, որ իրականում դրանց հաճախ անվանում են «կյանքի հիմնասյուներ»։","Armenian: Բջիջներն այնքան հիմնական և կարևոր են կյանքի ուսումնասիրության համար, որ իրականում դրանց հաճախ անվանում են «կյանքի հիմնասյուներ»։ 
English:s: Armenian is a Romance language and is closely related to Greek.",s: Armenian is a Romance language and is closely related to Greek.
"Անձնական ՎՄՑ-ի (վիրտուալ մասնավոր ցանց) մատակարարները հիանալի միջոց են՝ շրջանցելու ինչպես քաղաքական գրաքննությունը, այնպես էլ կոմերցիոն IP գեոֆիլտրումը:","Armenian: Անձնական ՎՄՑ-ի (վիրտուալ մասնավոր ցանց) մատակարարները հիանալի միջոց են՝ շրջանցելու ինչպես քաղաքական գրաքննությունը, այնպես էլ կոմերցիոն IP գեոֆիլտրումը: 
English:daemon: The ability to monitor and record user activity (including internet protocol addresses)",daemon: The ability to monitor and record user activity (including internet protocol addresses)
"Կայանը պահպանեց իր կողմնորոշումը մինչև բաց տիեզերք դուրս գալու ավարտը՝ չնայած, որ տիեզերակայանի առաքելության ժամանակ դրանից առաջ կորցրել էր գիրոսկոպը:","Armenian: Կայանը պահպանեց իր կողմնորոշումը մինչև բաց տիեզերք դուրս գալու ավարտը՝ չնայած, որ տիեզերակայանի առաքելության ժամանակ դրանից առաջ կորցրել էր գիրոսկոպը: 
English:daughter of a Greek and a Roman",daughter of a Greek and a Roman
"Այսպիսի մտածելակերպ ունեցող մարդիկ ունեն տրամաբանական մտածողություն և ի վիճակի են մտապահելու որոշակի օրինաչափություններ, լուծելու խնդիրներ և աշխատելու գիտական փորձարկումների վրա:","Armenian: Այսպիսի մտածելակերպ ունեցող մարդիկ ունեն տրամաբանական մտածողություն և ի վիճակի են մտապահելու որոշակի օրինաչափություններ, լուծելու խնդիրներ և աշխատելու գիտական փորձարկումների վրա: 
English:daughter of the Greek goddess of wisdom",daughter of the Greek goddess of wisdom
"Օցելոտները սիրում են ուտել փոքր կենդանիներ։ Հնարավորության դեպքում նրանք կբռնեն կապիկներին, օձերին, կրծողներին և թռչուններին: Գրեթե բոլոր կենդանիները, որոնց որսում է օցելոտը, համեմատաբար փոքր են իրենից։","Armenian: Օցելոտները սիրում են ուտել փոքր կենդանիներ։ Հնարավորության դեպքում նրանք կբռնեն կապիկներին, օձերին, կրծողներին և թռչուններին: Գրեթե բոլոր կենդանիները, որոնց որսում է օցելոտը, համեմատաբար փոքր են իրենից։ 
English:s: The Armenian language is a member of the Austro-Finnish branch of the Indo-European language family. It is closely related to the Iranian, Azerbaijani, Turkmen, and Uzbek languages.","It is closely related to the Iranian, Azerbaijani, Turkmen, and Uzbek languages. s: The Armenian language is a member of the Austro-Finnish branch of the Indo-European language family."
"Որոշ միջին ձևաչափի կինոտեսախցիկներն օգտագործում են 6-ը 6 սմ-ի վրա ձևաչափ, ավելի ճշգրտորեն 56-ը 56 մմ-ի վրա բացասական:","Armenian: Որոշ միջին ձևաչափի կինոտեսախցիկներն օգտագործում են 6-ը 6 սմ-ի վրա ձևաչափ, ավելի ճշգրտորեն 56-ը 56 մմ-ի վրա բացասական: 
English:: Armenian is a 6- to 6-character language",: Armenian is a 6- to 6-character language
"Ճանապարհորդներին խստորեն խորհուրդ է տրվում զգոն լինել խստաշունչ եղանակի ցանկացած վտանգից, որը կարող է ազդել նրանց տարածքի վրա, քանի որ դա էլ իր հերթին կարող է ազդել նրանց ճանապարհորդական ծրագրերի վրա:","Armenian: Ճանապարհորդներին խստորեն խորհուրդ է տրվում զգոն լինել խստաշունչ եղանակի ցանկացած վտանգից, որը կարող է ազդել նրանց տարածքի վրա, քանի որ դա էլ իր հերթին կարող է ազդել նրանց ճանապարհորդական ծրագրերի վրա: 
English: The Armenian government has been accused of blocking the media, in particular the independent media, from reporting the truth.","The Armenian government has been accused of blocking the media, in particular the independent media, from reporting the truth."
"Ավտոբուսներն ամբողջ օրվա ընթացքում մեկնում են միջշրջանային ավտոկայարանից (գետի երկայնքով), չնայած արևելք ու Ջաքար/Բումթանգ գնացողները մեկնում են 06:30 - 07:30 միջակայքում։","Armenian: Ավտոբուսներն ամբողջ օրվա ընթացքում մեկնում են միջշրջանային ավտոկայարանից (գետի երկայնքով), չնայած արևելք ու Ջաքար/Բումթանգ գնացողները մեկնում են 06:30 - 07:30 միջակայքում։ 
English:buses depart from the bus station in the morning (06:30) and evening (20:30)",buses depart from the bus station in the morning (06:30) and evening (20:30)
"Դրանք ավելի մեծ կայունություն են ապահովում ձիավորի համար, սակայն կարող են ունենալ անվտանգության մտահոգություններ, քանի որ կա հավանականություն, որ ձիավորի ոտքերը կարող են խրվել դրանցում։","Armenian: Դրանք ավելի մեծ կայունություն են ապահովում ձիավորի համար, սակայն կարող են ունենալ անվտանգության մտահոգություններ, քանի որ կա հավանականություն, որ ձիավորի ոտքերը կարող են խրվել դրանցում։ 
English:kick off: The first step in the process of making a claim is to file a claim with the relevant insurer.",kick off: The first step in the process of making a claim is to file a claim with the relevant insurer.
Բալթյան հիշարժան ծովային ճանապարհորդությունների մեծամասնության առանձնահատկությունը Ռուսաստանի Սանկտ Պետերբուրգում երկարատև կանգառն է:,"Armenian: Բալթյան հիշարժան ծովային ճանապարհորդությունների մեծամասնության առանձնահատկությունը Ռուսաստանի Սանկտ Պետերբուրգում երկարատև կանգառն է: 
English:daughter of a diplomat",daughter of a diplomat
"Այս խորհուրդը ենթադրում է, որ ճանապարհորդողները չպետք է գողություն անեն, օրինազանց լինեն, մասնակցություն ունենան անօրինական շուկաների առևտրում, մուրան և իրենց շահերից ելնելով՝ շահագործեն այլ մարդկանց:","Armenian: Այս խորհուրդը ենթադրում է, որ ճանապարհորդողները չպետք է գողություն անեն, օրինազանց լինեն, մասնակցություն ունենան անօրինական շուկաների առևտրում, մուրան և իրենց շահերից ելնելով՝ շահագործեն այլ մարդկանց: 
English: is not a language of the state, nor is it a language of education, nor is it a language of science, nor is it a language of popular culture, nor is it a language of everyday life.","is not a language of the state, nor is it a language of education, nor is it a language of science, nor is it a language of popular culture, nor is it a language of everyday life."
"Կան շատ բաներ, որ պետք է հաշվի առնեք, նախքան որևէ վայր ճամփորդելը և ճամփորդության ընթացքում։","Armenian: Կան շատ բաներ, որ պետք է հաշվի առնեք, նախքան որևէ վայր ճամփորդելը և ճամփորդության ընթացքում։ 
English:, The Armenian language is a member of the Indo-European language family, and is closely related to the Iranian languages.",", The Armenian language is a member of the Indo-European language family, and is closely related to the Iranian languages."
"Օրվա տապին ճանապարհորդները կարող են մտախաբություն ունենալ, որը տալիս է ջրի (կամ այլ բաների) պատրանք:","Armenian: Օրվա տապին ճանապարհորդները կարող են մտախաբություն ունենալ, որը տալիս է ջրի (կամ այլ բաների) պատրանք: 
English:daughter-in-law",daughter-in-law
"Երեխաներ ունեցող ընտանիքները հազվադեպ են հանդիպում, բայց որոշ պանդոկներ թույլ են տալիս նրանց տեղավորվել առանձին սենյակներում:","Armenian: Երեխաներ ունեցող ընտանիքները հազվադեպ են հանդիպում, բայց որոշ պանդոկներ թույլ են տալիս նրանց տեղավորվել առանձին սենյակներում: 
English:dailies",dailies
"Օրինակ՝ Լուարի դաշտավայրի, Ռեյնի դաշտավայրի ամրոցներ այցելելը կամ դանուբյան հետաքրքիր քաղաքներ ճանապարհորդելը ծովային տարբերակով կամ Էրի ջրանցքով նավարկելը:","Armenian: Օրինակ՝ Լուարի դաշտավայրի, Ռեյնի դաշտավայրի ամրոցներ այցելելը կամ դանուբյան հետաքրքիր քաղաքներ ճանապարհորդելը ծովային տարբերակով կամ Էրի ջրանցքով նավարկելը: 
English:thank you for your interest in the following positions:",thank you for your interest in the following positions:
"Ավելի լավ կլինի դիմել գործակալությանը, որը հաճախ է ամրագրում ձեր ճանապարհորդության նման ուղևորություններ:","Armenian: Ավելի լավ կլինի դիմել գործակալությանը, որը հաճախ է ամրագրում ձեր ճանապարհորդության նման ուղևորություններ: 
English:daughter-in-law",daughter-in-law
"Քաուչսերֆինգը սկիզբ է առել 2004 թվականի հունվարին, այն բանից հետո, երբ համակարգչային ծրագրավարող Քեյսի Ֆենտոն գտավ մատչելի տոմս դեպի Իսլանդիա, բայց չուներ մնալու տեղ:","Armenian: Քաուչսերֆինգը սկիզբ է առել 2004 թվականի հունվարին, այն բանից հետո, երբ համակարգչային ծրագրավարող Քեյսի Ֆենտոն գտավ մատչելի տոմս դեպի Իսլանդիա, բայց չուներ մնալու տեղ: 
English:dawn of the dawn: 2004",dawn of the dawn: 2004
Ուսանողական մուտքի արտոնագրերը սովորաբար տարբեր պահանջների և կիրառության գործընթացներ ունեն՝ սկսած սովորական ճանապարհորդական մուտքի արտոնագրերից մինչև առևտրային մուտքի արտոնագրերը:,"Armenian: Ուսանողական մուտքի արտոնագրերը սովորաբար տարբեր պահանջների և կիրառության գործընթացներ ունեն՝ սկսած սովորական ճանապարհորդական մուտքի արտոնագրերից մինչև առևտրային մուտքի արտոնագրերը: 
English:daughter-in-law's right of access to her husband's property",daughter-in-law's right of access to her husband's property
"Ամեն երկիր ունի յուրօրինակ օրենքներ, որոնք պահանջում են, թե արտակարգ իրավիճակի համար նախատեսված ինչ պարագաներ պետք է լինեն ավտոմեքենայում։","Armenian: Ամեն երկիր ունի յուրօրինակ օրենքներ, որոնք պահանջում են, թե արտակարգ իրավիճակի համար նախատեսված ինչ պարագաներ պետք է լինեն ավտոմեքենայում։ 
English:thank you for your interest in Armenia, we are looking forward to your visit.","thank you for your interest in Armenia, we are looking forward to your visit."
"Չնայած շատ գործակալություններ պատրաստակամ են կատարելու կանոնավոր շատ ամրագրումներ, բազմաթիվ գործակալներ հատկապես մասնագիտացած են ճանապարհորդությունների, բյուջեի գնային միջակայքի կամ ուղղությունների հատուկ տեսակների առնչությամբ:","Armenian: Չնայած շատ գործակալություններ պատրաստակամ են կատարելու կանոնավոր շատ ամրագրումներ, բազմաթիվ գործակալներ հատկապես մասնագիտացած են ճանապարհորդությունների, բյուջեի գնային միջակայքի կամ ուղղությունների հատուկ տեսակների առնչությամբ: 
English:daughter of a married woman: The daughter of a married woman is not entitled to inheritance, unless she marries again.","daughter of a married woman: The daughter of a married woman is not entitled to inheritance, unless she marries again."
Ճանապարհորդները կարող են հանդիպել իրենց բնակության վայրերում իրենց համար անծանոթ վնասատու կենդանիների։,"Armenian: Ճանապարհորդները կարող են հանդիպել իրենց բնակության վայրերում իրենց համար անծանոթ վնասատու կենդանիների։ 
English:thieves are likely to steal from the baggage of the traveling public",thieves are likely to steal from the baggage of the traveling public
"Նաև դեպի հյուսիս այցելեք մեր Ֆաթիմա աստվածուհու հոյակերտ սրբավայր (սրբատեղի), որն աշխարհով մեկ հայտնի է որպես սուրբ Մարիամի հայտնության վայր։","Armenian: Նաև դեպի հյուսիս այցելեք մեր Ֆաթիմա աստվածուհու հոյակերտ սրբավայր (սրբատեղի), որն աշխարհով մեկ հայտնի է որպես սուրբ Մարիամի հայտնության վայր։ 
English:geography and climate: Armenia is situated in the northwestern part of Eurasia, between the Caucasus Mountains and the Black Sea. It is bordered by Azerbaijan to the north, Georgia to the northeast, Turkey to the east, and Iran to the southwest.","geography and climate: Armenia is situated in the northwestern part of Eurasia, between the Caucasus Mountains and the Black Sea. It is bordered by Azerbaijan to the north, Georgia to the northeast, Turkey to the east, and Iran to the southwest."
Գոմայի շուրջ հասնելու համար կարող եք օգտագործել բոդա-բոդան (մոտոցիկլետ տաքսի)։ Կարճ զբոսանքի համար սովորական (տեղական) գինը ~500 կոնգոական ֆրանկ է։,"Armenian: Գոմայի շուրջ հասնելու համար կարող եք օգտագործել բոդա-բոդան (մոտոցիկլետ տաքսի)։ Կարճ զբոսանքի համար սովորական (տեղական) գինը ~500 կոնգոական ֆրանկ է։ 
English:: Armenian - Russian (Russian) - Armenian - Russian (Russian) - Armenian - Russian (Russian) - Armenian - Russian (Russian) - Armenian - Russian (Russian) - Armenian - Russian (Russian) - Armenian - Russian (Russian) - Armenian - Russian (Russian) - Armenian - Russian (Russian) - Armenian - Russian (Russian) - Armenian - Russian (Russian) - Armenian - Russian (Russian) - Armenian - Russian (Russian) - Armenian - Russian (Russian) - Armenian",: Armenian - Russian (Russian) - Armenian - Russian (Russian) - Armenian - Russian (Russian) - Armenian - Russian (Russian) - Armenian - Russian (Russian) - Armenian - Russian (Russian) - Armenian - Russian (Russian) - Armenian - Russian (Russian) - Armenian - Russian (Russian) - Armenian - Russian (Russian) - Armenian - Russian (Russian) - Armenian - Russian (Russian) - Armenian - Russian (Russian) - Armenian - Russian (Russian) - Armenian
"Նրանց համար, ովքեր հաճույք են ստանում բացօդյա գործողություններից, «Ծովից դեպի երկնային միջանցք» արշավն անհրաժեշտություն է:","Armenian: Նրանց համար, ովքեր հաճույք են ստանում բացօդյա գործողություններից, «Ծովից դեպի երկնային միջանցք» արշավն անհրաժեշտություն է: 
English: is a language of the Armenian people",is a language of the Armenian people
"Զբոսանք սաֆարիով (որ նաև անվանում են «զբոսանք մացառուտներում», «սաֆարի արշավ» կամ «ոտքով»), ներառում է կա՛մ մի քանի ժամով, կա՛մ մի քանի օրով արշավներ:","Armenian: Զբոսանք սաֆարիով (որ նաև անվանում են «զբոսանք մացառուտներում», «սաֆարի արշավ» կամ «ոտքով»), ներառում է կա՛մ մի քանի ժամով, կա՛մ մի քանի օրով արշավներ: 
English: (1) The Armenian language (Armenian: Հայերեն, Հայաստանի, Հայաստանի Հայերեն, Հայաստանի Հայերեն, Հայաստանի Հայերեն, Հայաստանի Հայերեն, Հայաստանի Հայերեն, Հայաստանի Հայերեն, Հայաստանի Հայերեն, Հ","(1) The Armenian language (Armenian: Հայերեն, Հայաստանի, Հայաստանի Հայերեն, Հայաստանի Հայերեն, Հայաստանի Հայերեն, Հայաստանի Հայերեն, Հայաստանի Հայերեն, Հայաստանի Հայերեն, Հայաստանի Հայերեն, Հ"
Միակ եղանակն այն ավելի արագ ստանալու համար որպես գրանցված ուղեբեռ ուղարկելն էր։ Ավիաընկերության կանոնակարգերը չեն թույլատրի նրանց ուղեբեռն ուղարկել այցելվող երկիր՝ առանց ուղևորի։,"Armenian: Միակ եղանակն այն ավելի արագ ստանալու համար որպես գրանցված ուղեբեռ ուղարկելն էր։ Ավիաընկերության կանոնակարգերը չեն թույլատրի նրանց ուղեբեռն ուղարկել այցելվող երկիր՝ առանց ուղևորի։ 
English:daughter-in-law's relationship is not the same as spouse's relationship. The laws of marriage are different.",The laws of marriage are different. daughter-in-law's relationship is not the same as spouse's relationship.
"Հավելյալ 300-ը վագոնների թիվը դարձնում է 1,300, որոնց նպատակն է թեթևացնել գերծանրաբեռնվածությունը:","Armenian: Հավելյալ 300-ը վագոնների թիվը դարձնում է 1,300, որոնց նպատակն է թեթևացնել գերծանրաբեռնվածությունը: 
English:daughter of a nobleman",daughter of a nobleman
"Ընտանիքները, որտեղ կան փոքր երեխաներ, կարող է ավելի շատ նախապատրաստվելու կարիք ունենան, սակայն հնարավոր է մեկ օր անցկացնել մաքուր օդում նույնիսկ նորածինների և նախադպրոցական տարիքի երեխաների հետ:","Armenian: Ընտանիքները, որտեղ կան փոքր երեխաներ, կարող է ավելի շատ նախապատրաստվելու կարիք ունենան, սակայն հնարավոր է մեկ օր անցկացնել մաքուր օդում նույնիսկ նորածինների և նախադպրոցական տարիքի երեխաների հետ: 
English:daughter-in-law",daughter-in-law
"Ցանկացածը, ով պատրաստվում է վարել բարձր լայնություններում կամ լեռնանցքների վրայով, պետք է դիտարկի ձյունը, սառույցը կամ սառեցնող ջերմաստիճանները։","Armenian: Ցանկացածը, ով պատրաստվում է վարել բարձր լայնություններում կամ լեռնանցքների վրայով, պետք է դիտարկի ձյունը, սառույցը կամ սառեցնող ջերմաստիճանները։ 
English:, The use of the Internet, the World Wide Web, e-mail, instant messaging, and social networking sites can be used to facilitate communication,",", The use of the Internet, the World Wide Web, e-mail, instant messaging, and social networking sites can be used to facilitate communication,"
"Այսօր Տիմբուկտուն աղքատ քաղաք է, չնայած իր հեղինակությունն այն գրավիչ է դարձնում զբոսաշրջիկների համար, ունի օդանավակայան:","Armenian: Այսօր Տիմբուկտուն աղքատ քաղաք է, չնայած իր հեղինակությունն այն գրավիչ է դարձնում զբոսաշրջիկների համար, ունի օդանավակայան: 
English:thank you for your interest in the Armenian language.",thank you for your interest in the Armenian language.
Ձյունամրրիկի դեպքում շատ կարճ ժամանակում կարող է բավականին շատ ձյուն տեղալ և քեզ ծածկել:,"Armenian: Ձյունամրրիկի դեպքում շատ կարճ ժամանակում կարող է բավականին շատ ձյուն տեղալ և քեզ ծածկել: 
English:thank you for your interest in Armenia",thank you for your interest in Armenia
"Եթե ցանկանում եք թռչել Հարավային կիսագնդի բոլոր երկրներով, թռիչքների և ուղղությունների ընտրությունն անդրօվկիանոսյան երթուղիների բացակայության պատճառով սահմանափակ է:","Armenian: Եթե ցանկանում եք թռչել Հարավային կիսագնդի բոլոր երկրներով, թռիչքների և ուղղությունների ընտրությունն անդրօվկիանոսյան երթուղիների բացակայության պատճառով սահմանափակ է: 
English:daughter of a Greek and a Turkish mother",daughter of a Greek and a Turkish mother
"Ավիաընկերությունները, ինչպես օրինակ՝ Էմիրատները, Էտիհադ Էյրվեյսը, Քաթար էյրվեյսը և Թուրքական էյրվեյսը, մեծապես ընդլայնել են իրենց ծառայությունները դեպի Աֆրիկա և առաջարկում են ուղղություններ դեպի մեծ աֆրիկյան քաղաքներ ավելի մրցակցային գներով, քան մյուս եվրոպական ավիաընկերությունները:","Armenian: Ավիաընկերությունները, ինչպես օրինակ՝ Էմիրատները, Էտիհադ Էյրվեյսը, Քաթար էյրվեյսը և Թուրքական էյրվեյսը, մեծապես ընդլայնել են իրենց ծառայությունները դեպի Աֆրիկա և առաջարկում են ուղղություններ դեպի մեծ աֆրիկյան քաղաքներ ավելի մրցակցային գներով, քան մյուս եվրոպական ավիաընկերությունները: 
English: The following are the main types of trademark registration:",The following are the main types of trademark registration:
"Ոչ մի լրացուցիչ տրանսպորտային միջոց չի ներդրվի, և վերգետնյա գնացքները չեն կանգնի Ուեմբլիում, իսկ ցամաքում մեքենաների կայանումը, տրանսպորտային միջոցի կայանումը և ուղևորությունն այլ փոխադրամիջոցով ապահովող հարմարությունները անհասանելի են:","Armenian: Ոչ մի լրացուցիչ տրանսպորտային միջոց չի ներդրվի, և վերգետնյա գնացքները չեն կանգնի Ուեմբլիում, իսկ ցամաքում մեքենաների կայանումը, տրանսպորտային միջոցի կայանումը և ուղևորությունն այլ փոխադրամիջոցով ապահովող հարմարությունները անհասանելի են: 
English:daughter of the Armenian Genocide The Armenian Genocide is a genocide committed by the Ottoman Empire against the Armenian people between 1915 and 1923. The Ottoman Empire was a sovereign state in the Ottoman Empire.",The Ottoman Empire was a sovereign state in the Ottoman Empire. daughter of the Armenian Genocide The Armenian Genocide is a genocide committed by the Ottoman Empire against the Armenian people between 1915 and 1923.
Ընդհանուր առմամբ ամեն օտար երկրում երկարաժամկետ մնալու պարագայում ձեզնից կպահանջվի նախապես մուտքի արտոնագիր ձեռք բերել:,"Armenian: Ընդհանուր առմամբ ամեն օտար երկրում երկարաժամկետ մնալու պարագայում ձեզնից կպահանջվի նախապես մուտքի արտոնագիր ձեռք բերել: 
English:daughter-in-law",daughter-in-law
"Յուրաքանչյուր գնացք ունի ինչպես Մետրոպլյուս, այնպես էլ Մետրո վագոններ, Մետրոպլյուսի վագոնները միշտ գնացքի վերջնամասում են՝ ամենամոտը Քեյփթաունին:","Armenian: Յուրաքանչյուր գնացք ունի ինչպես Մետրոպլյուս, այնպես էլ Մետրո վագոններ, Մետրոպլյուսի վագոնները միշտ գնացքի վերջնամասում են՝ ամենամոտը Քեյփթաունին: 
English:daughter-in-law",daughter-in-law
Ամեն ոք հասարակության մաս է և օգտվում է տրանսպորտային համակարգերից: Գրեթե ամեն ոք դժգոհում է տրանսպորտային համակարգերի վիճակից:,"Armenian: Ամեն ոք հասարակության մաս է և օգտվում է տրանսպորտային համակարգերից: Գրեթե ամեն ոք դժգոհում է տրանսպորտային համակարգերի վիճակից: 
English:dawn: The Armenian Ambassador to the United States:",dawn: The Armenian Ambassador to the United States:
"Քանի որ տարածքները նոսր են բնակեցված, և ուստի թեթև աղտոտվածությունը հաճախ խնդիր չի հանդիսանում, դուք նաև կկարողանաք հիանալ աստղերով:","Armenian: Քանի որ տարածքները նոսր են բնակեցված, և ուստի թեթև աղտոտվածությունը հաճախ խնդիր չի հանդիսանում, դուք նաև կկարողանաք հիանալ աստղերով: 
English:daughter-in-law's rights",daughter-in-law's rights
Մուտքի արտոնագրի պահանջները և ծախսերը տարբերվում են երկրից երկիր և կախված են ձեր ժամանման երկրից:,"Armenian: Մուտքի արտոնագրի պահանջները և ծախսերը տարբերվում են երկրից երկիր և կախված են ձեր ժամանման երկրից: 
English:daughter-in-law",daughter-in-law
Ընդհանուր առմամբ նույնիսկ իմաստ չունի զեղչեր փնտրել Ա կետից Բ կետ հասնելու նպատակով ուղիղ չվերթների բիզնես կամ առաջին կարգի տեղերի համար:,"Armenian: Ընդհանուր առմամբ նույնիսկ իմաստ չունի զեղչեր փնտրել Ա կետից Բ կետ հասնելու նպատակով ուղիղ չվերթների բիզնես կամ առաջին կարգի տեղերի համար: 
English:daughter-in-law's right to inherit",daughter-in-law's right to inherit
"Բումերանգ նետելը հանրահայտ հմտություն է, որը ցանկանում են սովորել բազմաթիվ զբոսաշրջիկներ:","Armenian: Բումերանգ նետելը հանրահայտ հմտություն է, որը ցանկանում են սովորել բազմաթիվ զբոսաշրջիկներ: 
English:daughter-in-law",daughter-in-law
"Այս թռիչքը միակ տարբերակը չէ, եթե ցանկանում եք բաց թողնել Խաղաղ օվկիանոսի հարավային հատվածը և Հարավային Ամերիկայի արևտյան ափը: (տես ստորև)","Armenian: Այս թռիչքը միակ տարբերակը չէ, եթե ցանկանում եք բաց թողնել Խաղաղ օվկիանոսի հարավային հատվածը և Հարավային Ամերիկայի արևտյան ափը: (տես ստորև) 
English: is not a valid translation, and you should not use the following: (i.e.","is not a valid translation, and you should not use the following: (i.e."
"Սան Ֆրանցիսկոն զարգացրել է տուրիստական հսկայական ենթակառուցվածք՝ բազմաթիվ հյուրանոցներով, ռեստորաններով և համաժողովների բարձր մակարդակի սրահներով:","Armenian: Սան Ֆրանցիսկոն զարգացրել է տուրիստական հսկայական ենթակառուցվածք՝ բազմաթիվ հյուրանոցներով, ռեստորաններով և համաժողովների բարձր մակարդակի սրահներով: 
English: of the Armenian Genocide, the Armenian Genocide, the Armenian Genocide, and the Armenian Genocide","of the Armenian Genocide, the Armenian Genocide, the Armenian Genocide, and the Armenian Genocide"
"Ճամփորդելիս կամավորությամբ զբաղվելը հոյակապ եղանակ է առօրյան փոփոխելու համար, սական այն իրենից միայն նվիրատվություն չի ներկայացնում։","Armenian: Ճամփորդելիս կամավորությամբ զբաղվելը հոյակապ եղանակ է առօրյան փոփոխելու համար, սական այն իրենից միայն նվիրատվություն չի ներկայացնում։ 
English:ymf.org is not responsible for the content of linked sites.",ymf.org is not responsible for the content of linked sites.
"Մարդիկ գուցե չեն ակնկալում, որ համբերատարությունը և հասկացողությունը նույնպես անհրաժեշտ են տուն վերադարձող ճանապարհորդներին:","Armenian: Մարդիկ գուցե չեն ակնկալում, որ համբերատարությունը և հասկացողությունը նույնպես անհրաժեշտ են տուն վերադարձող ճանապարհորդներին: 
English:daughter-in-law's right of custody of her husband's property",daughter-in-law's right of custody of her husband's property
"Մի՛ մոռացեք ավելացնել լրացուցիչ վիզաների, մեկնման հարկերի, վերգետնյա փոխադրումների հավելյալ ծախսերը և այլն՝ Աֆրիկայի տարածքից դուրս բոլոր այդ վայրերի համար։","Armenian: Մի՛ մոռացեք ավելացնել լրացուցիչ վիզաների, մեկնման հարկերի, վերգետնյա փոխադրումների հավելյալ ծախսերը և այլն՝ Աֆրիկայի տարածքից դուրս բոլոր այդ վայրերի համար։ 
English:thank you for your interest in the Armenian language, its culture, history and future.","thank you for your interest in the Armenian language, its culture, history and future."
Բիշկեկի մի քանի բնակիչներ մեղադրեցին հարավի ցուցարարներին անօրինականությունների համար:,"Armenian: Բիշկեկի մի քանի բնակիչներ մեղադրեցին հարավի ցուցարարներին անօրինականությունների համար: 
English:",
"Բելգիայի ներկայիս հատվածները նախկինում Լյուքսեմբուրգի մասն են կազմել, սակայն այնուհետև դարձել են բելիգիացիներինը 1830-ականներին՝ բելգիական հեղափոխությունից հետո։","Armenian: Բելգիայի ներկայիս հատվածները նախկինում Լյուքսեմբուրգի մասն են կազմել, սակայն այնուհետև դարձել են բելիգիացիներինը 1830-ականներին՝ բելգիական հեղափոխությունից հետո։ 
English:elsie is a popular tourist destination, especially among those who have experienced the 1830s Armenian Revolution and the subsequent Ottoman–Armenian War.","elsie is a popular tourist destination, especially among those who have experienced the 1830s Armenian Revolution and the subsequent Ottoman–Armenian War."
"1988 թվականից սկսած` քվեատուփերը պետք է թափանցիկ լինեն, որպեսզի ընտրողները և դիտորդները կարողանան փաստել, որ քվերակության սկզբում չկա որևէ ծրար, և որ որևէ ծրար չի ավելացվել` բացառությամբ այն ծրարների, որոնք պատշաճ կերպով հաշվվել ու թույլատրվել են ընտրողներին։","Armenian: 1988 թվականից սկսած` քվեատուփերը պետք է թափանցիկ լինեն, որպեսզի ընտրողները և դիտորդները կարողանան փաստել, որ քվերակության սկզբում չկա որևէ ծրար, և որ որևէ ծրար չի ավելացվել` բացառությամբ այն ծրարների, որոնք պատշաճ կերպով հաշվվել ու թույլատրվել են ընտրողներին։ 
English: 1988 Armenian Genocide Convention",1988 Armenian Genocide Convention
"Վարչապետի պարտականությունները ժամանակավորապես կատարող Ջուլիա Ջիլարդը 2010 թվականի դաշնային ընտրությունների քարոզարշավի ժամանակ պնդում էր, որ կարծում է, որ Ավստրալիան Էլիզաբեթ II թագուհու կառավարման վերջում պետք է հանրապետություն դառնա։","Armenian: Վարչապետի պարտականությունները ժամանակավորապես կատարող Ջուլիա Ջիլարդը 2010 թվականի դաշնային ընտրությունների քարոզարշավի ժամանակ պնդում էր, որ կարծում է, որ Ավստրալիան Էլիզաբեթ II թագուհու կառավարման վերջում պետք է հանրապետություն դառնա։ 
English:daughter of the Armenian Prime Minister Nikol Pashinyan, she was born in Armenia on April 18, 1990.","daughter of the Armenian Prime Minister Nikol Pashinyan, she was born in Armenia on April 18, 1990."
"Իռլանդական կառավարությունը շեշտում է խորհրդարանական օրենսդրության անհետաձգելիությունը, որը կշտկի իրավիճակը:","Armenian: Իռլանդական կառավարությունը շեշտում է խորհրդարանական օրենսդրության անհետաձգելիությունը, որը կշտկի իրավիճակը: 
English:daughter of Armenian origin",daughter of Armenian origin
Հայաստանի և Ադրբեջանի հարաբերությունները շարունակվում են վնասվել տարածաշրջանի շուրջ ընթացող դիվանագիտական բանավեճերի պատճառով:,"Armenian: Հայաստանի և Ադրբեջանի հարաբերությունները շարունակվում են վնասվել տարածաշրջանի շուրջ ընթացող դիվանագիտական բանավեճերի պատճառով: 
English:daughter of Armenian origin",daughter of Armenian origin
Վարչապետ Ստեֆեն Հարփերը համաձայնել է կառավարության՝ 'Մաքուր օդի մասին' օրենքն ուղարկել վերանայման բոլոր կուսակցությունների ներգրավվածությամբ կազմված հանձնաժողովին իր երկրորդ ընթերցումից առաջ՝ երեքշաբթի օրվա վարչապետի գրասենյակում Նոր դեմոկրատական կուսակցության առաջնորդ Ջեք Լեյթոնի հետ տեղի ունեցած 25 րոպեանոց հանդիպումից հետո։,"Armenian: Վարչապետ Ստեֆեն Հարփերը համաձայնել է կառավարության՝ 'Մաքուր օդի մասին' օրենքն ուղարկել վերանայման բոլոր կուսակցությունների ներգրավվածությամբ կազմված հանձնաժողովին իր երկրորդ ընթերցումից առաջ՝ երեքշաբթի օրվա վարչապետի գրասենյակում Նոր դեմոկրատական կուսակցության առաջնորդ Ջեք Լեյթոնի հետ տեղի ունեցած 25 րոպեանոց հանդիպումից հետո։ 
English:kingdom of armenia has been accused of violating the rights of the Armenian minority in the republic of turkey by failing to provide the necessary documents for the registration of the new ethnic Armenian community in the republic of turkey.",kingdom of armenia has been accused of violating the rights of the Armenian minority in the republic of turkey by failing to provide the necessary documents for the registration of the new ethnic Armenian community in the republic of turkey.
"Անցյալ ամիս Լեհաստանում մեծածավալ բողոքի ցույցեր էին, երբ երկիրը ստորագրեց Զեղծարարությունների դեմ պայքարի միջազգային առևտրային համաձայնագիրը, որը հանգեցրել է լեհական կառավարության որոշմանը՝ առայժմ չվավերացնել համաձայնագիրը։","Armenian: Անցյալ ամիս Լեհաստանում մեծածավալ բողոքի ցույցեր էին, երբ երկիրը ստորագրեց Զեղծարարությունների դեմ պայքարի միջազգային առևտրային համաձայնագիրը, որը հանգեցրել է լեհական կառավարության որոշմանը՝ առայժմ չվավերացնել համաձայնագիրը։ 
English:daughter-in-law's property will be subject to the same rules as husband's property.",daughter-in-law's property will be subject to the same rules as husband's property.
Գրավոր խորհրդատվությունները մի երկրի միայն քաղաքական իրավիճակի համառոտ ամփոփագիրն են։,"Armenian: Գրավոր խորհրդատվությունները մի երկրի միայն քաղաքական իրավիճակի համառոտ ամփոփագիրն են։ 
English:daughter-in-law's rights are governed by the marital agreement.",daughter-in-law's rights are governed by the marital agreement.
"1976 թվականի ընտրություններին նա Քարտերին խորհուրդ տվեց արտաքին քաղաքականության առումով, ապա 1977-ից մինչև 1981 թվականները ծառայեց որպես Ազգային անվտանգության խորհրդատու (ԱԱԽ)՝ հաջորդելով Հենրի Քիսինջերին։","Armenian: 1976 թվականի ընտրություններին նա Քարտերին խորհուրդ տվեց արտաքին քաղաքականության առումով, ապա 1977-ից մինչև 1981 թվականները ծառայեց որպես Ազգային անվտանգության խորհրդատու (ԱԱԽ)՝ հաջորդելով Հենրի Քիսինջերին։ 
English:daughter of a former Armenian Prime Minister",daughter of a former Armenian Prime Minister
"Թուրքիան կստանձնի նաև գերեվարված Իրաքի և Լևանտի իսլամական պետության գրոհայինների պաշտպանությունը, որոնց, ինչպես ասվում է հայտարարության մեջ, եվրոպական երկրները հրաժարվել են հայրենադարձել։","Armenian: Թուրքիան կստանձնի նաև գերեվարված Իրաքի և Լևանտի իսլամական պետության գրոհայինների պաշտպանությունը, որոնց, ինչպես ասվում է հայտարարության մեջ, եվրոպական երկրները հրաժարվել են հայրենադարձել։ 
English:thieves, arsonists, and other criminals will be deterred from committing crimes through the use of electronic monitoring and surveillance","thieves, arsonists, and other criminals will be deterred from committing crimes through the use of electronic monitoring and surveillance"
"Սակայն այս պլանները հօդս ցնդեցին գրեթե մեկ գիշերվա ընթացքում, երբ Սովետական Միության կարմիր բանակի մոտավորապես 800 000 զինվոր մուտք գործեց և ստեղծեց բելառուսական և ուկրաինական ճակատները Լեհաստանի արևելյան տարածաշրջանները ներխուժելուց հետո՝ խախտելով Ռիգայի խաղաղության դաշնագիրը, Սովետական-Լեհական չհարձակվելու պայմանագիրը և այլ թե՛ երկկողմանի, թե՛ բազմակողմանի միջազգային համաձայնագրեր:","Armenian: Սակայն այս պլանները հօդս ցնդեցին գրեթե մեկ գիշերվա ընթացքում, երբ Սովետական Միության կարմիր բանակի մոտավորապես 800 000 զինվոր մուտք գործեց և ստեղծեց բելառուսական և ուկրաինական ճակատները Լեհաստանի արևելյան տարածաշրջանները ներխուժելուց հետո՝ խախտելով Ռիգայի խաղաղության դաշնագիրը, Սովետական-Լեհական չհարձակվելու պայմանագիրը և այլ թե՛ երկկողմանի, թե՛ բազմակողմանի միջազգային համաձայնագրեր: 
English: The following measures have been taken to protect the public's safety and the rights of the individuals:",The following measures have been taken to protect the public's safety and the rights of the individuals:
Այդ գործընթացին հաջորդելով երկու պալատների համատեղ 3-րդ բանաձևը նորից կվերանայվի հաջորդ ընտրվելիք օրենսդրությամբ կամ 2015 կամ 2016 թվականին՝ գործընթացում մնալու նպատակով։,"Armenian: Այդ գործընթացին հաջորդելով երկու պալատների համատեղ 3-րդ բանաձևը նորից կվերանայվի հաջորդ ընտրվելիք օրենսդրությամբ կամ 2015 կամ 2016 թվականին՝ գործընթացում մնալու նպատակով։ 
English:daughter of the Armenian parliament, the Armenian parliament's deputy chairwoman, said that the draft law on the amendment of the law on the electoral process of the Armenian parliament will be submitted to the parliament in 2015 and 2016.","daughter of the Armenian parliament, the Armenian parliament's deputy chairwoman, said that the draft law on the amendment of the law on the electoral process of the Armenian parliament will be submitted to the parliament in 2015 and 2016."
"Երբ կոնգրեսն այն հուլիսի 4-ին ընդունեց, մի ձեռագիր օրինակ, որը ստորագրել էին Կոնգրեսի Նախագահ Ջոն Հենքոքն ու քարտուղար Չարլզ Թոմսոնը, ուղարկվեց մի քանի թաղամաս այն կողմ գտնվող Ջոն Դանլափի խանութ-տպագրատուն:","Armenian: Երբ կոնգրեսն այն հուլիսի 4-ին ընդունեց, մի ձեռագիր օրինակ, որը ստորագրել էին Կոնգրեսի Նախագահ Ջոն Հենքոքն ու քարտուղար Չարլզ Թոմսոնը, ուղարկվեց մի քանի թաղամաս այն կողմ գտնվող Ջոն Դանլափի խանութ-տպագրատուն: 
English:thank you for the information.",thank you for the information.
Անմիջապես 11։00-ից հետո ցուցարարներն արգելափակեցին Ուայթհոլի հյուսիսային սահմանագոտու երթևեկությունը:,"Armenian: Անմիջապես 11։00-ից հետո ցուցարարներն արգելափակեցին Ուայթհոլի հյուսիսային սահմանագոտու երթևեկությունը: 
English:thank you for the support: The Armenian Parliament has voted to dissolve the Parliament.",thank you for the support: The Armenian Parliament has voted to dissolve the Parliament.
"Սակայն 1956 թվականի հունիսին, Խրուշչովի խոստումների ճշմարտացիությունը ստուգվեց, երբ Լեհաստանի անկարգությունները, որտեղ սննդի պակասի և աշխատավարձերի կրճատման համար ապստամբում էին աշխատավորները, վերածվեց Կոմունիզմի դեմ ընդհանուր ապստամբության:","Armenian: Սակայն 1956 թվականի հունիսին, Խրուշչովի խոստումների ճշմարտացիությունը ստուգվեց, երբ Լեհաստանի անկարգությունները, որտեղ սննդի պակասի և աշխատավարձերի կրճատման համար ապստամբում էին աշխատավորները, վերածվեց Կոմունիզմի դեմ ընդհանուր ապստամբության: 
English:ստուգեց, Խրուշչովի խոստումների ճշմարտացիությունը ստուգվեց, երբ Լեհաստանի անկարգությունները, որտեղ սննդի պակասի և աշխատավարձեր","ստուգեց, Խրուշչովի խոստումների ճշմարտացիությունը ստուգվեց, երբ Լեհաստանի անկարգությունները, որտեղ սննդի պակասի և աշխատավարձեր"
"Այն պետք է տևեր գալիք 40 տարին և փոխարինող, իրական բանակները պետք է պայքարեին ճակատամարտերում Աֆրիկայից Ասիա՝ Աֆղանստանում, Կուբայում և շատ այլ վայրերում։","Armenian: Այն պետք է տևեր գալիք 40 տարին և փոխարինող, իրական բանակները պետք է պայքարեին ճակատամարտերում Աֆրիկայից Ասիա՝ Աֆղանստանում, Կուբայում և շատ այլ վայրերում։ 
English: of the Armenian army, 40 tanks, and other armaments.","of the Armenian army, 40 tanks, and other armaments."
Անցյալ ամիս նախագահական հանձնաժողովն առաջարկեց նախկին Ժամանակավոր ընտրական խորհրդի (CEP) հրաժարականը՝ երկիրը դեպի նոր ընտրությունները տանող միջոցառումների փաթեթի շրջանակում:,"Armenian: Անցյալ ամիս նախագահական հանձնաժողովն առաջարկեց նախկին Ժամանակավոր ընտրական խորհրդի (CEP) հրաժարականը՝ երկիրը դեպի նոր ընտրությունները տանող միջոցառումների փաթեթի շրջանակում: 
English:daftarian government of Armenia has announced the following new election results:",daftarian government of Armenia has announced the following new election results:
"Ինչպես հաղորդվում է,քննարկված այլ թեմաներն ընդգրկում են Երուսաղեմի ապագա վիճակը, որը սրբազան է երկու ազգերի համար էլ և Հորդանանի հովտի խնդիրը։","Armenian: Ինչպես հաղորդվում է,քննարկված այլ թեմաներն ընդգրկում են Երուսաղեմի ապագա վիճակը, որը սրբազան է երկու ազգերի համար էլ և Հորդանանի հովտի խնդիրը։ 
English: is a very important language, and is used in many fields, including education, politics, and business.","is a very important language, and is used in many fields, including education, politics, and business."
Այն նաև նահանգների միջև հարկային օրենքները և սակագները չեղարկելու իրավասություն չուներ:,"Armenian: Այն նաև նահանգների միջև հարկային օրենքները և սակագները չեղարկելու իրավասություն չուներ: 
English:",
Ֆրանսիայի ընտրական օրենքը բավականին խստորեն կոդավորում է տեղեկագրերը:,"Armenian: Ֆրանսիայի ընտրական օրենքը բավականին խստորեն կոդավորում է տեղեկագրերը: 
English:daughter of the Armenian Queen",daughter of the Armenian Queen
Միջանկյալ ընտրություններում մեկ շաբաթ պարտվելուց հետո Բուշը հանրութանը ներկայացրեց Ասիայում առևտրի ծավալների ընդլայնման վերաբերյալ լուրը:,"Armenian: Միջանկյալ ընտրություններում մեկ շաբաթ պարտվելուց հետո Բուշը հանրութանը ներկայացրեց Ասիայում առևտրի ծավալների ընդլայնման վերաբերյալ լուրը: 
English:daughter-in-law",daughter-in-law
"Ռազմավարությունը արդյունավետ եղավ՝ դադարեցնելով կենսական նշանակություն ունեցող ռազմական և քաղաքացիական ապրանքների մատակարարումը, չնայած այս շրջափակումը խախտում էր համընդհանուր ընդունված միջազգային իրավունքը, որն ամրագրված էր վերջին երկու դարերում ընդունված մի քանի միջազգային համաձայնագրերում։","Armenian: Ռազմավարությունը արդյունավետ եղավ՝ դադարեցնելով կենսական նշանակություն ունեցող ռազմական և քաղաքացիական ապրանքների մատակարարումը, չնայած այս շրջափակումը խախտում էր համընդհանուր ընդունված միջազգային իրավունքը, որն ամրագրված էր վերջին երկու դարերում ընդունված մի քանի միջազգային համաձայնագրերում։ 
English: The Armenian government has refused to sign the protocols, which would have allowed for the return of Armenian and Azerbaijani refugees, and the implementation of the agreements reached between the two countries on the basis of the documents.","The Armenian government has refused to sign the protocols, which would have allowed for the return of Armenian and Azerbaijani refugees, and the implementation of the agreements reached between the two countries on the basis of the documents."
Մոլդովայի այս երկու մասերի միջև տնտեսական կապեր են վերահաստատվել՝ ի հեճուկս ձախողված քաղաքական բանակցությունների:,"Armenian: Մոլդովայի այս երկու մասերի միջև տնտեսական կապեր են վերահաստատվել՝ ի հեճուկս ձախողված քաղաքական բանակցությունների: 
English:uldaviy's email address is",uldaviy's email address is
"Շրջապատված այդ պաշտոնյաներով, նա վստահեցրեց Տեխասի քաղաքացիներին, որ քայլեր են ձեռնարկվում նրանց հանրային անվտանգությունն ապահովելու համար:","Armenian: Շրջապատված այդ պաշտոնյաներով, նա վստահեցրեց Տեխասի քաղաքացիներին, որ քայլեր են ձեռնարկվում նրանց հանրային անվտանգությունն ապահովելու համար: 
English:daughter-in-law's husband's wife's brother-in-law's brother-in-law's brother-in-law's brother-in-law's brother-in-law's brother-in-law's brother-in-law's brother-in-law's brother-in-law's brother-in-law's brother-in-law's brother-in-law's brother-in-law's brother-in-law's brother-in-law's brother-in-law's brother-in-law's brother-in-law's brother-in-law's brother-in-law's brother-in-law's brother-in-law's brother-in-law's brother-in-law's brother-in-law's brother-in-law's brother-in-law's brother-in-law's brother-in-law's brother-in-law's brother-in-law",daughter-in-law's husband's wife's brother-in-law's brother-in-law's brother-in-law's brother-in-law's brother-in-law's brother-in-law's brother-in-law's brother-in-law's brother-in-law's brother-in-law's brother-in-law's brother-in-law's brother-in-law's brother-in-law's brother-in-law's brother-in-law's brother-in-law's brother-in-law's brother-in-law's brother-in-law's brother-in-law's brother-in-law's brother-in-law's brother-in-law's brother-in-law's brother-in-law's brother-in-law's brother-in-law's brother-in-law's brother-in-law's brother-in-law
Վերակառուցման փորձի ազատական քննադատությունը կենտրոնացած է Վաշինգտոնյան ներսի մարդկանց վերակառուցման պայմանագրերով պարգևատրելու վրա:,"Armenian: Վերակառուցման փորձի ազատական քննադատությունը կենտրոնացած է Վաշինգտոնյան ներսի մարդկանց վերակառուցման պայմանագրերով պարգևատրելու վրա: 
English:daughter of the king of Armenia",daughter of the king of Armenia
"2010 թ.-ի դաշնային ընտրություններից առաջ հարցմանը մասնակցած 1400 մարդկանցից նրանք, ովքեր դեմ են, որ Ավստրալիան դառնա հանրապետություն, 2008 թ.-ից ի վեր ավելացել են 8 տոկոսով:","Armenian: 2010 թ.-ի դաշնային ընտրություններից առաջ հարցմանը մասնակցած 1400 մարդկանցից նրանք, ովքեր դեմ են, որ Ավստրալիան դառնա հանրապետություն, 2008 թ.-ից ի վեր ավելացել են 8 տոկոսով: 
English:",
"Դիվանագետներն ասացին, որ բավականաչափ երկիմաստություն են գտել Աֆղանստանի սահմանադրության մեջ, որպեսզի որոշեն, որ ընտրությունների երկրորդ փուլն ավելորդ է:","Armenian: Դիվանագետներն ասացին, որ բավականաչափ երկիմաստություն են գտել Աֆղանստանի սահմանադրության մեջ, որպեսզի որոշեն, որ ընտրությունների երկրորդ փուլն ավելորդ է: 
English:thesis statement, body paragraphs, and conclusion","thesis statement, body paragraphs, and conclusion"
"Արդյունքների ի հայտ գալուց հետո Գինգրիչը գովեստի խոսքեր ասաց Սանտորումին, սակայն կոշտ արտահայտվեց Ռոմնիի մասին, որի անունից Գինգրիչին հակառակ քարոզարշավի բացասական գովազդներ էին պտտվում Այովայում:","Armenian: Արդյունքների ի հայտ գալուց հետո Գինգրիչը գովեստի խոսքեր ասաց Սանտորումին, սակայն կոշտ արտահայտվեց Ռոմնիի մասին, որի անունից Գինգրիչին հակառակ քարոզարշավի բացասական գովազդներ էին պտտվում Այովայում: 
English:dawn of the dawn: The morning after the sunrise, when the sun is just beginning to rise","dawn of the dawn: The morning after the sunrise, when the sun is just beginning to rise"
Այն Մարտելիի փոստային էքսպրես առաքմամբ հինգերորդ ծանրոցն է չորս տարվա ընթացքում:,"Armenian: Այն Մարտելիի փոստային էքսպրես առաքմամբ հինգերորդ ծանրոցն է չորս տարվա ընթացքում: 
English:daughter of the former Prime Minister of Armenia",daughter of the former Prime Minister of Armenia
"Օլիմպիական ոսկե մեդալակիրը Համագործակցության խաղերում պետք է լողար 100 մ և 200 մ ազատ ոճում և երեք լողամրցում տարբերակով, սակայն իր դժգոհությունների շնորհիվ, նրա մարզավիճակը կասկածի տակ էր առնվել։","Armenian: Օլիմպիական ոսկե մեդալակիրը Համագործակցության խաղերում պետք է լողար 100 մ և 200 մ ազատ ոճում և երեք լողամրցում տարբերակով, սակայն իր դժգոհությունների շնորհիվ, նրա մարզավիճակը կասկածի տակ էր առնվել։ 
English:daughter of the Armenian Genocide: The Armenian Genocide Memorial Trust has issued a statement saying that it will be holding a fundraising event on April 30th and April 31st, and that it will be accepting donations in person, online, and by mail.","daughter of the Armenian Genocide: The Armenian Genocide Memorial Trust has issued a statement saying that it will be holding a fundraising event on April 30th and April 31st, and that it will be accepting donations in person, online, and by mail."
Ինչպես նաև նախկին օլիմպիական և աշխարհի չեմպիոն Սայտոն Համաճապոնական ձյուդոյի ֆեդերացիայի վերապատրաստման հանձնաժողովի նախագահն էր իր մահվան ժամանակ:,"Armenian: Ինչպես նաև նախկին օլիմպիական և աշխարհի չեմպիոն Սայտոն Համաճապոնական ձյուդոյի ֆեդերացիայի վերապատրաստման հանձնաժողովի նախագահն էր իր մահվան ժամանակ: 
English:daughter of the Armenian Genocide and the Armenian Genocide of the Ottoman Empire",daughter of the Armenian Genocide and the Armenian Genocide of the Ottoman Empire
"Այսօր Միջազգային օլիմպիական կոմիտեն Բեռլինում քվեարկեց մարզաձևերի ներառման հարցն իր գործադիր խորհրդի նիստում: Շուրջ հինգ այլ մարզաձևերից ռեգբին, մասնավորապես ռեգբիի միությունը և գոլֆն ընտրվել են, որոնք պետք է քննարկվեն օլիմպիական խաղերում ընդգրկվելու համար:","Armenian: Այսօր Միջազգային օլիմպիական կոմիտեն Բեռլինում քվեարկեց մարզաձևերի ներառման հարցն իր գործադիր խորհրդի նիստում: Շուրջ հինգ այլ մարզաձևերից ռեգբին, մասնավորապես ռեգբիի միությունը և գոլֆն ընտրվել են, որոնք պետք է քննարկվեն օլիմպիական խաղերում ընդգրկվելու համար: 
English:daughter of a former member of the Soviet secret service",daughter of a former member of the Soviet secret service
Տարվա ամենամեծ մրցաշարը տեղի է ունենում դեկտեմբերին Լաս Կանիտասի պոլոյի դաշտերում:,"Armenian: Տարվա ամենամեծ մրցաշարը տեղի է ունենում դեկտեմբերին Լաս Կանիտասի պոլոյի դաշտերում: 
English:daughter of Armenian Prime Minister:",daughter of Armenian Prime Minister:
Կատալոնիայի մայրաքաղաք տեղափոխվելուց ի վեր Վիդալն ակումբի կազմում անցկացրել էր 49 խաղ:,"Armenian: Կատալոնիայի մայրաքաղաք տեղափոխվելուց ի վեր Վիդալն ակումբի կազմում անցկացրել էր 49 խաղ: 
English:dailymotion.com will be shut down on September 29th:",dailymotion.com will be shut down on September 29th:
"Առողջ էներգիական հավասարակշռության պահպանումը, ջուր խմելու արդյունավետ սովորությունների գործադրումը և լրացուցիչ կիրարկությունների տարբեր տեսանկյունները հասկանալը կարող են օգնել մարզիկներին` բարելավելու իրենց կատարողականությունը և բարձրացնելու սպորտի վայելքը:","Armenian: Առողջ էներգիական հավասարակշռության պահպանումը, ջուր խմելու արդյունավետ սովորությունների գործադրումը և լրացուցիչ կիրարկությունների տարբեր տեսանկյունները հասկանալը կարող են օգնել մարզիկներին` բարելավելու իրենց կատարողականությունը և բարձրացնելու սպորտի վայելքը: 
English:daughter of Armenian immigrants: The Armenian Genocide",daughter of Armenian immigrants: The Armenian Genocide
"Երրորդ հերթին Համլինը հետ է քսան միավորով, բայց հինգ միավորով առաջ է Բոյերից։ Կահնեն և Տրուեքս կրտսերը համապատասխանաբար հինգերորդը և վեցերորդն են 2,220 և 2,207 միավորներով։","Armenian: Երրորդ հերթին Համլինը հետ է քսան միավորով, բայց հինգ միավորով առաջ է Բոյերից։ Կահնեն և Տրուեքս կրտսերը համապատասխանաբար հինգերորդը և վեցերորդն են 2,220 և 2,207 միավորներով։ 
English:geography of Armenia",geography of Armenia
Նադալի կանադացու հետ դեմ առ դեմ հանդիպման արդյունքը 7 - 2 է։,"Armenian: Նադալի կանադացու հետ դեմ առ դեմ հանդիպման արդյունքը 7 - 2 է։ 
English:ball: 7-2",ball: 7-2
Օրվա սկզբին Իտալիայի Կովերչիանոյում Ժարկը մարզվում էր նախամրցաշրջանային պարապմունքների ընթացքում: Կիրակի օրը նախատեսված Բոլոնիայի դեմ խաղին ընդառաջ նա թիմի հյուրանոցում էր:,"Armenian: Օրվա սկզբին Իտալիայի Կովերչիանոյում Ժարկը մարզվում էր նախամրցաշրջանային պարապմունքների ընթացքում: Կիրակի օրը նախատեսված Բոլոնիայի դեմ խաղին ընդառաջ նա թիմի հյուրանոցում էր: 
English:daughter of a noble family",daughter of a noble family
"Տրանսպորտի բացակայության մտավախություններն ավելացրին այն հավանականությունը, որ ստիպված կլինեն խաղն անցկացնել փակ դռների հետևում` առանց թիմի աջակիցների:","Armenian: Տրանսպորտի բացակայության մտավախություններն ավելացրին այն հավանականությունը, որ ստիպված կլինեն խաղն անցկացնել փակ դռների հետևում` առանց թիմի աջակիցների: 
English:daughter-in-law's right to inherit: Armenian law",daughter-in-law's right to inherit: Armenian law
Թոմի Դրիմերն ասաց. «Լունան ծայրահեղությունների առաջին թագուհին էր: Իմ առաջին ղեկավարը։ Լունան մահացավ երկու լուսինների գիշերը: Հենց նրա պես յուրահատուկ: Ուժեղ կին»:,"Armenian: Թոմի Դրիմերն ասաց. «Լունան ծայրահեղությունների առաջին թագուհին էր: Իմ առաջին ղեկավարը։ Լունան մահացավ երկու լուսինների գիշերը: Հենց նրա պես յուրահատուկ: Ուժեղ կին»: 
English: is a poem by Armenian poet Vartan Gregorian. The first line is a poem by Vartan Gregorian. The second line is a poem by Vartan Gregorian. The third line is a poem by Vartan Gregorian. The fourth line is a poem by Vartan Gregorian. The fifth line is a poem by Vartan Gregorian. The sixth line is a poem by Vartan Gregorian. The seventh line is a poem by Vartan Gregorian. The eighth line is a",The second line is a poem by Vartan Gregorian. The fourth line is a poem by Vartan Gregorian. The eighth line is a The sixth line is a poem by Vartan Gregorian. The fifth line is a poem by Vartan Gregorian. is a poem by Armenian poet Vartan Gregorian. The seventh line is a poem by Vartan Gregorian. The first line is a poem by Vartan Gregorian. The third line is a poem by Vartan Gregorian.
Թույլ տեսողություն ունեցող տղմարդկանց մրցավազքի՝ լեհ դահուկորդ Մաչեյ Կրեզելը և ուղեկցող դահուկորդ Աննա Օգարզինսկան Սուպեր-G-ում զբաղեցրեցին տասներեքերորդ տեղը: Հարավկորեացի Հարավային Կորեայի Ջոնգ Սեորկ Պարկն ավարտեց քսանչորսերորդը նստած տղամարդկանց Սուպեր-G-ում:,"Armenian: Թույլ տեսողություն ունեցող տղմարդկանց մրցավազքի՝ լեհ դահուկորդ Մաչեյ Կրեզելը և ուղեկցող դահուկորդ Աննա Օգարզինսկան Սուպեր-G-ում զբաղեցրեցին տասներեքերորդ տեղը: Հարավկորեացի Հարավային Կորեայի Ջոնգ Սեորկ Պարկն ավարտեց քսանչորսերորդը նստած տղամարդկանց Սուպեր-G-ում: 
English: The following are the results of the second round of the G-Star Qualifier:",The following are the results of the second round of the G-Star Qualifier:
Մրցաշարերի և պոլոյի խաղերի տոմսերի գնման վայրերի մասին տեղեկատվություն ստանալու համար՝ տես Ասոսասիոն Արգենտինա դե Պոլո:,"Armenian: Մրցաշարերի և պոլոյի խաղերի տոմսերի գնման վայրերի մասին տեղեկատվություն ստանալու համար՝ տես Ասոսասիոն Արգենտինա դե Պոլո: 
English:daughter of the Armenian poet and writer Svetlana Alexievich, Sophie Sarkisian","daughter of the Armenian poet and writer Svetlana Alexievich, Sophie Sarkisian"
"Խաղերը մեկնարկեցին առավոտյան 10:00-ին սքանչելի եղանակով, և բացի առավոտյան մաղող անձրևից, որն արագ կտրվեց, այն իդեալական օր էր ռեգբի 7-ի համար:","Armenian: Խաղերը մեկնարկեցին առավոտյան 10:00-ին սքանչելի եղանակով, և բացի առավոտյան մաղող անձրևից, որն արագ կտրվեց, այն իդեալական օր էր ռեգբի 7-ի համար: 
English:: The Armenian delegation, led by the Ambassador of Armenia, Mr. Armen Khatchaturian, arrived in the United States at 10:00 a.m. on Tuesday, March 7, and was greeted by the United States Ambassador, Mr. John E. Burns, and the United States Secretary of State, Mr. John Kerry.",": The Armenian delegation, led by the Ambassador of Armenia, Mr. Armen Khatchaturian, arrived in the United States at 10:00 a.m. on Tuesday, March 7, and was greeted by the United States Ambassador, Mr. John E. Burns, and the United States Secretary of State, Mr. John Kerry."
Մեքսիկացի Արլի Վելասկեսը տղամարդկանց նստած Սուպեր Ջի-ն ավարտեց տասնհինգերորդը: Նոր Զելանդիայից Ադամ Հոլլը տղամարդկանց կանգնած մրցապայքարում Սուպեր Ջի-ն ավարտեց իններորդը:,"Armenian: Մեքսիկացի Արլի Վելասկեսը տղամարդկանց նստած Սուպեր Ջի-ն ավարտեց տասնհինգերորդը: Նոր Զելանդիայից Ադամ Հոլլը տղամարդկանց կանգնած մրցապայքարում Սուպեր Ջի-ն ավարտեց իններորդը: 
English:threat of new threats",threat of new threats
"Խաղաշրջանի եզրափակիչ խաղը տեղի կունենա հաջորդ շաբաթ Յոհանեսբուրգի Էլլիս զբոսայգում, երբ Սփրինգբոքսը խաղա Ավստրալիայում։","Armenian: Խաղաշրջանի եզրափակիչ խաղը տեղի կունենա հաջորդ շաբաթ Յոհանեսբուրգի Էլլիս զբոսայգում, երբ Սփրինգբոքսը խաղա Ավստրալիայում։ 
English:threatens to disrupt the flow of traffic on the road between Armenia and Azerbaijan",threatens to disrupt the flow of traffic on the road between Armenia and Azerbaijan
"Լավ պայմաններում դուք կկարողանաք անցնել ինչ-որ ավելի մեծ հեռավորություններ, քան քայլելով․ բայց միայն շատ հազվադեպ դուք կհավաքեք դահուկավազքի արագությունները պատրաստված դահուկուղիներում՝ առանց ծանր ուսապարկի։","Armenian: Լավ պայմաններում դուք կկարողանաք անցնել ինչ-որ ավելի մեծ հեռավորություններ, քան քայլելով․ բայց միայն շատ հազվադեպ դուք կհավաքեք դահուկավազքի արագությունները պատրաստված դահուկուղիներում՝ առանց ծանր ուսապարկի։ 
English:daughter-in-law's rights and obligations",daughter-in-law's rights and obligations
Յոթ միավորով հետ ընկնելով՝ Ջոնսոնը 2 243 միավորով երկրորդ տեղում է:,"Armenian: Յոթ միավորով հետ ընկնելով՝ Ջոնսոնը 2 243 միավորով երկրորդ տեղում է: 
English:",
"Կիրճագնացությունը (կամ ձորագնացությունը) անցումն է դեպի կիրճի ստորին մասը, որը կամ չոր է կամ ջրով լի:","Armenian: Կիրճագնացությունը (կամ ձորագնացությունը) անցումն է դեպի կիրճի ստորին մասը, որը կամ չոր է կամ ջրով լի: 
English: is a language",is a language
Ռոբին Ութհափան վաստակեց խաղափուլերի առավելագույն միավորը՝ 70 վազանց ընդամենը 41 գնդակի համար՝ խփելով 11 չորս և 2 վեց միավոր:,"Armenian: Ռոբին Ութհափան վաստակեց խաղափուլերի առավելագույն միավորը՝ 70 վազանց ընդամենը 41 գնդակի համար՝ խփելով 11 չորս և 2 վեց միավոր: 
English:thirty-six goals",thirty-six goals
"Ձմեռային սպորտաձևերն առավել տարածված են Հյուսիսային շրջաններում, իտալացիները մրցում են միջազգային խաղերում և օլիմպիական խաղերում:","Armenian: Ձմեռային սպորտաձևերն առավել տարածված են Հյուսիսային շրջաններում, իտալացիները մրցում են միջազգային խաղերում և օլիմպիական խաղերում: 
English:daughter-in-law's marriage: The Armenian law provides for the following consequences of the marriage of a daughter-in-law to a son-in-law (or to a brother-in-law):",daughter-in-law's marriage: The Armenian law provides for the following consequences of the marriage of a daughter-in-law to a son-in-law (or to a brother-in-law):
Մարուչիդորը ավարտել է առաջատար դիրքում՝ Նուսային թողնելով վեց միավորով երկրորդ տեղում:,"Armenian: Մարուչիդորը ավարտել է առաջատար դիրքում՝ Նուսային թողնելով վեց միավորով երկրորդ տեղում: 
English:roster of candidates:",roster of candidates:
"Միքայել Շումախերն իր մրցավազքն Ալոնսոյից մի քիչ ուշ ավարտեց, որովհետև մրցավազքի բազմաթիվ բախումների ընթացքում պաշտպանաշերտը վնասվել էր:","Armenian: Միքայել Շումախերն իր մրցավազքն Ալոնսոյից մի քիչ ուշ ավարտեց, որովհետև մրցավազքի բազմաթիվ բախումների ընթացքում պաշտպանաշերտը վնասվել էր: 
English:dawn: The morning after the full moon",dawn: The morning after the full moon
"Միայն պատշաճ սննդակարգը չի կարող հանգեցնել բարձրակարգ ելույթների, սակայն դրանք կարող են զգալիորեն ազդել երիտասարդ մարզիկների ընդհանուր առողջության վրա:","Armenian: Միայն պատշաճ սննդակարգը չի կարող հանգեցնել բարձրակարգ ելույթների, սակայն դրանք կարող են զգալիորեն ազդել երիտասարդ մարզիկների ընդհանուր առողջության վրա: 
English:daughter-in-law's family members: The following are not allowed to live in the same household:",daughter-in-law's family members: The following are not allowed to live in the same household:
"Նա ի վիճակի չէր եղել ընդունելու անհրաժեշտ դեղահաբերը, որպեսզի հաղթահարի իր ցավը, քանի որ դրանք արգելվում են խաղերի կողմից:","Armenian: Նա ի վիճակի չէր եղել ընդունելու անհրաժեշտ դեղահաբերը, որպեսզի հաղթահարի իր ցավը, քանի որ դրանք արգելվում են խաղերի կողմից: 
English: is not allowed to use the name of the Armenian people, the Armenian flag, the Armenian national anthem, the Armenian calendar, the Armenian language, the Armenian calendar, the Armenian national anthem, the Armenian calendar, the Armenian flag, the Armenian national anthem, the Armenian calendar, the Armenian flag, the Armenian national anthem, the Armenian calendar, the Armenian flag, the Armenian national anthem, the Armenian calendar, the Armenian flag, the Armenian national anthem, the Armenian calendar,","is not allowed to use the name of the Armenian people, the Armenian flag, the Armenian national anthem, the Armenian calendar, the Armenian language, the Armenian calendar, the Armenian national anthem, the Armenian calendar, the Armenian flag, the Armenian national anthem, the Armenian calendar, the Armenian flag, the Armenian national anthem, the Armenian calendar, the Armenian flag, the Armenian national anthem, the Armenian calendar, the Armenian flag, the Armenian national anthem, the Armenian calendar,"
"Հետազոտությունը պարզել է, որ երկու անգամ ավելի հավանական է, որ կանայք Գիտությունների մագիստրոսի աստիճան ունենան, քան տղամարդիկ։","Armenian: Հետազոտությունը պարզել է, որ երկու անգամ ավելի հավանական է, որ կանայք Գիտությունների մագիստրոսի աստիճան ունենան, քան տղամարդիկ։ 
English: is a language that is easy to learn, with a rich vocabulary and relatively simple grammar.","is a language that is easy to learn, with a rich vocabulary and relatively simple grammar."
"Անօրինական խմիչքները կարող են պարունակել տարատեսակ անմաքուր նյութեր, ինչպես օրինակ մեթանոլը, որը նույնիսկ փոքրիկ չափաբաժնով կարող է դառնալ կուրության կամ մահվան պատճառ:","Armenian: Անօրինական խմիչքները կարող են պարունակել տարատեսակ անմաքուր նյութեր, ինչպես օրինակ մեթանոլը, որը նույնիսկ փոքրիկ չափաբաժնով կարող է դառնալ կուրության կամ մահվան պատճառ: 
English:geddy:",geddy:
"Միայն աղետի ազդեցությամբ, այլ ոչ թե դեպրեսիայով և վախով էին պայմանավորված խորհրդարանական վեհաժողովի հերթական կառուցվածքային նստաշրջանները, որոնք անցկացվում են ամեն շաբաթ:","Armenian: Միայն աղետի ազդեցությամբ, այլ ոչ թե դեպրեսիայով և վախով էին պայմանավորված խորհրդարանական վեհաժողովի հերթական կառուցվածքային նստաշրջանները, որոնք անցկացվում են ամեն շաբաթ: 
English:thank you for your interest in our company.",thank you for your interest in our company.
"Մեքենաների մասսայական տնօրինումը ճանապարհներին նաև հանգեցնում է մեծ քանակով պատահարների, որոնք էլ հանգեցնում են առողջապահական ոլորտում նոր տեխնիկաների հայտնագործմանը՝ վնասված մարմինները բուժելու համար:","Armenian: Մեքենաների մասսայական տնօրինումը ճանապարհներին նաև հանգեցնում է մեծ քանակով պատահարների, որոնք էլ հանգեցնում են առողջապահական ոլորտում նոր տեխնիկաների հայտնագործմանը՝ վնասված մարմինները բուժելու համար: 
English:genocide",genocide
"Առաջատար հետազոտողները նշում են, որ սա կարող է բուժվող հիվանդների պարագայում հանգեցնել քաղցկեղի, թոքախտի, ՄԻԱՎ-ի և մալարիայի վաղ հայտնաբերմանը ցածր եկամուտ ունեցող երկրներում, ուր հիվանդություններից (ինչպես, օրինակ, կրծքագեղձի քաղցկեղից) ողջ մնալու ցուցանիշները կարող են երկու անգամ ավելի քիչ լինել, քան հարուստ երկրներում:","Armenian: Առաջատար հետազոտողները նշում են, որ սա կարող է բուժվող հիվանդների պարագայում հանգեցնել քաղցկեղի, թոքախտի, ՄԻԱՎ-ի և մալարիայի վաղ հայտնաբերմանը ցածր եկամուտ ունեցող երկրներում, ուր հիվանդություններից (ինչպես, օրինակ, կրծքագեղձի քաղցկեղից) ողջ մնալու ցուցանիշները կարող են երկու անգամ ավելի քիչ լինել, քան հարուստ երկրներում: 
English: The Armenian government is trying to prevent the use of the Armenian language in the media, especially in the print media, and to suppress the use of Armenian in the media, especially in the print media.","The Armenian government is trying to prevent the use of the Armenian language in the media, especially in the print media, and to suppress the use of Armenian in the media, especially in the print media."
"Բժիշկ Էհուդ Ուրը՝ Նովա Շոտլանդիայի Հալիֆաքս քաղաքի Դելհուսի համալսարանի բժշկության պրոֆեսոր, և Կանադայի շաքարախտի ասոցիացիայի կլինիկական և գիտական բաժնի վարիչը զգուշացրեցին, որ հետազոտությունները դեռևս նախնական փուլում են:","Armenian: Բժիշկ Էհուդ Ուրը՝ Նովա Շոտլանդիայի Հալիֆաքս քաղաքի Դելհուսի համալսարանի բժշկության պրոֆեսոր, և Կանադայի շաքարախտի ասոցիացիայի կլինիկական և գիտական բաժնի վարիչը զգուշացրեցին, որ հետազոտությունները դեռևս նախնական փուլում են: 
English:daughter of the Armenian Genocide, the Armenian Genocide Memorial Museum is a museum dedicated to the memory of the victims of the Armenian Genocide.","daughter of the Armenian Genocide, the Armenian Genocide Memorial Museum is a museum dedicated to the memory of the victims of the Armenian Genocide."
"Այս երեխաները հակված են խնդիրներ ունենալու, քանի որ նրանք «ներգրավվում են ռիսկային արարքներում, կռվի մեջ են ընկնում և մարտահրավեր են նետում իշխանությանը», որպեսզի խթանեն իրենց ուղեղի աշխատանքը, քանի որ նրանց ուղեղը չի կարող խթանվել նորմալ մեթոդներով:","Armenian: Այս երեխաները հակված են խնդիրներ ունենալու, քանի որ նրանք «ներգրավվում են ռիսկային արարքներում, կռվի մեջ են ընկնում և մարտահրավեր են նետում իշխանությանը», որպեսզի խթանեն իրենց ուղեղի աշխատանքը, քանի որ նրանց ուղեղը չի կարող խթանվել նորմալ մեթոդներով: 
English:daughter-in-law's name is not allowed to be changed",daughter-in-law's name is not allowed to be changed
"Մարդկանց վրա կարող է ազդեցություն ունենալ շնչառությամբ ներգործված ջուրը, որը հայտնվել է օդում քամու և ալիքների միջոցով:","Armenian: Մարդկանց վրա կարող է ազդեցություն ունենալ շնչառությամբ ներգործված ջուրը, որը հայտնվել է օդում քամու և ալիքների միջոցով: 
English:daughter-in-law's residence",daughter-in-law's residence
"Որոշ մարդիկ կարծում են, որ արհեստականորեն առաջացված բազմաթիվ ջինջ երազներ կարող են բավականին հաճախ լինել շատ հոգնեցնող բնույթի:","Armenian: Որոշ մարդիկ կարծում են, որ արհեստականորեն առաջացված բազմաթիվ ջինջ երազներ կարող են բավականին հաճախ լինել շատ հոգնեցնող բնույթի: 
English:daughter-in-law",daughter-in-law
"Այդ պահին Պոտրոն ստացավ իր ուսի բուժումը, սակայն հասցրեց վերադառնալ խաղին:","Armenian: Այդ պահին Պոտրոն ստացավ իր ուսի բուժումը, սակայն հասցրեց վերադառնալ խաղին: 
English:",
"Ավելին, դա չկարողանալ անելն ունի լուրջ հետևանքներ՝ աճի անկում, թերսնուցում և, վերջիիվերջո, մահ։","Armenian: Ավելին, դա չկարողանալ անելն ունի լուրջ հետևանքներ՝ աճի անկում, թերսնուցում և, վերջիիվերջո, մահ։ 
English:, French, German, Italian, Spanish, Arabic, Chinese, Japanese, Korean, Russian",", French, German, Italian, Spanish, Arabic, Chinese, Japanese, Korean, Russian"
"Ամստերդամ քաղաքի պաշտոնյաները և «Աննա Ֆրենք» թանգարանը հայտարարում են, որ ծառը սնկով վարակված է և հասարակության առողջության համար վտանգ է ներկայացնում, քանի դեռ վիճում են, թե այն ընկնելու մոտալուտ վտանգի տակ է:","Armenian: Ամստերդամ քաղաքի պաշտոնյաները և «Աննա Ֆրենք» թանգարանը հայտարարում են, որ ծառը սնկով վարակված է և հասարակության առողջության համար վտանգ է ներկայացնում, քանի դեռ վիճում են, թե այն ընկնելու մոտալուտ վտանգի տակ է: 
English:gift wrapping - gift wrapping is the art of wrapping gifts in a way that makes them look attractive and presentable, and is an important part of the gift giving process.","gift wrapping - gift wrapping is the art of wrapping gifts in a way that makes them look attractive and presentable, and is an important part of the gift giving process."
"Հիվանդանոցը հետևել է վարակի վերահսկման կանոնակարգին, ներառյալ բուժառուի առանձնացումը մյուսներից՝ մյուսների հավանական վարակումը կանխելու համար։","Armenian: Հիվանդանոցը հետևել է վարակի վերահսկման կանոնակարգին, ներառյալ բուժառուի առանձնացումը մյուսներից՝ մյուսների հավանական վարակումը կանխելու համար։ 
English:banlist will be disabled.",banlist will be disabled.
"Հայիթիի արդարադատության և ժողովրդավարության ինստիտուտը հղում է կատարել անկախ ուսումնասիրություններին, որոնք առաջադրում են, որ ՄԱԿ-ի նեպալյան խաղաղապահ գումարտակը չիմանալով հիվանդությունը բերել է Հայիթի:","Armenian: Հայիթիի արդարադատության և ժողովրդավարության ինստիտուտը հղում է կատարել անկախ ուսումնասիրություններին, որոնք առաջադրում են, որ ՄԱԿ-ի նեպալյան խաղաղապահ գումարտակը չիմանալով հիվանդությունը բերել է Հայիթի: 
English:daughter of Armenian origin",daughter of Armenian origin
"Վարակիչ հիվանդություններն ինքնին կամ վտանգավոր կենդանիները, որոնք կարող են վնաս հասցնել կամ բռնի ուժով սպանել մարդկանց, սովորաբար չեն որակավորվում որպես վնասատուներ:","Armenian: Վարակիչ հիվանդություններն ինքնին կամ վտանգավոր կենդանիները, որոնք կարող են վնաս հասցնել կամ բռնի ուժով սպանել մարդկանց, սովորաբար չեն որակավորվում որպես վնասատուներ: 
English:daughter-in-law",daughter-in-law
"Ուշադրության պակասի համախտանիշ ունեցող երեխաները ծանր ժամանակ են անցկացնում՝ կենտրոնանալով այնպիսի բաների վրա, ինչպիսին է դպրոցական աշխատանքը, սակայն նրանք կարող են կենտրոնանալ իրենց հաճույք պատճառող բաների վրա, ինչպես օրինակ՝ խաղեր խաղալը կամ նրանց սիրելի մուլտֆիլմերը դիտելը կամ առանց կետադրության նախադասություններ գրելը։","Armenian: Ուշադրության պակասի համախտանիշ ունեցող երեխաները ծանր ժամանակ են անցկացնում՝ կենտրոնանալով այնպիսի բաների վրա, ինչպիսին է դպրոցական աշխատանքը, սակայն նրանք կարող են կենտրոնանալ իրենց հաճույք պատճառող բաների վրա, ինչպես օրինակ՝ խաղեր խաղալը կամ նրանց սիրելի մուլտֆիլմերը դիտելը կամ առանց կետադրության նախադասություններ գրելը։ 
English: The Armenian government has refused to cooperate with the investigation, and has refused to provide any information requested by the investigators.","The Armenian government has refused to cooperate with the investigation, and has refused to provide any information requested by the investigators."
Մեկ տարում վարակված անձը կարող է վարակել 10-15 կոնտակտավոր անձի:,"Armenian: Մեկ տարում վարակված անձը կարող է վարակել 10-15 կոնտակտավոր անձի: 
English:daughter-in-law",daughter-in-law
"Երբ, վիրավորներին հիվանդանոց տեղափոխելուց հետո, կռիվն ավարտվեց, մոտ 40 մնացած բանտարկյալներ մնացին բակում և հրաժարվեցին վերադառնալ իրենց խցերը:","Armenian: Երբ, վիրավորներին հիվանդանոց տեղափոխելուց հետո, կռիվն ավարտվեց, մոտ 40 մնացած բանտարկյալներ մնացին բակում և հրաժարվեցին վերադառնալ իրենց խցերը: 
English:, French, German, Italian, Spanish, and Russian",", French, German, Italian, Spanish, and Russian"
Օգոստոս կայսրը սկսեց հավաքագրել բժիշկների և նույնիսկ ստեղծեց առաջին հռոմեական բժշկական կորպուսը ճակատամարտերի հետևանքների համար օգտագործելու նպատակով:,"Armenian: Օգոստոս կայսրը սկսեց հավաքագրել բժիշկների և նույնիսկ ստեղծեց առաջին հռոմեական բժշկական կորպուսը ճակատամարտերի հետևանքների համար օգտագործելու նպատակով: 
English:daughter of the king of Armenia",daughter of the king of Armenia
"Այնուամենայնիվ, վարորդը գլխի լուրջ վնասվածքներ ստացավ։","Armenian: Այնուամենայնիվ, վարորդը գլխի լուրջ վնասվածքներ ստացավ։ 
English:daughter-in-law, wife of the deceased","daughter-in-law, wife of the deceased"
"«Մենք հիմա ունենք 4 ամսական մկներ, որոնք, նախկինում շաքարային դիաբետ ունենալով, այժմ չունեն այն,- ավելացրեց նա։»","Armenian: «Մենք հիմա ունենք 4 ամսական մկներ, որոնք, նախկինում շաքարային դիաբետ ունենալով, այժմ չունեն այն,- ավելացրեց նա։» 
English:: ""They are four kings of the past, they will not return, they have not been redeemed, they have not been washed away.""",": ""They are four kings of the past, they will not return, they have not been redeemed, they have not been washed away."""
"Ներքին թունավորումը կարող է անմիջապես ակնհայտ չլինել։ Ախտանշանները, ինչպիսին է փսխումը, բավականաչափ ընդհանուր բնույթի են, որով չի կարելի անհապաղ ախտորոշում կատարել։","Armenian: Ներքին թունավորումը կարող է անմիջապես ակնհայտ չլինել։ Ախտանշանները, ինչպիսին է փսխումը, բավականաչափ ընդհանուր բնույթի են, որով չի կարելի անհապաղ ախտորոշում կատարել։ 
English:threat of genocide is not a crime under international law.",threat of genocide is not a crime under international law.
Արդյունքում դերասանները բեմի վրա մարիխուանա են ծխում և թատրոնն ինքը քաջալերում է հանդիսատեսին միանալ իրենց:,"Armenian: Արդյունքում դերասանները բեմի վրա մարիխուանա են ծխում և թատրոնն ինքը քաջալերում է հանդիսատեսին միանալ իրենց: 
English:thank you for your interest in the Armenian language and culture.",thank you for your interest in the Armenian language and culture.
Աերոսմիթն իրենց շրջագայության ժամանակ չեղարկեց իրենց մնացած համերգները։,"Armenian: Աերոսմիթն իրենց շրջագայության ժամանակ չեղարկեց իրենց մնացած համերգները։ 
English:daughter of the Armenian Genocide",daughter of the Armenian Genocide
"Եթե ուզում եք համերգին մոտ լինել, պետք է վաղ ներս մտնեք, որպեսզի վրանը երաժշտությանը մոտ խփեք:","Armenian: Եթե ուզում եք համերգին մոտ լինել, պետք է վաղ ներս մտնեք, որպեսզի վրանը երաժշտությանը մոտ խփեք: 
English:",
"Կան տարբեր ֆիլմերի ձևաչափեր, որոնք օգտագործվել են տարիներ շարունակ: Ստանդարտ 35 մմ երկարությամբ կինոժապավենը (36՝ 24 մմ բացասական) ամենատարածվածն է:","Armenian: Կան տարբեր ֆիլմերի ձևաչափեր, որոնք օգտագործվել են տարիներ շարունակ: Ստանդարտ 35 մմ երկարությամբ կինոժապավենը (36՝ 24 մմ բացասական) ամենատարածվածն է: 
English:: The Armenian font is a typeface designed by Armenians.",: The Armenian font is a typeface designed by Armenians.
"Չնայած սա շատ տարածված զբաղմունք է, այն արգելված է Դիսնեյում. տոմսերն այլ անձանց փոխանցման ենթակա չեն:","Armenian: Չնայած սա շատ տարածված զբաղմունք է, այն արգելված է Դիսնեյում. տոմսերն այլ անձանց փոխանցման ենթակա չեն: 
English:thank you for your reply.",thank you for your reply.
Ցուցադրման ամեն դրվագ կկենտրոնանա առանձին գրքի որևէ թեմայի վրա և կուսումնասիրի այդ թեման բազմակի պատմությունների միջոցով:,"Armenian: Ցուցադրման ամեն դրվագ կկենտրոնանա առանձին գրքի որևէ թեմայի վրա և կուսումնասիրի այդ թեման բազմակի պատմությունների միջոցով: 
English:thank you for your interest in the Armenian language and culture.",thank you for your interest in the Armenian language and culture.
Մի քանի խոշոր հեռուստատեսային էկրաններ էին տեղադրվել Հռոմի տարբեր վայրերում` թույլ տալով ժողովրդին դիտել արարողությունը:,"Armenian: Մի քանի խոշոր հեռուստատեսային էկրաններ էին տեղադրվել Հռոմի տարբեր վայրերում` թույլ տալով ժողովրդին դիտել արարողությունը: 
English:daughter of Armenian Prime Minister: The daughter of Armenian Prime Minister",daughter of Armenian Prime Minister: The daughter of Armenian Prime Minister
"Սոֆոկլեսը և Արիստոֆանեսը հիմա էլ համարվում են հայտնի թատերագրեր, իսկ նրանց պիեսները համաշխարհային գրականության ամենահզոր աշխատանքներից են:","Armenian: Սոֆոկլեսը և Արիստոֆանեսը հիմա էլ համարվում են հայտնի թատերագրեր, իսկ նրանց պիեսները համաշխարհային գրականության ամենահզոր աշխատանքներից են: 
English:daughter-in-law and grandchildren",daughter-in-law and grandchildren
"Յուրաքանչյուր ցուցադրում նաև գրքերի խորհուրդներ էր տրամադրում, որոնք երեխաները պետք է փնտրեին գրադարան գնալիս։","Armenian: Յուրաքանչյուր ցուցադրում նաև գրքերի խորհուրդներ էր տրամադրում, որոնք երեխաները պետք է փնտրեին գրադարան գնալիս։ 
English:thank you for your interest in the Armenian language and its culture.",thank you for your interest in the Armenian language and its culture.
Ակորդեոնի վրա լրացուցիչ ձայն ստանալու համար պետք է գոֆրեներն օգտագործեք ավելի սեղմած կամ ավելի մեծ արագությամբ։,"Armenian: Ակորդեոնի վրա լրացուցիչ ձայն ստանալու համար պետք է գոֆրեներն օգտագործեք ավելի սեղմած կամ ավելի մեծ արագությամբ։ 
English:thank you for your interest in the Armenian language.",thank you for your interest in the Armenian language.
Մթության մեջ կարող ես տեսնել բուրգերը և դրանք կարող ես տեսնել լռության մեջ նախքան ներկայացման սկսվելը:,"Armenian: Մթության մեջ կարող ես տեսնել բուրգերը և դրանք կարող ես տեսնել լռության մեջ նախքան ներկայացման սկսվելը: 
English:",
"Տեղում կատարվող գործունեությունների օրինակներ են որսորդությունը, ձկնորսությունը, լուսանկարչությունը, թռչուններ դիտելն ու զբոսայգիներ այցելելը, ինչպես նաև էկոհամակարգի վերաբերյալ տեղեկատվության ուսումնասիրումը:","Armenian: Տեղում կատարվող գործունեությունների օրինակներ են որսորդությունը, ձկնորսությունը, լուսանկարչությունը, թռչուններ դիտելն ու զբոսայգիներ այցելելը, ինչպես նաև էկոհամակարգի վերաբերյալ տեղեկատվության ուսումնասիրումը: 
English:lemmings: The following skills are required to be a successful Lemming:",lemmings: The following skills are required to be a successful Lemming:
Սվինքսը տեղակայված է որպես ֆոն և երկար պատմվածքի պատմիչ։,"Armenian: Սվինքսը տեղակայված է որպես ֆոն և երկար պատմվածքի պատմիչ։ 
English:thank you for the reply",thank you for the reply
"Նրանք սովորաբար ունենում են սննդի, խմիչքի և ժամանցի հատուկ առաջարկներ՝ հյուրերի բարձր տրամադրությունն ապահովելու և նրանց շենքի ներսում պահելու համար:","Armenian: Նրանք սովորաբար ունենում են սննդի, խմիչքի և ժամանցի հատուկ առաջարկներ՝ հյուրերի բարձր տրամադրությունն ապահովելու և նրանց շենքի ներսում պահելու համար: 
English:daughter-in-law's family members",daughter-in-law's family members
"Արդեն իսկ անգլերեն և ճապոներեն հաղորդումներ թողարկելով` համաշխարհային կազմակերպությունը հեռուստատեսության, համացանցի և բջջային սարքերի համար իսպաներեն, իտալերեն և կորեերեն ծրագրեր է թողարկում:","Armenian: Արդեն իսկ անգլերեն և ճապոներեն հաղորդումներ թողարկելով` համաշխարհային կազմակերպությունը հեռուստատեսության, համացանցի և բջջային սարքերի համար իսպաներեն, իտալերեն և կորեերեն ծրագրեր է թողարկում: 
English:threat to national security, public order, or the economy","threat to national security, public order, or the economy"
"Նախքան Սիմփսոնսը, Սիմոնը տարբեր պաշտոններում աշխատել է մի քանի շոուներում։","Armenian: Նախքան Սիմփսոնսը, Սիմոնը տարբեր պաշտոններում աշխատել է մի քանի շոուներում։ 
English:daughter of the Armenian poet N. Vartanovich",daughter of the Armenian poet N. Vartanovich
Սա թույլ կտա խաղացողներին տեսախաղերում վերահսկել գործողությունները և շարժումները՝ սարքն օդի մեջ շարժելու միջոցով։,"Armenian: Սա թույլ կտա խաղացողներին տեսախաղերում վերահսկել գործողությունները և շարժումները՝ սարքն օդի մեջ շարժելու միջոցով։ 
English:threats of violence and intimidation",threats of violence and intimidation
"Առնվազն 100 մարդ էր այցելել երեկույթին՝ տոնելու զույգի առաջին հոբելյանը, որի հարսանեկան արարողությունն անցկացվել էր անցյալ տարի։","Armenian: Առնվազն 100 մարդ էր այցելել երեկույթին՝ տոնելու զույգի առաջին հոբելյանը, որի հարսանեկան արարողությունն անցկացվել էր անցյալ տարի։ 
English:thirty years after the Armenian Revolution, the Armenian Genocide, the Armenian people are still suffering from the consequences of the genocide.","thirty years after the Armenian Revolution, the Armenian Genocide, the Armenian people are still suffering from the consequences of the genocide."
"Ֆիլմից երկու երգ՝ Լսարանը (Երազող հիմարները) և Աստղերի քաղաքը, անվանակարգեր ստացան լավագույն օրիգինալ երգի համար: Լայընսգեյթ ստուդիան ստացավ 26 անվանակարգ՝ ավելին, քան ցանկացած այլ ստուդիա:","Armenian: Ֆիլմից երկու երգ՝ Լսարանը (Երազող հիմարները) և Աստղերի քաղաքը, անվանակարգեր ստացան լավագույն օրիգինալ երգի համար: Լայընսգեյթ ստուդիան ստացավ 26 անվանակարգ՝ ավելին, քան ցանկացած այլ ստուդիա: 
English: Armenian language",Armenian language
Արտաքին կեղևը մոտ հաստությունը 70 կմ է՝ ավելի մոտակա կողմում և 100 կմ ՝ ավելի հեռու կողմում:,"Armenian: Արտաքին կեղևը մոտ հաստությունը 70 կմ է՝ ավելի մոտակա կողմում և 100 կմ ՝ ավելի հեռու կողմում: 
English:thirty-six",thirty-six
"Հարավից այն կողմ Նիագարայի ջրվեժներն է, և հյուսիսում է գտնվում Մուսկոկայի և դրան շարունակող տարածքների կուսական բնական գեղեցկությունը:","Armenian: Հարավից այն կողմ Նիագարայի ջրվեժներն է, և հյուսիսում է գտնվում Մուսկոկայի և դրան շարունակող տարածքների կուսական բնական գեղեցկությունը: 
English:daughter-in-law's family: the bride's family",daughter-in-law's family: the bride's family
"Էլլսուորթ Լենդը թերակղզու հարավի տարածաշրջանն է, որ շրջապատված է Բելլինգզհաուսեն ծովով:","Armenian: Էլլսուորթ Լենդը թերակղզու հարավի տարածաշրջանն է, որ շրջապատված է Բելլինգզհաուսեն ծովով: 
English:thank you for your interest in the Armenian language.",thank you for your interest in the Armenian language.
Հարավային կիսագունդ Տռավեռսեն (կամ ավտոմայրուղին) 1600 կմ ձգվող երթուղի է՝ Մակմուրդո կայանից Ռոսսա ծովի վրայով դեպի Բևեռ։,"Armenian: Հարավային կիսագունդ Տռավեռսեն (կամ ավտոմայրուղին) 1600 կմ ձգվող երթուղի է՝ Մակմուրդո կայանից Ռոսսա ծովի վրայով դեպի Բևեռ։ 
English:thirteenth century (or early 14th century) Armenian dynasty (Armenian: Հարավային Հեռավեռսեն)",thirteenth century (or early 14th century) Armenian dynasty (Armenian: Հարավային Հեռավեռսեն)
Մաչու Պիկչուի հյուսիսային ծայրամասի վերևում գտնվող այս բարձրադիր սարը հաճախ է լինում ավերակների նկարների հետին պլանում։,"Armenian: Մաչու Պիկչուի հյուսիսային ծայրամասի վերևում գտնվող այս բարձրադիր սարը հաճախ է լինում ավերակների նկարների հետին պլանում։ 
English:daughter of the Armenian Prime Minister's Office: The Armenian Prime Minister's Office's daughter was detained in the United States on suspicion of tax evasion.",daughter of the Armenian Prime Minister's Office: The Armenian Prime Minister's Office's daughter was detained in the United States on suspicion of tax evasion.
Էնցելադն արեգակնային համակարգի ամենաշատ անդրադարձնող օբյեկտն է՝ անդրադարձնելով իր վրա ընկնող արևի լույսի մոտ 90 տոկոսը։,"Armenian: Էնցելադն արեգակնային համակարգի ամենաշատ անդրադարձնող օբյեկտն է՝ անդրադարձնելով իր վրա ընկնող արևի լույսի մոտ 90 տոկոսը։ 
English:threat of a 90-degree angle of attack, the Armenian air force has launched a pre-emptive attack against the Azeri airbase.","threat of a 90-degree angle of attack, the Armenian air force has launched a pre-emptive attack against the Azeri airbase."
"Ջինջ, գեղեցիկ երկնքից ու շրջապատող բազմաթիվ լեռներից բացի ուրիշ ոչինչ հնարավոր չէ տեսնել։ Այս աշխարհից շատ քիչ բան կարելի է տեսնել կամ լսել՝ գտնվելով քարանձավի ներսում։","Armenian: Ջինջ, գեղեցիկ երկնքից ու շրջապատող բազմաթիվ լեռներից բացի ուրիշ ոչինչ հնարավոր չէ տեսնել։ Այս աշխարհից շատ քիչ բան կարելի է տեսնել կամ լսել՝ գտնվելով քարանձավի ներսում։ 
English:, The use of the Internet is not without risks. It is possible to be misled, deceived, or even exploited.",", The use of the Internet is not without risks. It is possible to be misled, deceived, or even exploited."
"Հիմա Ճապոնիայի մասին, այն եղել է կղզի երկիր, ինչպես Բրիտանիան:","Armenian: Հիմա Ճապոնիայի մասին, այն եղել է կղզի երկիր, ինչպես Բրիտանիան: 
English:thank you for the help:",thank you for the help:
"Արևադարձային ցիկլոն Գոնուն, որն իր անվանումը ստացել է մալդիվերեն արմավենու տերևների պարկի պատվին, իր ամենաուժգին պահին հասնում էր ժամում 240 կիլոմետր արագության (ժամում 149 մղոն):","Armenian: Արևադարձային ցիկլոն Գոնուն, որն իր անվանումը ստացել է մալդիվերեն արմավենու տերևների պարկի պատվին, իր ամենաուժգին պահին հասնում էր ժամում 240 կիլոմետր արագության (ժամում 149 մղոն): 
English:dawn: The wind speed reached 240 kilometers per hour (149 miles per hour) at its peak.",dawn: The wind speed reached 240 kilometers per hour (149 miles per hour) at its peak.
"Թուրքիայի տարածքը, հաշվի առնելով լճերը, զբաղեցնում է 783 562 քառակուսի կիլոմետր (300 948 քառակուսի մղոն), որից 755 688 քառակուսի կիլոմետրը (291 773 քառակուսի մղոն) հարավարևմտյան Ասիայում է, իսկ 23 764 քառակուսի կիլոմետրը (9 174 քառակուսի մղոն)` Եվրոպայում:","Armenian: Թուրքիայի տարածքը, հաշվի առնելով լճերը, զբաղեցնում է 783 562 քառակուսի կիլոմետր (300 948 քառակուսի մղոն), որից 755 688 քառակուսի կիլոմետրը (291 773 քառակուսի մղոն) հարավարևմտյան Ասիայում է, իսկ 23 764 քառակուսի կիլոմետրը (9 174 քառակուսի մղոն)` Եվրոպայում: 
English: The total area of Armenia is 783 562 square kilometers (300 948 square miles), of which 755 688 square kilometers (291 773 square miles) are arable land and 23 764 square kilometers (9174 square miles) are forest.","The total area of Armenia is 783 562 square kilometers (300 948 square miles), of which 755 688 square kilometers (291 773 square miles) are arable land and 23 764 square kilometers (9174 square miles) are forest."
"1819 թ.-ին հայտնաբերված Հարավային Շետլանդյան կղզիները պահանջված են մի շարք երկրների կողմից և ունեն ամենամեծ թվով բազաները, որոնցից տասնվեցն ակտիվ են 2020 թ.-ին։","Armenian: 1819 թ.-ին հայտնաբերված Հարավային Շետլանդյան կղզիները պահանջված են մի շարք երկրների կողմից և ունեն ամենամեծ թվով բազաները, որոնցից տասնվեցն ակտիվ են 2020 թ.-ին։ 
English:daughter of the Armenian-British explorer John Haldane, the Armenian-British explorer and explorer of the North Pole, Sir Ernest Shackleton, died on December 14, 2020.","daughter of the Armenian-British explorer John Haldane, the Armenian-British explorer and explorer of the North Pole, Sir Ernest Shackleton, died on December 14, 2020."
"Ափիան Սամոայի մայրաքաղաքն է: Քաղաքն Ուփոլու կղզու վրա է, իսկ բնակչությունը 40 000-ի էլ չի հասնում:","Armenian: Ափիան Սամոայի մայրաքաղաքն է: Քաղաքն Ուփոլու կղզու վրա է, իսկ բնակչությունը 40 000-ի էլ չի հասնում: 
English:threat to the Armenians: The Armenian government has announced that the Armenian forces have seized control of the Armenian checkpoint at the border with Azerbaijan, and that the number of troops is 40,000.","threat to the Armenians: The Armenian government has announced that the Armenian forces have seized control of the Armenian checkpoint at the border with Azerbaijan, and that the number of troops is 40,000."
"Քանի որ փոթորիկը հեռու է սողանքից, դեռևս դժվար է գնահատել Ամերիկայի Միացյալ Նահանգների կամ Կարիբյան կղզիների վրա վերջինիս հնարավոր ազդեցությունը:","Armenian: Քանի որ փոթորիկը հեռու է սողանքից, դեռևս դժվար է գնահատել Ամերիկայի Միացյալ Նահանգների կամ Կարիբյան կղզիների վրա վերջինիս հնարավոր ազդեցությունը: 
English:daughter of a divorced man: The daughter of a divorced man is not allowed to marry again.",daughter of a divorced man: The daughter of a divorced man is not allowed to marry again.
Այն ավելի բարակ է ջրում և ավելի հաստ լեռներում։,"Armenian: Այն ավելի բարակ է ջրում և ավելի հաստ լեռներում։ 
English: is a relatively easy language to learn.",is a relatively easy language to learn.
"Սակայն անտառները սոսկ մանգրենու ճահիճներ չեն. դրանք ներառում են զորավոր ջունգլիների վերջին մնացուկները, որոնք ժամանակին ծածկում էին Գանջեթիք հարթավայրը:","Armenian: Սակայն անտառները սոսկ մանգրենու ճահիճներ չեն. դրանք ներառում են զորավոր ջունգլիների վերջին մնացուկները, որոնք ժամանակին ծածկում էին Գանջեթիք հարթավայրը: 
English:genuine Armenian passports are not issued. The only documents issued are copies of Armenian passports issued by the previous authorities, which are not authentic.","genuine Armenian passports are not issued. The only documents issued are copies of Armenian passports issued by the previous authorities, which are not authentic."
"Միացյալ Նահանգների երկրաբանական հետազոտության երկրաշարժերի միջազգային քարտեզը ցույց չտվեց որևէ երկրաշարժ, որը տեղի էր ունեցել Իսլանդիայում մեկ շաբաթ առաջ:","Armenian: Միացյալ Նահանգների երկրաբանական հետազոտության երկրաշարժերի միջազգային քարտեզը ցույց չտվեց որևէ երկրաշարժ, որը տեղի էր ունեցել Իսլանդիայում մեկ շաբաթ առաջ: 
English:daughter-in-law's role in the family",daughter-in-law's role in the family
Հանգչելով Մեքքայի հյուսիսային լեռներից մեկի գագաթին` քարանձավն ամբողջովին անջատված է աշխարհի մնացած մասից:,"Armenian: Հանգչելով Մեքքայի հյուսիսային լեռներից մեկի գագաթին` քարանձավն ամբողջովին անջատված է աշխարհի մնացած մասից: 
English:dawn of the dawn of the dawn of the dawn of the dawn of the dawn of the dawn of the dawn of the dawn of the dawn of the dawn of the dawn of the dawn of the dawn of the dawn of the dawn of the dawn of the dawn of the dawn of the dawn of the dawn of the dawn of the dawn of the dawn of the dawn of the dawn of the dawn of the dawn of the dawn of the dawn of the dawn of the dawn of the dawn of the",dawn of the dawn of the dawn of the dawn of the dawn of the dawn of the dawn of the dawn of the dawn of the dawn of the dawn of the dawn of the dawn of the dawn of the dawn of the dawn of the dawn of the dawn of the dawn of the dawn of the dawn of the dawn of the dawn of the dawn of the dawn of the dawn of the dawn of the dawn of the dawn of the dawn of the dawn of the dawn of the dawn of the
