62003016	Faith	Uka mana di vegu bi yomina vegu dudu vei mama regifa : Mina dada Keriso ini vegu una maro . Mina dada una yaku ka uni vegu mana di uni usika ourena rofu !
43013001	Grace	Passover irakuna okina koderi , Iesu diba niyo ini meda bi okiyo mina kono feresi ini Baba rofu bogi , ye metonari ini konori ameyadi vene uka maro .
44017031	Grace	Ye ina yaku ini meda yokoi sena moi auba riyo , kono tora noibanu di vene rofu mokena rorobo dudu kota rego ri ; amiye yokoi maka moi auba reyo ri bi ina yaku rego . Ina yaku amiye rofu mina bi moi rama riyo , muyena gutuna ina yaku moi dadi rae reyo dada ! ”
43019002	Description	Ye iya rededi vene yabo imiye maena moi mekuna risi kini kana ada bou ini adari aisi varuka kaka yakugasa aku masi
43014011	Faith	Nai Baba bi na ideri ma na bi nai Baba ideri mokena vari gira aibifa ; o de bi , reremama reida dada mokena vari gira aibifa .
44013018	Description	Ye lagani 40 ri gagani autu sanari Sei yaku ini vegu no regamadi moi tai rigamo .
44016037	Violence	Idu Paul yaku furisi tora vene rofu niyo , “ Ina vene yaku una ideri no yokoi de baku reyadi , idu amiye di nemokori una uyadi — una bi Rome vene ! Kamini dibura yavari una maku dui reyadi . Ma gua bi sui dudu una afei yakugi nidedi ba ? Ide iniye ! Iniye baisi una afei yakugedi . ”
62003003	Faith	Amiye tau Keriso rofu uka mokena aidedi bi ini uka ideri vegu no yokoi de Keriso ini uka ideri vegu no yokoi de kana .
43010008	Sin	Tau gade kaere siko na okina koderi okiyadi amiye bi duma duma ma moi tavoi vene , mamoe yaku ini ago neidena de reyadi dada .
44006013	Description	Ye , amiye be moi dui reyadi ina rofu ofa sina nigedi vo nisi . Yomakai niyadi , “ Yomina amiye bi ari neinei mina Sei vakena yava kikifa ma Moses di ago gira rofu ni no nido .
44002021	Faith	Ye kaere yaku Varika Amiye di roka raka nigo bi moi vegu rigo . ’
43017019	Description	Resi ina dada na kaya moi akeke rida , ye ina ka ago rama dudu moi akeke rigedi .
44021025	Recommendation	Ye tutubena idana vene kaere bi mokena vari gira aiyadi bi uni ukari beika moi vava riyafa bi burari marafa . Ago bi yomini : ofa sei di nemokori aidedi iruku ma dava ma bauye moisi umuyeyadi vibani bi irina ga reyaganedi , ma koa ga reyaganedi . ”
44005003	Sin	Kamini Peter yaku ina rofu niyo , “ Ananias , yi kono sero reyo ri , bi fore be bi moi gira reyo . Beika resi Satani fereyo ma baisi yi uka vata baiyo ma Vima Kikifa rofu ofa niyo ?
52005008	Faith	Idu una bi ariu vena di vene mina ye , uniye uni yuka vana nari regasa , ma mokena vari gira aina ma uka mana mina uni kokoba mari kana ainadi , ma Sei ya moi vegu rina di mokena ago bi ada bou kana ainadi .
62002004	Sin	Amiye yokoi yaku nigo ina bi Sei ina diba vo nigo , idu ini ago gira neidesi de rego ri ina bi ofa ofa amiye ma sina rama bi ina sa de .
43007030	Description	Ye moi gira regika maina reyadi , idu amiye yokoi ini vana dudu avaka de moiyo , adina ini meda bi okina kode dada .
43018030	Description	Ma ni kabai reyadi , “ Mina amiye vegu no de redo vo nisi , bi yi vanari de aiyagadu . ”
44024023	Description	Kamini iya rededi vene di ourefeidena amiye rofu ago maro Paul bi dibura amedo amiye de kana nari resi ini asiyaka okisi egoru o beika mana dada bi ga erikiyagane .
52005014	Recommendation	Ma usika ourena , amei tavoi varei tavoi rededi vene ni egira refa , uka yau egira refa , mokena yau vene aedefa ma amiye sa gubuyo ga rebifa .
44018025	Faith	Amiye bedakai yaku Varika Amiye di ida oteimaradi ma ini ago ka vava nufa Iesu di ini vegu bi amiye ida rorobo dudu maka oteimagamo . Idu ina bi John di babatiso rena maka ina diba .
62002027	Recommendation	Idu ya vene bi , Keriso yaku ini vima ya fafau erausi reyo . Ya bi ini Vima yaku gokai ya sa ameibigo kana , amiye yokoi yaku ya oteimarainedi moke moke de regedi . Adina ini Vima yaku beika tau bi ya oteimado ma beika ya oteimado bi rama , ofa de . Vima di oteimana neidesi ma ina sa vakoi ameibigedi .
44027035	Description	Mina niyo koina niyo ri , bi beredi be moisi ina vene tau di nemokori Sei rofu buni tora gade masi ode ode resi kora resi iriyo .
44015020	Sin	Ye minari bi , fefa yokoi bura resi ina vene nigifa bi ofa sei kino nufa di nemokori aiyadi iruku , vibani bauye moisi umuyeyo ma dava bi irina ga reyagane ; koa rena ka ga reyagane .
44023003	Sin	Paul yaku ina rofu niyo , “ Sei yaku ya famago — ya ofarosi amiye ! Ya bi mironari amesi ago gira dudu na kota aisa , idu ya bi mina ago gira moi ubaki resi ago maisa na famaraganedi ! ”
52005009	Grace	Vegu moi rina uni Varika Amiye Iesu Keriso dudu moigifa , adina Sei yaku ini gubuyo di esika esika moina di una vo de niyo .
52001001	Grace	Mina bura na Paul , Silas ma Timothy yaku — Thessalonica ekalesia vene ya rofu , kaere bi Baba Sei ma Varika Iesu Keriso ideri : Buni tora gade ma uka amuta bi yi .
53002011	Sin	Mina dada Sei yaku ofa forovai mokena moi feidedo ye ina vene yaku ofa vegu rofu kamini mokena vari gira aigedi .
44026011	Violence	Meda tau gade usa usa yava neineiri digasa amiye kaunava vai resi amiye Sei di roka moi no rigi regamaka . Gubuyo iniye ina vene rofu reyaka , ye yava ikari ka gagani bouna di taoniri digasa esika esika magamaka .
44010043	Faith	Sei di ago nidedi vene tau bi ina nigika nigamadi bi , tau noibanu ina rofu mokena vari gira aigedi ri , bi ini vegu no koite makugo , ini roka di vava dudu . ”
44019004	Faith	Paul yaku niyo , “ John di babatiso bi amiye di vegu no feresi moi etagae rina rofu ; ina yaku amiye mina niyo , kaere usi baido rofu mokena vari gira aiyaganedi — mina amiye bi Iesu . ”
44010048	Description	Resi ago maro dada Iesu Keriso di roka dudu babatiso moiyadi . Mina usi bi , usa niyadi dada ma ina vene sa meda be amego .
62002025	Grace	Mina bi Keriso iniye yaku ni tore rena ago una rofu maro — toga toga ameibobina vegu .
43003035	Faith	Baba yaku ini Mida uka maro dada beika baika tau gade di vava ini vanari aiyo .
44018024	Description	Mirona ituari bi Jew amiye ini roka Apollos , kaere bi Alexandria vata niyo , bi Ephesus ri okiyo . Ina bi ago ni mona rena amiye ma Sei di ago diba nufa amiye .
56002015	Recommendation	Ye Titus , mina ya oteimaida sina mina amiye ni oteima . Mina vava tau dudu ya yaku ni egira re kumo mina vegu no ga reyaganedi . Resi amiye yaku yi sina rofu gedu mana ga reyagane .
62004009	Grace	Mina be gokai uni fogori Sei yaku ini uka mana una oteimaro . Ini Mida yokoi maka mina konori ni feidei deyo , ye ina rofu vegu moigi regifa .
43017024	Grace	“ Baba , na ura reida kaere na maro vene bi goidu ameida sanari na sa ka amegedi , ye vabara na maro veibiyaganedi , senagi kono rina koderi na uka maro dada .
44018017	Violence	Kamini ina tau bi Sosthenes , kaere bi usa usa yava di ourefeidena amiye , moi gira resi kota rena sana nefauri ubobo reyadi . Idu Gallio bi mina vata niyo bi vei feidena ide reyo .
43010039	Violence	Mina dada dubusa moi gira regika baku reyadi , idu ini vanari ori diyo .
43012003	Description	Kamini Mary yaku diga roka nard di sisika buni 500 millilitre kana moi boyo . Diga bi fore tora gade dudu voi rededi . Ye Iesu di yuka odoro erausi resi ini ada iye dudu moi ifi regamo . Ma ini sisika buni yaku yava fono reyo .
43008029	Grace	Ma kaere na ni feideyo amiye bi na sa mini ; na ferei tavoi de reyo , adina beika ini uka moi ada redo mina toga reida . ”
43015011	Grace	“ Na mina ya rofu niyaka ye nai ada ya sa feregida ma ada ya muyego .
43002015	Violence	maena dudu buburu vai rena gaudia risi amiye tau gade ka mamoe ma boromakau sa Sei vakena yava umeki rei feidesi fore senesi rena vene di fore moi urafo resi ini teiboro moi evairo riyo .
44007024	Violence	Egypt amiye yokoi yaku ini amiye yokoi rofu rei no regamo ma veyo , dada aedegi nesi bi ini vegu no di ini obini rofu Egypt amiye umuyeyo .
53003013	Recommendation	Ma usika ourena , ya bi vegu buni rena rofu di bi kosika ga refa .
44007043	Sin	Sei roka Molech di karaga yava ka uakaisi sei roka Rephan di ini iya kana uakaigamadi ; mina bi ya yaku sei di ini vima ni vakegi riyadi . Mina dada ya ka Babylon fufuta rofu ya etagae rigi regida . ’
53002015	Recommendation	Mina dada , usika ourena , are rei gira resi mina ago rama ya oteimarafa moi gira refa , uni ago niyafa dudu ba ya rofu bura reyafa dudu .
62003001	Grace	Va mokefa , uni Baba di uka mana di gokai tora una rofu bi sena maro dada una bi ini mida mida vo nibiyagane . Una bi rama iniye ini mida mida . Ma kono di vene tau bi una vei mama de reyadi adina bi Sei vei mama de reyadi dada .
44009014	Violence	Ina bi Sei ma amiye utari naivo vene di varika vene rofu vava moisi mina dudu ya rofu ni vakededi vene moigika minari baiyo . ”
43005018	Violence	Jew vene bi besa umuyegika maina regamadi mina ago dada , adina Sabati meda di ago gira ukero vau riyo maka de , idu ka nigamo Sei bi ini Baba ma mina ago yaku ina bi Sei sa moi yokoi maka riyo .
44002025	Faith	Adina David ina rofu yomakai niyo : ‘ Ari neinei Varika Amiye bi nai neri maka vegamaka ; ina bi na vana rama atafu amedo , dada toe yaku na moi forovai de rego .
43006047	Faith	Rama iniye ya nida : amiye kaere mokena vari gira na rofu aigo bi toga toga ameibobina vegu moigo .
43014018	Grace	“ Na bi ya rofu desi neuka kana de ferei tavoi regida .
62005014	Faith	Sei di nemokori una bi yeiva moisifa , adina beika ini mokenari usa usa nigifa , bi una neidego .
43019041	Description	Ye mina satauro ikoko reyadi sana ideri bi muro yokoi ; muro ideri bi kono guri ruaka , muyena rovaita yokoi mina ideri aina kode .
62005011	Grace	Ma ago ni okuna bi yomini : Sei yaku toga toga ameibobina vegu bi una maro , ma mina vegu bi ini Mida ideri .
62005012	Faith	Kaere amiye ini Mida moiyo bi mina vegu moiyo , ina kaere Sei di Mida moina de reyo bi vegu de moigo .
43008036	Grace	Mina dada , Mida yaku ya erufugo vo nisi , bi ya erufuna iniye rego .
43015022	Sin	Na de baisi ina vene rofu niyaka vo nisi , bi vegu no nufa de , idu gua ini vegu no rofu ago yokoi nigi anua regedi .
62003010	Sin	Mina bi gokai diba nigifa kaere bi Sei di ini mida mida ma kaere bi Bodaka di mida mida : kaere amiye mokena rorobo de reibigo bi Sei di ini mida de , mina kana kaere ini usika ourena uka de mago ka makai .
44002026	Faith	Mina dada nai uka bi ada reyo , ma ada dudu ni vakena sina nigamaka . Na bi amiye maka , amiye tau kana , ye Sei ini beika rego na rofu mina ini uka mokena tua regasa amego ,
44013001	Description	Antioch duburi bi Sei di ago niyadi vene be ma oteimana vene be amegamadi . Ina vene di roka bi mini : Barnabas , Simeon ( ini roka nigika bi amiye gabu ) , Lucius ( kaere bi Cyrene gagani amiye ) , Manaen ( kaere bi gavana Herod sa moi tora reyadi ) ma Saul .
56001011	Sin	Mina vene bi moi babo rigiya , adina ofa ofa dudu fore moigika beika de oteimana ago mina oteimagasa usika ourena tau di varena amena moi no ridedi .
43013011	Sin	( Adina bi sena diba niyo kaere yaku tautore rego ; mina dada niyo , “ Ya tau vakoi ruaka de . ” )
43010001	Sin	“ Rama iniye ya nida : kaere amiye yaku mamoe di dai buru rina ida vena ideri dui de rego idu ida yokoi rofu firu rigo , bi duma duma ma moi tavoi amiye .
44014005	Violence	Kamini tutubena idana vene be ma Jew vene be ini ourefeidena vene sa egogo resi bi mokena moisi bi ni feidena vene rofu rei mona de resi fore dudu umuyegedi .
43021017	Description	Ma uru regode yaku niyo , “ Simon , John di ubama , na ura reisa ba ide ? ” Kamini Peter bi iriyeduka reyo , adina bi uru regode ni kaiteyo , “ Na ura reisa ba ide ? ” Ye ni kabai reyo , “ Varika Amiye e , ya bi beika baika tau gade ya diba ; ya ya diba ya ura reida ! ” Ma niyo , “ Nai mamoe mida mida vana re .
43012023	Description	Ye Iesu yaku ni kabai reyo , “ Amiye di Mida di roka moi odoro rego di meda bi okiyo mini .
44026017	Grace	Na yaku Jew vene ma tutubena idana vene , kaere na ya rofu ni feidegida , di vavari ya moi vegu rigida .
56003003	Sin	Una ka sena bi , mokena buni yokoi de ago ka neidena de , dona auna di moke moke regamafa , una ofarosi regamadi ma rovaita moi ada regika vegu no yaku una ourefeidegamo . Una yaku uni mokena no masi amiye be rofu ka maunu nigamafa . Una yaku amiye be rofu gubuyo regamafa , ma uniye uniye ka gubuyo regamafa .
44009043	Description	Kamini Peter bi meda tau gade Joppa ri ameyo , amiye roka Simon sa , kaere bi boromakau di ini ro moimai redo amiye .
43008021	Sin	Kamini dubusa niyo , “ Na bi ya ferei digida ; na maina regedi , ma yi vegu no dudu ya kaya muyegedi . Nai dina sana bi ya digi anua regedi . ”
43012026	Faith	Amiye yokoi na rofu naivo rego vo nisi , bi na usi baiyaine ; ma goina sanari amegida , ina ka amego . Amiye yokoi na rofu naivo rego vo nisi , nai Baba yaku moi kikifa rego .
52005011	Recommendation	Mina dada ya kaya ya kaya egira regasa aedegedi , gua rededi kana .
62003011	Recommendation	Ini adinari gutuna baiyo gua neideyadi sina bi yomini : uniye uniye rofu uka mabinadi .
43003001	Description	Pharisee amiye yokoi ini roka Nicodemus ameyo . Ina bi Jew vene di ourefeidena amiye yokoi .
44013017	Grace	Israel vene di Sei yaku uni tutubena vene nisi moiyo . Egypt ri yava ika vene kana amegamadi ri , bi ina vene rofu gagani tora yokoi moi risi ini vava tora dudu Egypt gutuna moi yakuyo .
44015008	Grace	Ye Sei , kaere bi una yokoi yokoi di mokena bi ina diba yaku bi tutubena idana vene rofu ni maro , Vima Kikifa ina vene rofu maro dudu , una rofu ka maro kana .
43010028	Grace	Toga toga ameibobina vegu maida ma toga de muyegedi , ye yokoi yaku nai vana gutuna de moi yakugo .
56003008	Faith	Mina sina bi rama sina . Gua ya ura reida bi , mina sina besa nigiya , kumo kaere Sei rofu di uka vari gira aiyadi vene bi ni kumo kimo mokena buni dudu vegu buni rebigedi . Amiye rofu mina moimai buni sina bi buni ma amiye tau buni baku regedi .
43019034	Violence	Ye iya redo amiye yokoi yaku ini aveta ora dudu imiyo ma evade dava ma koru rausi reyadi .
43015012	Recommendation	Nai ago gira bi mini : ya kaya uka mafa ya uka maraka kana .
52002015	Violence	kaere yaku Varika Amiye Iesu ma Sei di ago nidedi vene umuyeyadi ma una ka meki reyadi . Ina bi Sei moi ada de reyadi , idu amiye tau di tuma niyadi !
44009001	Violence	Neituari Saul bi toga toga Varika Amiye di usi dina vene rofu ni moi ori rena sina ma umuyena sina nigamo . Resi Sei ma amiye utari naivo amiye tora rofu bosi
43017013	Description	Na ya rofu baigida ye konori mina ago nida , ye nai ada rena tau gade bi ini uka ideri moi vata baiyaganedi .
44011006	Description	Ideri vei mona reyaka ri , bi vibani yuka vana raro nufa ma tuma dona nadina , iyana rededi vibani aruma kana ma oma di erena veyaka .
44018003	Description	ina sa amesi moimai regamadi , ini adina ina bi dudubu yava vadina amiye ina vene kana .
53003012	Recommendation	Varika Amiye Iesu Keriso di roka dudu mina vene rofu ago gira nisi sisiba masifa , vegu rorobo dudu ameibiyagane resi moimai dudu iniye ini vegu baku regedi .
44007009	Sin	“ Mina tutubena tuero Joseph rofu maunu nisi Egypt ri sero reyadi . Idu Sei bi ina sa ,
44011028	Description	Ina vene di amiye yokoi roka Agabus bi Vima Kikifa di vava dudu dadisi niyo bi adabo tora yokoi gagani kono tora noibanuri gabi vata nigo . ( Claudius Rome di gagani gagani tau ourefeidena amegamo ariri vata niyo . )
44020036	Description	Kamini Paul yaku mina ago koina niyo ri , efuka meimisi ina vene tau vakoi sa usa usa niyo .
62001006	Sin	Una yaku nisifa , una bi ina sa auta resifa vo nisifa idu mina regasa ma mukunari disifa vo nisi , bi una bi uniye ofa nisifa , uni agori ma uni reremamari .
44010011	Description	Oma ekeyo ma beika yokoi bou varuka buni tora kana kono fafau degamo mina veyo . Mina bi teukana vana raro rofu moi gira regamadi .
44002009	Description	Una bi Parthia vene , Media vene , Elam vene ; ma Mesopotamia , Judea ma Cappadocia , Pontus ma Asia rofu vene ;
56001015	Sin	Amiye kaere bi ini vegu no yokoi de Sei di nemokori bi , beika tau mina bi ina rofu no yokoi de . Idu kaere vegu no nufa amiye ma Iesu rofu uka vari gira de aidedi , bi beika tau rededi bi buni de . Mina di adina bi , ini mokena ma ini uka di mokena bi kino nufa .
44009021	Description	Ini sina neidegamadi vene tau tururu resi ni kaiteyadi , “ Mina amiye yaku Jerusalem ri mina amiye Iesu ni vakegamadi vene moi no rigamo , ba ? Ina minari ka mina vene moigika Sei ma amiye utari naivo vene di ini varika vene rofu dairigi baiyo . ”
62005020	Faith	Una una diba Sei di ini Mida bi desi vei mama rena di mina una maro , ye una Sei diba nina kaere bi rama iniye . Uni vegu bi Sei rama iniye ideri — ini Mida Iesu Keriso ideri . Ina bi Sei rama iniye , ma toga toga ameibobina vegu .
43014027	Grace	“ Na yaku uka amuta ya sa fereida ; bi nai uka amuta ya maida . Mina ya maida bi mina kono vene yaku madedi kana de . Yi uka moi kenoka ga resi ori ga refa .
43012047	Grace	Amiye yokoi nai ago neidego idu moi gira de rigo vo nisi , na yaku ina rofu kota de rego ; adina na bi kono tora noibanu di vene rofu kota regika de deyaka , idu moi vegu rigi deyaka .
62003012	Sin	Cain yaku reyo kana vegu bi ga renadi . Ina bi amiye no di ma ina yaku ini usika Abel umuyeyo . Beika resi Cain yaku umuyeyo ? Adina Cain di vegu bi no ma Abel di vegu bi mokena rorobo nufa .
44006001	Description	Mina ariri , usi dina vene bi tora ni baigamo ri , bi Greek ago nidedi Jew vene Hebrew ago nidedi Jew vene sa kayamo reyadi . Greek ago nidedi vene yaku nigamadi bi iruku rau rededi ri , bi ini obu vene bi de mokededi .
53003010	Recommendation	Ya sa amegamafa ri ya rofu ago gira nigamafa , “ Kaere moimai rofu vauya rego bi iruku ga iriyaine . ”
43003016	Grace	Adina Sei yaku konori amededi vene besa uka maro , ye ini Mida yokoi maka maro , amiye kaere ina rofu mokena vari gira aigo bi de muyego idu toga toga ameibobina vegu baku rego dada .
44019015	Description	Idu vima no yaku ni kabai resi ina vene rofu niyo , “ Iesu bi na diba ma Paul ka na diba , idu ya vene bi kaere ? ”
44027002	Description	Una bi Adramyttium gagani di boutiri keu riyafa . Ye una bi davarari boyafa ma mina bouti bi Asia gagani kone di taoniri digo . Macedonia amiye yokoi Thessalonica rofu ini roka bi Aristarchus ina ka una sa .
44007005	Description	Idu mina ariri Sei yaku kono yokoi ini vo nisi de maro , kono kefuka yokoi mina ka de iniye iniye . Idu Sei yaku sina ni tore resi niyo bi ina rofu ma ini tutubena vene mago vo niyo . Sei yaku mina sina ni tore reyo ariri , bi Abraham bi mida koina .
44007019	Description	Uni vene eru resi nari rei no regamo ; dada ago gira niyo ini mida keika keika yavari gutuna etofaro moi yakuyaine ma muyegamadi .
43020003	Description	Ye Peter mina usi dina amiye yokoi sa guri aiyadi sanari urana boyadi .
44024016	Faith	Mina resi toga toga Sei ma amiye di nemokori uka di mokena rorobo dudu ka yeiva reida .
65001013	Description	Ina vene bi davara di ini ureure kana , ini maena bi davara di kabudo kana fonufonu rei baido . Ina bi yaveru kana , adina Sei yaku toga ameibigo mukuna girigiri sana ferei maro .
62003024	Faith	Ini ago gira moi gira redo amiye bi Sei sa amedo ma Sei ka ina sa amedo . Ma una una diba ina bi una sa amedo adina una una diba bi ini Vima una maro .
43006056	Faith	Kaere nai rovaita irisi nai dava duduka rego amiye bi na ideri ameibigo , ma na ka ina ideri ameibigida .
43011027	Faith	Ma niyo , “ Yo , Varika Amiye ; ya bi Keriso Sei di Mida , kaere bi konori dego , mina rofu mokena vari gira aida . ”
44002042	Faith	Ari neinei egogo resi ni feidena vene di ini sina neidegi , rafuri egogo resi ini iruku irigi , usa usa nigi amegamadi .
44012002	Violence	James kaere bi John di ini dubuini , bi niyo bi bainasi dudu umuyeyo .
62003015	Sin	Ini usika ourena rofu gubuyo redo amiye bi amiye umuyedo amiye . Ya ya diba , toga toga ameibobina vegu bi amiye umuyedo amiye sa de amedo .
43021015	Faith	Iruku iriyadi koina niyo ri , Iesu yaku Simon Peter ni kaiteyo , “ Simon , John di ubama , ya besa na rofu uka maisa mina vene kana de ? ” Ma ni kabai reyo , “ Yo , Varika Amiye , ya ya diba ya ura reida . ” Ma Iesu niyo , “ Nai mamoe mida mida vana re , ” vo niyo .
44007013	Description	Ye dubusa dairi neyadi ri , bi Joseph iniye ina bi kaere ini dubuiyaka vene rofu ni ogau reyo ma mina ariri Pharaoh ka Joseph di ini usika ourena diba niyo .
44004032	Description	Mokena vari gira aina vene tau vakoi bi mokena ma uka yokoi maka moisi amegamadi . Amiye yokoi yaku ini gugura dada nina de regamo , idu iniye iniye rau regamadi beika tau ina sa amegamo bi .
44013048	Faith	Tutubena idana vene yaku mina sina neideyadi ri , bi ada resi Varika Amiye di ago moi odoro reyadi ; resi kaere bi Sei yaku toga toga ameibobigedi vegu rofu vo niyo bi mokena vari gira aiyadi .
53003015	Recommendation	Resi tuma amiye yokoi kana dudu ga dogo refa , idu yi dubuini kana mokena dudu ago buni ni diba mafa .
56002014	Faith	ma kaere yaku vegu no tau rofu una erufugika iniye una maro ma amiye kaere bi iniye di mina iniye moi ruaka riyo , vegu buni rena moke moke rebigedi .
43005024	Faith	“ Rama iniye ya nida : kaere nai ago neidesi na ni feideyo amiye rofu mokena vari gira aigo bi toga toga ameibobina vegu baku rego . Bi kota de rego , idu bi muyena feresi vegu rofu orefaro .
65001003	Recommendation	Nai mokei vava reida vene , na bi nai mokena tora noibanu dudu una moi vegu rena sina vakoi resifa mina ya rofu bura reida . Ye nai mokena bi ya rofu bura resi ya egira regida , ye mokena vari gira aina di ruda reyagane , goina bi Sei yaku uru yokoi maka ini vene maro .
44004002	Description	Gubuyo tora gade reyadi adina ina vene yaku amiye oteimagasa nigamadi bi muyena vene bi Sei yaku Iesu reyo kana dubusa muyena gutuna dadigedi .
43004046	Description	Ye dubusa Cana Galilee gaganiri dairiyo ; minari sena koru moi kero resi waini riyo . Ma mironari Capernaum ri bi ourefeidena amiye yokoi kaere ini mida gauka varegamo .
62004013	Grace	Una diba una bi ina ideri amesifa ma ina una ideri , adina ini Vima bi una maro .
43019029	Description	Waini safi de ru siua vata baiyo bi minari ameyo ; ye mina waini viniga dudu sipanisi vata baisi yabo roka hyssop teteka tete risi ini venari moi odoro riyadi .
43016023	Faith	“ Mirona medari , beika yokoi na rofu usa de nigedi . Rama iniye na nida : beika baika nai roka dudu nai Baba rofu usa nigedi , bi ya mago .
43016002	Violence	Usa usa yava etofaro ya umeki regedi . Ye meda baigo ye kaere ya umuyego bi mokego ina bi Sei rofu naivo redo .
43018023	Description	Ye ni kabai reyo , “ Na beika niyaka bi no vo nisi , mina rofu ni ogau re ; idu na bi rama niyaka vo nisi , bi beika resi na uyo ? ”
44007041	Sin	Mirona ariri , boromakau di ini mida yokoi kana riyadi , aira ofa sei rofu ori sisika resi ini mina riyadi rofu ada reyadi dada .
44002040	Recommendation	Sina tau dudu Peter yaku ina vene rofu nisi toga toga ni yeiva regasa nigamo , “ Gua yomina vegu no rededi vene di ini kaunava iniye moi vegu rifa ! ”
52001004	Faith	Usika ourena , una diba Sei yaku ini uka ya mado ma ina yaku ya vo niyo ya bi ini ,
44027001	Description	Mokeyadi una bi bouti keu risi Italy bogifa ri , bi Paul ma dibura vene bedakai sa iya rededi vene di ourefeidena amiye tora di vanari aiyadi ; ini roka bi Julius , kaere bi Augustus di ini iya rededi vene di .
44007058	Violence	Taoni etofaro rofu umeki reyadi ri , bi fore dudu umuyegi kora regamadi . Stephen kota aiyadi vene yaku ini varuka be bi mida godua yokoi roka Saul di ini atafuri fereyadi .
43001029	Faith	Ari uveyo ri John yaku Iesu ina rofu baido ma vesi niyo , “ Sei di Mamoe Mida mini , kaere yaku kono tora noibanu vene di vegu no erufudo !
43010010	Grace	Duma duma redo amiye ini baido bi duma duma resi amiye umuyesi beika baika moi no regika maka . Idu na yaku okiyaka bi vegu buni moiyaganedi — ma mina vegu buni bi tora noibanu moiyaganedi .
44021024	Recommendation	Mina rumana vene sa bosi ina vene sa ini kino moi ruaka nina vegu regedi ri ya ini davana regiya , ye makai resi ini ada iye nugagedi . Kamini amiye tau yaku diba nigedi ya mina ago moi diga bogasa reyo ya dada bi rama ide . Ma diba nigedi yi veguri ya bi rorobo maka resi Moses di ago gira bi moi gira reisa .
44001026	Description	Resi bi mina amiye remanu di roka bura resi laki dudu isira resi ini roka maina reyadi . Roka moiyadi bi Matthias . Ye ina be mina ni feidena vene 11 di rafuri boi dui reyo .
64001011	Recommendation	Nai mokei vava reida amiye , vegu no mina tari ga re . Vegu buni mina maka tari re . Kaere vegu buni redo amiye bi Sei di . Kaere amiye yaku vegu no redo bi Sei de veyo .
43006039	Grace	Ma kaere na ni feideyo amiye di ura bi yomini : na maro vene tau vakoi bi yokoi boyo de regida , idu meda metonari mina vene tau vakoi bi moi edadigida dada .
52003006	Description	Idu Timothy bi ruika mamo una rofu bae okiyo ri , ago buni moi baiyo , yi gokai mokena vari gira aisi uka madedi . Ina niyo bi ya yaku mokena buni dudu una mokededi , ma yi ura una vegi rededi una ka gokai ya vegifa kana .
43012006	Sin	Makai niyo bi irava vene bi dogo redo dada de , idu ina bi duma amiye dada . Bi fore dura dogo rena amiye , ye mina beika ideri aigamadi moigasa irigamo .
62004016	Faith	Mina ye , una una diba ma mokena vari gira aisifa Sei di uka mana uni rofu di . Sei bi uka mana amiye ma kaere amiye uka mana ideri amedo bi Sei ideri amedo ma ina ka ina ideri .
44011019	Description	Stephen umuyeyadi ri , bi esika esika vata niyo dada ekalesia vene be ori maike Phoenicia , Cyprus ma Antioch gaganiri boi neyadi . Mironari bi Jew vene rofu maka sina buni nigamadi .
44028018	Description	Na ni kaite mona resi ini ura bi na ni feidegedi , adina bi no yokoi reyaka ma muyegida di ida bi baku de reyadi .
43007025	Description	Mina dada Jerusalem vene be yaku niyadi , “ Mina amiye umuyegi maina rededi bi mini ?
43020022	Faith	Mina nisi ina fafau asa masi niyo , “ Vima Kikifa moifa .
62005010	Faith	Kaere amiye yaku Sei di ini Mida rofu mokena vari gira aido bi mina ni okuna ago ini uka mekori . Kaere amiye yaku Sei rofu mokena vari gira de aido bi iniye moi ofa ofa amiye rido , adina Sei yaku ini Mida ago ni okuyo bi mokena vari gira de aido .
43014012	Faith	Rama iniye ya nida : kaere na rofu mokena vari gira aigo amiye bi reremama na yaku reida kana ka rego — ye mina kana maka de , idu isivaga iniye , adina na bi nai Baba rofu bogida dada .
56002009	Recommendation	Moimai rei tavoi rededi vene oteimagiya ma ini ourefeidena vene di gabireri ini moimai tauri raga rebiyagane ma ini uka moi ada rebiyagane , ini ago obe ga reyagane ,
43006040	Faith	Adina nai Baba di ura bi yomini : ini Mida vegasa mokena vari gira aigedi vene tau vakoi bi toga toga ameibobina vegu moigedi , ma na yaku ka meda metonari moi edadigida . ”
44012023	Violence	Minari maka Varika Amiye di naivo naivo vima yaku u moi keto reyo , adina Sei di roka moi odoro de reyo . Adi yaku iriyadi ma muyeyo .
52005016	Recommendation	Ari neinei ada rebifa ;
52004014	Faith	Adina una bi uka vari gira aisifa Iesu bi muyesi dubusa dadiyo , ye Sei yaku mina de neyadi vene kaere bi ini uka vari gira Iesu rofu aisi muyeyadi mina ina sa moi dego .
62004015	Faith	Ma kaere amiye yaku ni ogau rego Iesu bi Sei di ini Mida vo nisi , bi Sei bi ina sa amedo ma ina ka Sei sa amedo .
43010009	Grace	Na bi ida vena . Amiye na rofu baigo vo nisi , bi moi vegu rigida ma bae dui resi yakusi oruma iri iri sana baku rego .
62002029	Faith	Ya ya diba Keriso bi mokena rorobo amiye , mina resi , kaere amiye mokena rorobo reibigo bi Sei di ini mida .
44013047	Grace	Adina Varika Amiye yaku ago gira una niyo bi yomina : ‘ Tutubena idana vene di vabara bi ya yaku riyaka , ye mina dada gagani kono tora noibanu di vene tau vegu niyaganedi . ’ ”
44002033	Description	Mina dada Sei , ini Baba , yaku ini vana rama rofu moi odoro dadisi ina rofu Vima Kikifa maro , ini ni tore rena ago kana . Dada gua beika vegasa neidededi bi una mago vo niyo kana mini una fafau moi rausi reyo .
43011004	Faith	Ma mina neidesi niyo , “ Mina gauka dudu de muyego ; bi Sei di vabara moi ogau regi , ye makai dudu ka Sei di Mida ini roka moi odoro rego . ”
43019017	Description	ma yakusi iniye ini satauro uakaisi gagani roka “ Ada Girika di Sana ” okiyo . ( Hebrew agori bi roka nidedi “ Golgotha ” . )
52004006	Recommendation	Ma mina idari bi amiye yokoi vegu no ga reyaine o ofa ofa vegu ga boyaine , ini usika ourena fafau . Adina una makai sena ya rofu nisi ni diba reyafa mina kana vegu no bi Varika Amiye yaku toe mago .
43005020	Faith	Adina Baba yaku ini Mida uka masi ini beika tau gade inike redo mina oteimado . Ina yaku ka beika tora tora reyainedi oteimago , ye ya vene tururu regedi dada .
57001022	Recommendation	Ma sina yokoi ka yomini : Nai daiyutu yokoi moi dogo regiya . Adina nai uka aida bi Sei yaku yi usa usa neidesi na moi dairigo ya rofu .
52005012	Recommendation	Usika ourena , gua ya usa nisifa bi , yi fogori amiye kaere moimai rei gira resi Varika Amiye di rokari ya nari resi ya fafau oteimadedi , ya bi ina rofu vei mama resi rei mona rebifa .
43009022	Description	( Ini nono baba yaku makai niyadi adina bi Jew vene rofu ori reyadi . Adina bi sena yo niyadi amiye nokoi yaku nigo Iesu bi Keriso vo nisi , bi usa usa yava gutuna umeki rei makugedi . )
62003023	Faith	Sei di ago gira una rofu bi yomini : ini Mida Iesu Keriso di ini roka rofu mokena vari gira aigifa ma uniye uniye uka mafa . Mina ago gira bi Iesu Keriso yaku sena una maro .
44020010	Description	Idu Paul bi nesi bi mina mida fafau rovauyo resi binu masi niyo , “ Forovai ga refo , ina bi vegu niyo ! ”
65001020	Faith	Idu ya vene , nai mokei vava reida asiyaka , ya kaya yi akeke mokena vari gira aina mina fafau are rei gira resi Vima Kikifa nufa usa usa nibifa .
62002015	Recommendation	Mina kono ga uka mafo o koina kono di ini beika yokoi . Ya mina kono uka magedi vo nisi , bi Baba di ini uka mana una sa bi de .
43019023	Description	Iya rededi vene yaku satauro ikoko regasa ini varuka iniye yokoi yokoi tetevai regi moisi bado vana rarori aiyadi ; ina ka ini ideri varuka moiyadi . Mina ideri varuka bi odorori egona rofu dabua yokoi maka dudu vadiyo ,
44020035	Recommendation	Beika baika tauri resifa ya oteimaraka , makai moimai gira dudu kaere yau nidedi vene aedefo . Ma mokei refo Iesu Varika Amiye iniye di ini ago niyo kana , ‘ Mana rofu yi ada bi tora gade , ye moina rofu yi ada bi keika nigo . ’ ”
43020005	Description	agu risi varuka buni maka veyo , idu guri ideri bi de boyo .
43014021	Faith	“ Kaere nai ago gira moisi neidedo mina amiye bi na rofu uka mado . Ma kaere na rofu uka mado amiye bi nai Baba yaku uka mago , ma na ka uka masi ina rofu na kaya ni okugida . ”
64001006	Recommendation	Ina vene yaku minari amededi ekalesia vene bi sena ni oteimaradi , ya yaku ina vene uka magasa aedeisa mina . Ye , buni bi ina vene aedesi ni feidegiya ma dibo regedi mina yaku Sei moi ada rego .
44011017	Grace	Mina dada mina bi vabara mini , Sei yaku mina tutubena idana vene rofu mina buni maro bi ina ka una maro , Iesu Keriso rofu mokena vari gira aiyafa ri ; na bi na kaere dada Sei moi vaigida ! ”
62003007	Recommendation	Nai mida mida , amiye yokoi yaku ga ya ofarosi reyaine . Kaere yaku vegu rorobo redo amiye bi mokena rorobo redo amiye , Keriso iniye bi mokena rorobo rena amiye kana .
62004001	Recommendation	Nai mokei vava reida vene , vima tau mina rofu mokena vari gira ga aifa , idu vima mina va eru refa rama ina bi Sei rofu ba ide mina , adina ofa ofa sei di ago ni okudedi vene bi konori ma sena di vau reyadi .
44013038	Grace	Usika ourena vene , vei mama reyaganedi Iesu rofu di vegu no koite makuna di sina bi ya nisifa mini .
43018031	Description	Kamini niyo , “ Ya kaya moisi yi ago gira dudu ini vegu no kota refa . ” Ye niyadi , “ Uni ago gira dudu bi amiye yokoi ga umuyegane . ”
52004003	Recommendation	Ye mina bi Sei di ini ura dudu ya mina akeke niyaganedi : ya bi koa di vegu mina egavoi reyaganedi ;
44007029	Description	Moses mina neideyo ri , bi Egypt gaganiri gutuna ori disi yava ika amiye kana Midian gaganiri amegamo . Mironari bi ini rumana mida remanu vata niyadi .
44020029	Violence	Na na diba gabi ya feregida ri , bi sufa gadeva auna yaku yi fogori okisi mamoe amededi bi moi no rigedi .
53001004	Faith	Mina dada una yaku Sei di ekalesia vene di nemokori ka ya rofu ni vasina resifa . Ya ni vasina resifa sana bi yomakai : esika tora ma toe tora moisi amededi idu , are rei gira resi bi yi mokena vari gira Sei rofu aisi amededi .
62004012	Faith	Yokoi yaku Sei vena de reyo , idu uniye uniye uka mabigifa vo nisi , bi Sei bi una sa ideri amedo , ma ini uka mana bi una ideri moi buni redo .
56003001	Recommendation	Amiye tau dubusa ni oteima kumo rautu di ourefeidena vene ma gavmani vene di vava gabireri amesi ini ago neidegasa moi gira reyagane . Beika moimai buni maka regika ameibiyagane ,
53003006	Recommendation	Usika ourena , uni Varika Amiye Iesu Keriso di roka dudu ya ago gira nisifa mini , uni usika ourena be kaere bi moimai de rena amededi vene ma kaere bi oteimana ago ya rofu maro bi de neidededi kaiba ga refa .
44016006	Description	Paul ini asiyaka vene sa Phrygia ma Galatia di gaganiri dibo reyadi , adina bi Vima Kikifa yaku ini ida biri riyo , ga Asia gaganiri Ago Buni ni rausi reyaganedi .
62005001	Faith	Kaere amiye Iesu bi Keriso rofu mokena vari gira aigo , bi Sei di mida , ma kaere yaku Baba rofu uka mago bi ini mida ka uka mago .
43004052	Description	Ye ina yaku ni kaiteyo beika meda nemoko ramari ini mida buni niyo , ma ina vene yaku niyadi , “ Ini rovaita vaki vaki rena bi agiya meda nemoko yokoi uriyenauri fereyo . ”
43019031	Violence	Jew vene Pilate usa niyadi bi satauro ikoko reyadi vene ini yuka uroki resi ini rovaita moi soka regedi , bi dogo rena di medari dada , ye rovaita bi Sabati medari satauro odoro de fereyainedi ; mina bi Sabati meda tora dada .
43019012	Description	Mina usi Pilate erufugi di ida maina reyo , idu Jew vene imuna niyadi , “ Ya mina amiye erufugiya vo nisi , ya bi Caesar di asini de ! Kaere yaku nibigo bi kini , Caesar rofu ruda rego . ”
43014001	Faith	“ Yi uka moi esika ga refa . Sei rofu mokena vari gira aisi na rofu ka mokena vari gira aibifa .
43015016	Grace	Ya na auba de reyadi , idu na ya auba resi abidi reyaka , ye disi meko moyagadu dada , ma yi meko ameyagadu . Makai beika baika nai roka dudu nai Baba rofu usa nigedi , bi ya mago .
52004007	Grace	Adina Sei yaku vegu no rena di una vo de niyo , idu vegu akeke dudu ameibina di vo niyo .
62004007	Faith	Nai mokei vava rena vene , uniye uniye uka mabinadi , adina uka mana bi Sei rofu dedo . Amiye tau kaere uka mado bi Sei rofu di vata niyo ma ina diba Sei .
62002009	Sin	Kaere amiye yaku nigo ina bi vabarari amedo , idu ini usika ourena uka de mado , bi mukunari baiyo gua medari ka .
44021019	Grace	Paul yaku kokora nisi Sei yaku tutubena idana vene di ini tebori reyo Paul di ini moimai dudu ago tau mina ni okuyo .
43008046	Sin	Ya kaere na rofu vegu no yokoi baku reyo ? Na bi ago rama nida vo nisi , beika resi ya vene na rofu mokena vari gira de aidedi ?
43007020	Violence	Amiye tau gade yaku ni kabai reyadi , “ Ya bi vima no sa ! Kaere yaku ya umuyegi maina redo ? ”
43018018	Description	Itu reyo dada , moimai rei tavoi rededi vene ma naivo naivo vene ita orisi are rei buru risi vava regamo . Ma Peter ka vava regika ina vene sa are regamo .
43013037	Faith	Kamini niyo , “ Varika amiye e , beika resi gua ya usi baigi auna regida ba ? Ya dada nai vegu eyaregida ! ”
44026009	Sin	“ Ye na kaya sena bi , Iesu Nazareth amiye di roka moi no tora rena mina mokeyaka .
43010012	Description	Fore rofu moimai redo amiye bi mamoe dogo redo amiye de , mamoe di adina de . Mina dada sufa di gadeva auna baibigo ri , bi vesi mamoe ori digo . Makai rego ri mina sufa di gadeva auna yaku mamoe aki resi moi urafo rego .
43012046	Grace	Na bi vabara kana mina konori deyaka , ye kaere na rofu mokena vari gira aigo amiye bi mukunari ga ameibiyaine .
43005014	Description	Mina usi Sei vakena yavari baku resi niyo , “ Neide , ya bi buni niyo ; besu vegu no ga re , de bi beika yokoi no iniye ya rofu vata nigo baebu . ”
43014015	Recommendation	“ Ya na uka madedi vo nisi , nai ago gira bi neidegedi .
44003026	Grace	Makai dada Sei yaku ini Naivo Amiye vo nisi ya vene rofu siko ni feideyo buni tora gade masi yi vegu no gutuna etagae moi rigi . ”
44010039	Violence	Una bi uniye uni nemoko dudu veyafa , beika vegu tau Jerusalem taoniri ma Jew vene di gagani noibanuri reyo bi . Mina resi bi umuyeyadi ; yabo odorori ikoko reyadi .
43004010	Grace	Iesu yaku ni kabai reyo , “ Sei yaku beika mado ma kaere yaku koru ya usa nido bi diba niyo vo nisi , ya bi ina usa niyagadu ma ina yaku vegu koru ya maragadu . ”
43020031	Faith	Idu mina bura reyo , Iesu bi Keriso , Sei di Mida mina rofu mokena vari gira aiyaine dada , ye yi mokena vari gira aina dudu ini rokari vegu moigedi .
62004006	Faith	Una bi Sei rofu di mina resi kaere amiye Sei diba nido bi una neidedo , idu kaere amiye Sei rofu di de bi de una neidedo . Mina bi gokai rama vima ma ofa ofa vima vei mama regifa .
65001012	Description	Mina vene bi ekalesia irakunari naguma kana maena de iruku irigedi . Ina bi mamoe nari vene kana kaere bi iniye maka iri iri rededi . Ina bi miya de redo seuya kana , aura yaku ufu redo . Ina bi yabo kakari meko varena de , ye muyena iniye reyainedi daru sa yai rei makudedi kana .
44005015	Description	Oteimana vene yaku mina vegu regamadi dada , gauka vene taoni idari ekama fafau uakaisi ae feregamadi , Peter baisi ebu rei bogo ri ini vima ina vene be fafau yarego di .
43018040	Sin	Ye dubusa imuna niyadi , “ Mina amiye bi de , idu Barabbas maka ! ” ( Barabbas bi gavmani rofu ruda rena amiye yokoi . )
44014014	Description	Ye ni feidena amiye Barnabas ma Paul mina beika vegu regedi neideyadi ri , bi ini varuka uesi amiye tau utari raga bosi raka nigasa niyadi ,
43015020	Recommendation	Mina sina ya rofu niyaka mokefa : ‘ Moimai rei tavoi redo amiye yaku ini varika amiye ebu de rego . ’ Na esika esika maradi kana ka ya esika esika magedi . Nai ago neideyadi vo nisi , ka bi yi ago neidegedi .
43008031	Faith	Ye Iesu yaku Jew vene kaere ina rofu mokena vari gira aiyadi ina vene rofu niyo , “ Nai ago moi gira regedi vo nisi , ya bi rama nai usi dina vene ;
44007011	Description	Ye mirona ariri Egypt ma Canaan gaganiri bi adabo yokoi are reyo ma amiye esika esika moiyadi . Uni tutubena vene ka iruku de baku reyadi .
63001004	Faith	Na bi neidesi ada tora gade reyaka adina sina rama dudu yi mida be bi Baba yaku ini ago gira una maro kana dudu amededi .
44027034	Recommendation	Gua ya usa nida iruku be irigedi ; resi vegu moiyagane . Ya nokoi esika de moigedi . ”
56002002	Recommendation	Rumana tora tora oteimagiya koru no irina ga reyaganedi , ma mokena gira ma buni reyagane ma ini yuka vana nari reyagane ; ma Sei rofu mokena vari gira aina , uka manari ma moi yeiva resi toe moi dina mina moi gira rebiyagane .
44017030	Recommendation	Sei yaku mina meda amiye bi ina toto bi mokei vava ide regamo , idu gua bi gagani amiye tau rofu nido , “ Yi vegu no feresi moi etagae rifo . ”
43019025	Description	Ma Iesu di nono ma ini rasini Mary , kaere bi Clopas di rema , ma Mary Magdalene bi satauro atafuri are reyadi .
44013034	Grace	Resi mina bi Sei yaku muyenari gutuna moi dadigo sina niyo , guri ideri toga iko de niyo : ‘ David rofu ni tore reyaka kana buni tora gade kikifa ma rama ya magida . ’
43014020	Faith	Mirona medari ya yaku diba nigedi na bi nai Baba ideri ma ya bi na ideri ma na bi ya ideri .
62002003	Faith	Ini ago gira neidesi regifa ri ye una makai diba nigifa una diba ina .
43008024	Sin	Mina dada ya niyaka bi yi vegu no dudu muyegedi . Adina na niyaka na bi , mina rofu mokena vari gira de aigedi vo nisi , bi yi vegu no dudu muyegedi . ”
43007012	Description	Ma amiye di fogori ina dada mumugu nigamadi . Bedakai yaku nigamadi , “ Ina bi amiye buni , ” idu bedakai yaku ni kabai regamadi , “ Ide , ina bi amiye ourefeidei no redo . ”
44011021	Faith	Varika Amiye di vava bi ina vene sa amegamo dada amiye tau gade iniye Varika Amiye rofu ini mokena vari gira aisi ini uka kero reyadi .
52002004	Faith	Idu Sei di ura ini ago buni uni vanari aigi reyo kana , mina nisifa ; amiye di uka moi buni regika de resifa , idu Sei di uka moi ada regika resifa , kaere bi uni uka mokena diba nisi vedo .
43016024	Grace	Boyo gua , ya yaku beika yokoi nai roka dudu usa de niyadi . Yi beika baika usa usa nigedi bi moigedi , yi ada rena moi vau regedi dada .
65001019	Sin	Mina vene yaku utama ya okugedi , kaere bi ini amutenari ma Vima Kikifa de mina tari rebigedi .
43021006	Description	Ma niyo , “ Reke moisi bouti di vana rama rofu younesi be moigedi . ” Ye reke younegasa bi rutu rei baina anua reyadi , adina bi oyena tau gade moiyadi .
44019002	Faith	ni kaiteyo , “ Iesu rofu mokena vari gira aiyadi ri , bi Vima Kikifa bi moiyadi ba ide ? ” Ni kabai resi niyadi , “ Ide , Vima Kikifa amedo ba ide bi de neideyafa . ”
53003014	Recommendation	Amiye yokoi yaku mina ago fefari ya rofu moi feidesifa de neidego baebu , beika redo vesi ga bofa ina rofu ; maena reyainedi .
43006027	Recommendation	No nigo iruku rofu moimai ga rebifa , idu toga toga ameibobigo iruku rofu moimai rebifa . Amiye di Mida yaku mina ya vene rofu mago , adina Baba Sei yaku sena auba reyo . ”
44024014	Faith	Mina resi , ya ni okuda : na bi mina mokena vari gira aina Ida usi disi uni tutubena di Sei ni vakeida , idu ina vene yaku nidedi mina Ida bi rama de vo niyadi . Ma Moses di ago girari ma Sei di ago niyadi vene di bura reyadi mina tau vakoi ka mokena vari gira aida .
44008009	Description	Mina taoniri bi amiye yokoi roka Simon amegamo . Be ariu bi ina yaku amiye di mokena moi forovai regamo , ini yaumana regamo dudu . Ina kaya nigika bi amiye tora yokoi vo nigamo .
56002003	Recommendation	Mina kana , rema tora tora oteimagiya beika rebigedi ri ka Sei ina ura redo kana dudu ameibiyagane , amiye rofu ni fafana rena de , o koru no moke moke yaku ga ourefeideyagane , idu vegu buni regasa oteimabiyaganedi .
43007001	Violence	Mina usi Iesu Galilee ri diga boga regamo . Judea gagani rofu nena bi ura de reyo , adina Jew vene yaku umuyegika maina regamadi .
43013005	Description	Mina usi siuari koru rausi resi ini usi dina vene di yuka rafo koitegi , tauwera ini gagabari miyo mina dudu moi roko regi kora reyo .
44022004	Violence	Mina Vegu usi digamadi vene bi na yaku esika esika masi umuyegi , rema rumana moi gira resi bi dibura yavari maku dui regamaka .
43007043	Description	Mina dada amiye okuyadi ina dada .
43008012	Faith	Iesu dubusa ina vene rofu ago niyo , “ Na bi kono tora noibanu di vabara . Amiye kaere na usi baigo bi mukunari de digo , idu vegu di vabara moigo . ”
65001017	Recommendation	Idu , ya mokei vava reida asiyaka , va mokefo beika uni Varika Amiye Iesu Keriso di ni feidena vene sena niyadi mina .
44017025	Grace	Ye amiye vana yaku ini moimai bi de rededi , adina ina bi beika yokoi de ura redo . Adina bi iniye maka yaku amiye tau vegu ma asa ma beika baika tau mado .
62005009	Faith	Amiye yaku ni okudedi bi moi gira resifa , idu Sei di ni okuna bi isivaga iniye , adina Sei di ni okuna bi ini Mida fafau ni okudo .
44019011	Grace	Sei yaku Paul di ini vana dudu mokena vegu isivaga iniye reyo .
43008034	Sin	Ma Iesu ni kabai reyo , “ Rama iniye ya nida : amiye tau gade kaere vegu no rededi bi vegu no di moimai rei tavoi rededi vene .
62004011	Faith	Nai mokei vava reida vene , Sei yaku ini uka una mana iniye reyo , mina resi una ka uniye uniye uka mabinadi .
44002028	Grace	Vegu rofu boyo ida bi na oteimaro , nai ada vau reida ya na sa ameisa dada . ’
44002013	Description	Be yaku bi ina vene rofu ni moi ninika regasa nigamadi , “ Mina vene bi waini ruaka tau gade iriyadi ! ”
43017026	Grace	Na yaku ina vene rofu yi roka oteimaraka ma toga regida , ye yi uka mana na rofu bi ina vene ideri amebiyainedi ma na ka ina ideri ameibigida . ”
65001018	Sin	Ina yaku niyadi bi , “ Ari tumu nibigo ri ninika nina vene kaere bi iniye di ni moke moke no mina tari rei dibigedi . ”
43011001	Description	Mina medari amiye yokoi roka Lazarus bi gauka reyo . Ina bi Bethany rofu amiye , Mary ma ini rasini Martha di rautu .
52004008	Sin	Mina resi , kaere amiye mina ago masifa mina fufuta mago , bi amiye rofu mina fufuta de mado , idu mina bi Sei rofu fufuta mado , kaere yaku ini Vima Kikifa ya mado .
62004002	Faith	Mina gokai dudu Sei di Vima ya ya diba nigedi : Goina vima yaku Iesu Keriso bi rovaita nufa deyo vo ni okugo bi Sei rofu ,
65001008	Sin	Mina ida kana , mina yaduka vededi vene yi rafuri yaku iniye ini rovaita moi no risi , ourefeidena vene fufuta masi oma ideri amededi vene ni fafana rededi .
43008059	Violence	Ye fore moisi Iesu yougika reyadi , idu iniye moi sui nisi Sei vakena yava ferei yaku diyo .
44013030	Description	Idu Sei yaku muyenari gutuna moi dadiyo ,
43010011	Description	“ Na bi mamoe dogo reida amiye buni , kaere bi ini mamoe dada muyegi ura redo .
56003010	Recommendation	Kaere amiye yaku ekalesia vene moi etagae risi nanaka redo amiye bi ouresi nigiya ; de ya neidego ri bi dubusa nigiya , mina de ya neidego ri bi kaini ferei tavoi rei .
43010019	Description	Jew vene dubusa iniye iniye gubuyo resi utama okuyadi mina ago dada .
43003033	Faith	Idu kaere ini ni okuna ago neidedo makai nido Sei bi rama iniye .
53003001	Faith	Usika ourena , uni sina metonari , bi una rofu usa usa nifa kumo Varika Amiye di ago bi evade urafo rego resi vabara moiyainedi , ya vene yaku ya kaya ya kaya rofu reyo kana .
44007023	Description	“ Moses ini lagani bosi 40 niyo ri , bi ini dubuiyaka , Israel di tutubena vene vegi mokena moiyo .
44023027	Violence	Mina amiye bi Jew vene yaku moi gira reyadi umuyegedi vo nisi . Neideyaka ina bi Rome amiye , mina resi nai iya rededi vene sa nesi afei bosi moi vegu riyo .
44019029	Description	Kamini mina taoni noibanu bi moi siboroka reyadi . Kamini mokena nokoi maka dudu ina vene yaku Gaius ma Aristarchus , kaere bi Paul di vakoi diyadi Macedonia vene , mina moi gira resi egogo rededi yavari raga erokoko resi afei neyadi .
44003014	Sin	Ina bi kikifa ma mokena rorobo amiye , idu etofa resi Pilate rofu bi amiye umuyeyo amiye usa niyadi ma ya maro .
44015009	Faith	Ina vene rofu ma una vene rofu bi yokoi moi idana de reyo ; Iesu rofu mokena vari gira aiyadi dada ina vene di ini uka moi ruaka riyo .
44002024	Description	Idu Sei yaku muyenari gutuna moi dadisi muyena di esika esika rofu you neyo , adina muyena anua moi gira rego .
43004014	Grace	idu kaere amiye na yaku magida ma irigo koru bi toga toga koru de vaigo . Na yaku ina rofu magida koru bi ini ideri koru buruka nisi furu furu regasa makai toga toga ameibobina vegu mago . ”
62002005	Faith	Idu kaere yaku ini ago neidesi rego amiye , ina bi Sei rofu ini uka mana bi rama iniye moi rorobo reyo . Mina vegu yaku diba nigifa una gokai Sei sa bi vakoi yokoi maka :
44023005	Recommendation	Paul ni kabai reyo , “ Nai usika ourena na na toto ina bi Sei ma amiye utari naivo amiye tora . Adina ago buniri bura reyo , ‘ Yi amiye di ourefeidena amiye yokoi fafau ago no bi ga niyainedi . ’ ”
53001003	Faith	Usika ourena , una yaku toga toga ya vene dada Sei rofu buni tora gade maragadu . Makai resifa bi buni , ini adina bi ya vene di mokena vari gira aiyadi ina rofu bi , tora nido ya kaya ya kaya rofu uka madedi yaku bi tora nido .
44014017	Grace	Idu toga vegu amedo di vana anuka bi vesifa ini buni redo rofu di : miya omari gutuna ya masi ini ari ramari iruku riyainedi ya mado ; iruku ya masi yi uka meko ada dudu moi ni vai redo . ”
44012020	Description	Herod bi Tyre vene ma Sidon vene rofu gubuyo tora iniye reyo dada , ina tau vakoi egogo resi ina vegika boyadi . Blastus ini uka siko moi amuta reyadi , kaere bi kini di ini yava nari redo amiye tora , ina vene aedeyainedi . Kamini Herod rofu boi nesi uka amuta usa niyadi , adina ini gagani di iruku bi kini di gaganiri gutuna moigamadi .
43008049	Sin	Ma Iesu yaku ni kabai reyo , “ Vima no yokoi bi na sa de ; nai Baba rofu moi odoro reida , idu ya bi na rofu moi odoro de rededi .
43006018	Description	Ma aura tora okisi koru moka tora moi tafo tafo reyo .
62002012	Grace	Ya rofu bura reida , nai mida mida , adina yi vegu no bi koite maku vau reyo , Keriso di ini roka dudu .
43019006	Violence	Mina dada Sei ma amiye utari naivo vene di varika vene ma naivo naivo vene vegasa imuna niyadi , “ Satauro ikoko re , satauro ikoko re ! ” Idu Pilate yaku niyo , “ Ya kaya moisi satauro ikoko refa ; na bi vegu no yokoi ini ideri baku de reyaka dada . ”
63001007	Sin	Ofa ofa vene tau gade bi kono tora noibanu ma sena oku rofu rei diyadi . Mina vene yaku nidedi Iesu Keriso bi amiye rovaita kana nisi soka reyo vo de nidedi . Mina kana amiye bi ofa ofa vene ma Keriso di tuma vene .
44024005	Sin	Una bi mina amiye veitao reyafa , amiye di varena amenari no moi evata risi kono tora noibanuri Jew vene tau rofu ruda evata rido . Ina bi Nazareth vene di ini makai kana rededi di ourefeidena amiye .
52001002	Faith	Una bi ari neinei ya vene tau rofu usa usa nigasa ya vene fafau Sei rofu buni tora gade masifa .
44013019	Description	Canaan kono torari , gagani viro vara etei riyo fufutari mina kono ina vene di maro .
63001010	Recommendation	Kaere amiye ya rofu baisi mina oteimana de moi baigo bi yi yavari moi na ga re , resi , “ Uka amuta bi ya sa ” ka ga ni .
65001011	Sin	Iriyeduka ina vene rofu ! Ina vene bi Cain di ida moiyadi . Ina bi Balaam di ini no reyo ida kana fore baku regedi vo nisi evade maka reyadi . Korah yaku Moses di ago obe reyo kana , ina ka makai resi tau vakoi muyeyadi .
65001010	Sin	Idu , mina ofa ago oteimadedi vene yaku beika diba de niyadi , mina rofu ni fafana rededi . Ina vene bi sufa dona nadina di mokena kana , mina beika baika diba niyadi ini amutenari mina yaku ina vene moi no rido .
44007051	Sin	“ Ya bi ada gira ma uka gira vene ! Gokai resi Sei di ago rofu bi anema kora rededi ! Ya vene bi yi tutubena vene kana : ya vene ka Vima Kikifa rofu neidena de rededi !
44010015	Recommendation	Mina goroka yaku dubusa ni kabai resi niyo , “ Beika Sei yaku bi ruaka ma kino de vo niyo , bi ya yaku bi ni moi kino ga ri . ”
43014023	Faith	Iesu yaku ni kabai reyo , “ Amiye yokoi na uka mado vo nisi , bi nai ago neidego ma nai Baba yaku uka mago , ma ina rofu desi uni amena sana ina sa rigifa .
62004010	Grace	Mina bi uka mana : una yaku Sei uka mana bi de reyafa , idu ina yaku ini uka una masi ini Mida ni feideyo ye uni vegu no moi koite mago di kana .
62001007	Faith	Idu ina bi vabara mina resi una ka vabarari amesifa — makai vo nisi uni usika ourena sa auta resifa ma ini Mida Iesu di dava yaku uni vegu no rofu una moi ruaka rido .
43010033	Sin	Ma ni kabai reyadi , “ Una bi mina reremama buni reyo dada fore dudu ya de ugi regifa , idu Sei di roka moi no riyo dada ! Adina ya bi amiye maka , idu ya kaya moi Sei vo nisa dada ! ”
62003017	Sin	Amiye yokoi kono di ini gugura tau nufa ma ini usika ourena bi gugura tau de ma vesi iriyeduka de rego bi gokai ida dudu Sei di uka mana bi ina sa amego ?
44007025	Description	( Ina yaku mokeyo bi ini usika ourena vene yaku diba nigedi Sei yaku ina dudu ina vene moi vegu rigo , idu diba de niyadi . )
56001016	Sin	Ina iniye ni kake rededi bi ina bi Sei diba , idu ini reremama rededi yaku bi ina bi Sei ina diba de . Ini vegu no yaku Sei ura de iniye rededi , ma Sei di ago gira neidena ura de , ma beika buni rena rofu bi anua rededi .
53002004	Description	Mina amiye yaku amiye di ini usa nidedi gugura tau ma deda sei rofu gedu masi iniye ni moi odoro rego mina tau rofu . Ma Sei ni vakena yavari dui resi ameinu rego ye iniye ni kake rego ina bi Sei .
44026014	Violence	Una tau noibanu bi konori keto reyafa , ma goroka yokoi Hebrew agori neideyaka na yomakai nigamo , ‘ Saul , Saul ! Beika resi na esika esika maisa ? Ya usi ya kaya esika magamo , boromakau di ini biyaguna di kodu kiki redo kana . ’
43015014	Recommendation	Ya beika ago gira nida mina neidegedi vo nisi , bi nai asiyaka .
62005021	Recommendation	Nai mida mida , ya kaya ofa sei rofu bu nibifa !
44009005	Description	Saul bi ni kaiteyo , “ Varika Amiye , ya bi kaere ? ” Mina goroka yaku niyo , “ Na bi Iesu kaere bi ya yaku esika esika maisa .
44007033	Recommendation	Varika Amiye yaku ina rofu niyo , ‘ Yi yuka ro you negiya , mina are reisa sana bi kikifa kono .
62002024	Faith	Beika sina ini adinari gutuna neideyadi bi yi uka ideri ameibiyainedi . Mina ago moi gira rigedi ri bi ya vene bi , Mida ideri ma Baba ideri toga toga ameibigedi .
43008051	Faith	Rama iniye ya nida : amiye yokoi nai ago neidesi anema yora nigo vo nisi , bi toga de muyego . ”
62001005	Grace	Gua beika ago ini Mida rofu neideyafa bi yomini : Sei bi vabara , mukuna yokoi ina rofu de .
43006037	Grace	Nai baba yaku na maro vene tau vakoi bi na rofu baigedi , ma na rofu baigedi vene bi toga de umeki regida .
43019015	Violence	Idu imuna niyadi , “ Ina afei bosi satauro ikoko re ! ” Ye ni kaiteyo , “ Na bi yi kini satauro ikoko regida ba ? ” Ye Sei ma amiye utari naivo vene di varika vene ni kabai reyadi , “ Uni kini bi Caesar maka ! ”
43015002	Grace	Ina yaku nai teteka tau gade meko de moina bi moi tae rido ; ma teteka tau gade meko moina bi nugado , besa meko moigi dada .
52004013	Recommendation	Usika ourena , uni ura bi ya diba niyainedi kaere de neyadi vene rofu di resi bi ga uka esika refo , kaere be bi dadi rae rena di uka mokena aina de mina vene kana ga reyagane .
44007020	Description	Mina ariri , Moses vata niyo . Ina bi Sei di nemokori mida safi iniye . Ini nono baba yaku eo regodenu nari reyadi ,
44014019	Violence	Jew vene be Antioch taoni Pisidia gagani gutuna ma Iconium taoni gutuna okiyadi ; mina vene yaku amiye tau di mokena ini mokena kana moiyadi , dada mina vene yaku Paul bi fore dudu usi erokoko resi taoni etofarori moi yakuyadi , ini mokenari bi muyeyo bao nisi .
43013021	Description	Mina niyo usi , ini uka bi esika resi ni okuyo , “ Rama iniye ya nida : ya yokoi yaku na tautore rego . ”
44007052	Sin	Yi tutubena vene yaku goina Sei di ago nido amiye rofu esika esika de maradi ba ? Sei di ago moi raga regamadi vene umuyegamadi , kaere bi ina vene rofu yaku sena ni digamadi bi ini Mokena Rorobo Amiye baigo , mina resi gua bi ya vene yaku ini siri rena umuyena vene niyadi .
43012036	Faith	Vabara ya sa amedo ri , ina rofu mokena vari gira aifa , ye ya bi vabara di mida mida nigedi dada . ” Sina ni vau resi ferei disi ina vene rofu iniye moi sui riyo .
56003006	Grace	Iesu Keriso una moi vegu rina amiye yaku beika reyo fafau , Sei yaku ini uka noibanu dudu ini Vima Kikifa una fafau moi urafo reyo .
44004036	Description	Amiye yokoi roka Joseph , kaere bi ni feidena vene yaku roka niyadi bi Barnabas ( ini adina bi “ Yeiva mado amiye di mida ” ) . Ina bi Levi vene di tutubena amiye yokoi ma Cyprus ri vata niyo .
43020021	Grace	Ma dubusa niyo , “ Uka amuta bi ya sa . Baba yaku na ni feideyo kana , na ka ya ni feideida . ”
65001016	Sin	Mina vene bi ago sika vene ma goidu no be regedi maina vene ; ina bi ini mokena tari rei didedi vene ; iniye ini roka moi odoro vene ma idana di ini roka moi odoro reyagane iniye di ini buni dada .
44022016	Recommendation	Ma gua ya bi beika tua reisa ? Dadisi babatiso moisi yi vegu no koite makugi ini roka ni . ’
53002013	Faith	Usika ourena , toga toga ya vene rofu Sei buni tora gade manadi , ya kaere Varika Amiye yaku ya rofu uka mado . Mina dada adinari gutuna Sei yaku ya vene moi vegu rena rofu raka niyo , ya moi kikifa rego Vima Kikifa di vava ma sina rama rofu yi mokena vari gira aidedi dudu .
44002038	Faith	Ma Peter yaku ina vene rofu niyo , “ Ya tau noibanu yi vegu no feresi moi etagae risi Iesu Keriso di ini roka dudu babatiso moiyaine ye Sei yaku yi vegu no koite makugo ; ma Vima Kikifa moigedi , kaere bi Sei yaku una mago vo niyo .
52005015	Recommendation	Vei mona rebifa , amiye yokoi yaku ya rofu no rebigo ri ya yaku ina ro dairi no ga re , idu vegu buni ya kaya rofu di ma amiye tau rofu toga rebifa .
44003019	Recommendation	Mina dada vegu no feresi moi etagae risi yi uka Sei rofu kero refa , ina yaku yi vegu no koite makugo dada .
43006054	Faith	Amiye kaere nai rovaita irisi nai dava duduka rego bi toga toga ameibobina vegu moigo , ma meda metonari moi edadigida .
43019011	Sin	Ye ni kabai reyo , “ Sei ya rofu vava de maro vo nisi , ya bi vava na fafau bi de . Mina dada kaere yaku yi vanari na aiyo ini vegu no bi tora iniye . ”
62002022	Sin	Mina ye , kaere rama bi ofa ofa amiye ? Ina bi , kaere yaku nido Iesu bi Keriso vo de nido amiye . Mina kana amiye bi Keriso di ini tuma amiye . Ina bi Baba ma ini Mida vakoi etofa redo .
43018003	Description	Kamini bi iya vene tau ma Sei ma amiye utari naivo vene di varika vene ma Pharisee vene di naivo vene bedakai afesi baiyadi ; bi ramefa ma keroko ma ora mari moisi mironari boyadi .
53003003	Grace	Idu Varika Amiye toga toga ini ago ni dodi vegu redo . Adina ina yaku yeiva ya masi amiye no iniye rofu ya moi vegu rigo .
44007021	Description	ye ini yavari gutuna etofaro moi yakuyadi ri , bi Pharaoh di vefa yaku afei bosi iniye di ini mida kana nari reyo .
44026021	Violence	Makai dada Jew vene yaku Sei vakena yava ideri na moi gira resi na umuyegi vai reyadi .
43006064	Faith	Idu ya vene be bi mokena vari gira de aidedi . ” ( Adina bi senagi diba niyo kaere mokena vari gira de aiyadi vene bi ma kaere yaku tautore rego amiye ka sena diba niyo . )
43013026	Description	Ma ni kabai reyo , “ Na yaku kaere rofu beredi bado siua ideri birisi magida amiye bi mini . ” Mina dada beredi bado moisi siua ideri birisi Simon di mida Judas Iscariot maro .
44017005	Violence	Idu Jew vene bi ina vene rofu maunu nisi maketiri di tavoi ma vegu no rededi vene ni moi egogo resi ruda tora mina taoniri moi kora reyadi . Paul ma Silas baku regika amiye di nemokori afei bogika bi amiye yokoi roka Jason di ini yava vaguru reyadi dada .
62005016	Sin	Amiye yokoi yaku ini usika ourena vegu no reyo vego vo nisi , ma mina vegu no yaku muyena de moi bogo , buni bi Sei rofu usa usa nigo ma Sei yaku vegu mago . Mina nida bi bogo amiye kaere ini vegu no yaku muyena de moi baigo . Mina bi vegu no yokoi yaku muyena moi bogo ; ni de nida mina vegu no kana usa usa nifa .
43013020	Faith	Rama iniye ya nida : kaere na ni feidego amiye moi dui rego , bi na moi dui rego ; ma kaere na moi dui rego , bi na ni feideyo amiye moi dui rego . ”
44019013	Description	Jew vene bedakai bi diga bogasa resi vima no umeki regamadi . Ina vene ka bi Iesu Varika Amiye di roka dudu umeki regika resi vima no rofu nigamadi , “ Iesu di ini rokari , kaere bi Paul yaku ni rausi redo kana , na yaku ago gira ya maida ina rofu yaku . ”
44015040	Grace	Usika ourena yaku Varika Amiye di buni tora gaderi Paul ma Silas ni maradi ri , bi Paul yaku Silas afesi disi fereyadi .
63001008	Recommendation	Mina resi vei feidegasa dibo refa , de bi yi beika mofa resi moiyadi bi you feidegedi baebu . Yi obini bi tora noibanu gabi mironi moigedi .
44008021	Sin	Uni moimairi ya bi vana aina ga re , ma beika baku regifa ri , bi ya bi de baku regiya , adina Sei di nemokori yi uka meko bi rorobo de .
43017010	Faith	Nai vene tau gade bi yi , ma yi vene bi nai ; ma ina vene dudu nai roka moi odoro rededi .
44014026	Grace	Resi minari gutuna bi bouti dudu Antioch taoniri dairiyadi . Mina sanari ekalesia vene yaku Sei di buni tora gaderi ni maradi , ye gua mina moimai moi koina reyadi .
52005019	Recommendation	Vima Kikifa di ita ga ukafefa ;
62005013	Faith	Ya kaere Sei di Mida di ini roka mokena vari gira aidedi vene rofu mina ago bura reida , ye ya diba niyagane toga toga ameibobina vegu bi moiyadi .
43007018	Faith	Amiye kaere ini vava dudu ago nigo iniye ini moi odoro rena rego , idu kaere yaku ina ni feideyo amiye di ini moi odoro rena rego bi rama amiye , ma ini uka ideri bi ofa yokoi de amedo .
43008054	Faith	Kamini ni kabai reyo , “ Na kaya nai roka moi odoro regida vo nisi , bi de iniye iniye . Nai roka moi odoro redo amiye bi nai Baba , kaere ya yaku yi Sei vo nidedi mini .
43019040	Description	Mina dada ini rovaita moisi muramura safi sa varuka buni dudu kumu riyadi Jew vene rovaita guri aina toutou kana .
44013023	Grace	Sei ini ni tore reyo kana bi Iesu , kaere bi David di ini tutubena , bi Israel vene moi vegu rina amiye moi vata riyo .
62002028	Faith	Ma gua nai mida mida , ina sa vakoi ameibifa , ye ina ogau nigo ri una bi yeiva dudu ma maena resi ina rofu de sui nigifa ini dego medari .
43010031	Violence	Kamini Jew vene dubusa ugika fore moiyadi .
43019010	Description	Dubusa niyo , “ Na ni kabai regiya ba ? Ya diba de na bi ya erufugi o satauro ikoko regi di vava nufa ba ? ”
44008032	Description	Sei di ago bura rena vegamo di mini : “ Mamoe umuyegika afei boyadi kana , ma mamoe mida di ueta nugadedi vene di budari babo nido kana , bi ago yokoi de niyo .
44013021	Description	Kamini kini rofu usa niyadi ri , bi Sei yaku Saul maro , kaere bi Kish di mida . Ini rubu bi Benjamin . Ina yaku lagani 40 ri ini kini niyo .
56001010	Sin	Adina Jew vene tau gade kaere bi ekalesia vene niyadi bi ago neidena de vene , sakua vene ma amiye ofarosi rena vene .
44010012	Description	Mina ideri bi deda vibani yuka vana raro nufa tau , iyana rededi vibani aruma kana ma oma di erena .
43017022	Grace	Vabara na maro mina ina rofu maraka , mina dada bae yokoi maka niyaganedi , una bi yokoi maka kana :
43002006	Description	Mironari bi koru botoro fore tora tora koru ida amededi ; Jew vene yaku mina dudu moi ruaka rina vegu reyadi . Mina yokoi yokoi bi 75-115 litre kana .
65001023	Recommendation	Be vene mina ita moka gutuna moi dairifa ; be rofu bi iriyeduka rego ori vakoi sa ; iniye di varuka vegu no di kino nufa mina ka ura de regedi .
43014010	Faith	Ya mokena vari gira aisa ba ide na bi nai Baba ideri ma nai Baba bi na ideri ? Mina ago ya rofu nida bi diya nai vava dudu nida , idu nai Baba kaere na ideri amedo , ina yaku iniye ini moimai redo .
44016022	Violence	Amiye tau bi mina fogori dui resi Paul ma Silas tourage reyadi . Ma kota rededi vene yaku ini varuka kutusi ago maradi kodu dudu uyaganedi .
43013034	Recommendation	Ago gira ruaka ya vene rofu maida mini : ya kaya uka mabifa . Na yaku ya rofu uka maraka bi makai ya kaya ka uka mabifa .
43012044	Faith	Kamini Iesu yaku raka nigasa niyo , “ Kaere na rofu mokena vari gira aigo , bi diya na rofu maka de , idu rama na ni feideyo amiye rofu ka mokena vari gira aigo .
44009013	Description	Idu Ananias yaku ni kabai resi niyo , “ Varika Amiye , amiye tau tora yaku mina amiye di sina na niyadi , beika vegu no reyo Jerusalem ri yi vene rofu .
