62003016	Faith	主為儕捐生、我儕於此而識仁愛、我儕亦宜為兄弟捐生焉、
43013001	Grace	逾越節前、耶穌知其離世歸父之時至、既愛在世之屬己者、則愛之至終、
58003017	Sin	上帝四十年所憾者誰乎、非犯罪而屍仆於曠野者乎、
60001014	Recommendation	爾既為順命之子、態度勿效昔無知時所縱之慾、
45011032	Grace	蓋上帝已圍萬人於不順之中、特以憐恤萬人矣、○
66006006	Description	我聞四生物之中、若有聲曰、銀一錢、得麥一升、又銀一錢、得大麥三升、油與酒、爾勿壞之、○
59004010	Recommendation	當自卑於主前、則主將昇爾、○
44017031	Grace	因已定一日、將以所立之人、按義而判天下、即由死中復起、俾眾徵信者也、○
43019002	Description	兵卒以棘編冕、冠其首、又以紫袍衣之、
54005014	Recommendation	故我欲年少之寡婦再嫁生子、治家、毋予敵以辱詈之機、
43014011	Faith	我在於父、父在於我、爾當信之、否則當因我所行而信我、
66020014	Violence	死與陰府亦見投於火湖、此乃第二死、即火湖也、
58009026	Description	若然、則基督自創世以來、必屢受苦矣、但今在諸世之盡、一次顯著、獻己為祭、以除人罪、
44013018	Description	又在曠野寛容之、約四十年、
46011033	Recommendation	兄弟乎、故爾聚食時、當彼此相待、
66006012	Violence	我又見其啟第六印時、地遂大震、日黑如褐、全月如血、
58011035	Violence	有婦得其死者復起亦有人被酷刑而不受贖、為欲得尤善之復起、
44016037	Violence	保羅謂其人曰、我儕羅馬人也、未有定罪、彼當眾扑我、且下於獄、今私逐我乎、此必不可、惟俟其親來携我出、
45013009	Recommendation	蓋云、勿淫、勿殺、勿竊、勿貪、抑或他誡、皆總於此言、愛鄰如己是也、
62003003	Faith	且凡有此望向彼者、則潔己如彼之為潔焉、
45007022	Faith	蓋依內心、我則樂上帝之律法、
50004004	Recommendation	爾曹其恆樂於主、我將復言之、爾其樂哉、
66001012	Description	我遂轉身欲見與我言之聲、既轉、則見七金燈臺、七燈臺之間、
58003018	Sin	上帝誓之、不許進其安息者誰乎、非不信從者乎、
43010008	Sin	凡先我而來者、竊也、盜也、然羊不聽之、
60002018	Recommendation	爾曹為家僕者、凡事當畏懼以順服於主人、不但於和良者、於邪曲者亦然、
44006013	Description	設偽證者曰、此人不息出言、攻此聖所及律法、
47005018	Faith	且萬事本乎上帝、彼由基督、使我儕與己復和、又以復和之職授我儕、
59005010	Recommendation	我兄弟乎、昔於主名而言諸先知爾當取之為受苦恆忍之模範也、
44002021	Faith	且凡籲主名者必得救也
66007012	Faith	啞𠵘、頌讚、榮光、智慧、祝謝、尊貴、權能、大力、咸歸於我之上帝、至於世世無盡、啞𠵘、
60003003	Recommendation	勿以外飾為飾、如編髮戴金、衣美服等事、
55001008	Faith	故勿以我主之證、與我為其囚者為恥、惟依上帝之能、與福音共受苦、
43017019	Description	我已為彼而聖己、使彼亦於真理而成聖、
66003002	Recommendation	爾當儆醒、而堅定其餘之事、即將及於死者、蓋我未見爾之諸行、有完全於我上帝前者也、
66016004	Description	其三傾其盂於江河、及諸水之泉、遂皆變血、
45005002	Faith	且由之以信而得進於今所處之恩、望中而誇上帝之榮、
49005005	Sin	蓋爾確知、凡淫者、污者、及貪婪即拜偶像者、皆不得嗣業於基督 耶穌及上帝之國、
58011008	Faith	以信、而亞爸拉罕蒙召時承順而出、以至將受為業之地、出時、尚不自知所往、
49005018	Recommendation	又勿醉以酒、中有放蕩、惟滿於靈彼
61002002	Sin	將有多人從其邪侈、真理之路、因之而被謗讟、
49002018	Faith	蓋我二者、由彼以一靈得進於父前、
44021025	Recommendation	至於異邦之信者、我儕曾遺書擬定、惟戒祭偶像之物與血、並勒死之牲及淫也、
44005003	Sin	彼得曰亞拿尼亞、撒但何為充滿爾心、以欺聖靈、將田價銀私留數份乎、
49004014	Recommendation	致我儕不復為赤子、蕩漾於諸教之風、中人之詭計、及欺詐之法術、
46006009	Sin	豈不知不義者、不得嗣上帝國乎、毋為所欺、凡淫亂者、拜偶像者、行姦者、柔邪者、比頑童者、
58010025	Recommendation	勿停止會集、如數人慣為之、乃相勸勉、既見其日臨近、更當如此、○
51003005	Sin	故爾當死爾在地之肢體、有如姦淫、污穢、邪情、惡慾、及貪婪、即拜偶像、
52005008	Faith	惟我儕、既屬旦晝、則當撙節、依信與仁為胸鏡、亦以得救之望為盔、
55001007	Grace	蓋上帝非以畏怯之靈予我儕、乃以能與愛、及正志者也、
62002004	Sin	人自謂識之、而不守其誡、則為謊者、而真理不在彼矣、
50002002	Faith	則當滿我之樂、致為同志、同愛、同心、同意、
43007030	Description	眾遂尋何以執之、然無人下手、因其時未至耳、
54006018	Recommendation	且命之行善、富於美行、喜以賙濟、願與眾共、
43018030	Description	眾應之曰、此人若非行惡者、我則不付之於爾、
45014006	Faith	守日者、向主而守、食者向主而食、因謝上帝、不食者、亦向主而不食、亦謝上帝、
45012012	Recommendation	於望則喜、於難則忍於祈禱則恆心、
44024023	Description	遂命百夫長、守保羅而寛之、其友或供之者、概勿禁、○
46013007	Description	容諸事、信諸事、望諸事、忍諸事、
47004013	Faith	但我既有此信之靈、一如經所載云、我信、故言也、我儕亦信、故亦言、
52005014	Recommendation	兄弟乎、我勸爾、凡無度者、爾其警之、餒志者、爾其勵之、懦弱者、爾其扶之、向眾以恆忍焉、
66016010	Description	其五傾其盂於獸之座、其國遂暗、人因痛苦、遂咬己舌、
48006016	Grace	凡依此規而行者、願平康憐恤臨之、亦臨於上帝之以色列民、
44018025	Faith	彼習聞主路、心靈銳烈、以耶穌之事、言而詳訓、然但知約翰之浸禮而已、
46010031	Recommendation	是故爾曹、或食或飲、不論何為、皆致上帝之榮而為之、
62002027	Recommendation	至於爾曹、則自彼所受之膏、恆在於爾、故不須人教爾、彼之膏即以凡事教爾者、既為真而無謊、則爾曹當依其所教、而恆在於彼也、
59002026	Faith	蓋身無靈乃死、信無行亦死也、
44027035	Description	言畢取餅、當眾前祝謝上帝、擘而始食、
44015020	Sin	惟書諭之、戒偶像之污、與淫、並勒死之牲與血、
44023003	Sin	保羅謂之曰、粉飾之牆乎、上帝將擊爾、爾坐按律法審我、竟違律法命擊我乎、
45008001	Description	故今夫在基督 耶穌者、無所定罪、
52005009	Grace	蓋上帝立我儕、非以致怒、乃由我主耶穌 基督而致得救也、
66020008	Violence	乃出而惑在地四方之列邦、即谷與馬谷、集之以戰、其數如海沙焉、
46006011	Grace	爾中數人、素亦如是、今惟在我主耶穌 基督之名、及我上帝之靈、已得洗滌、已得成聖、已得稱義、○
55001012	Faith	因是故、我亦受此諸苦、然我不以為恥蓋我識我所信者、亦深信彼能守所付託我者、至於乃日、
49006018	Faith	用諸祈、禱懇求、常以靈而禱告、且恆儆醒乎此、為諸聖徒而求、
52001001	Grace	保羅與西籮挪及提摩太、書達帖撒羅尼迦人之會、即在父上帝、及主耶穌 基督者、願恩寵平康施於爾曹、○
50004005	Faith	爾之和良、當為眾所知、主已近矣、
46011026	Faith	蓋爾每食此餅、飲此杯、乃揚主之死、直至其來也、
59005015	Faith	有信之祈禱、將救病者、主必起之、彼素或犯罪、則蒙赦宥、
55001003	Faith	我謝上帝、即我自列祖、於潔淨之良心、所崇事者、因我於祈禱間、懷念爾不已、
66006016	Description	謂山與巖曰、傾於我上、匿我避坐於座者之面、及羔之怒
66002017	Description	有耳者、其聽靈向諸會所言、得勝者、我將以隱藏之嗎嗱予之、又予之以白石、石上刻以新名、受者之外、無識之者、○
61002003	Sin	彼將由於貪婪、以飾言取利於爾、彼之受罪、自昔擬定、速至不遲、彼之淪亡不寢矣
53002011	Sin	因此、上帝以差謬之運用降於彼、使之信偽、
45002024	Sin	蓋上帝之名、在異邦中、為爾受毀謗、如經所載矣、
55003008	Sin	如昔雅尼與佯庇之敵摩西、斯人亦如是敵真理、乃心志已壞、而論信則未經驗者也、
66003019	Recommendation	凡我所愛者、我責而懲之、故當發奮而悔改、
45005001	Faith	是以我儕既由於信而稱義、則由我主耶穌 基督、得與上帝相和、
54004016	Recommendation	爾宜慎己、且慎爾教宜恆於斯、蓋如是而行、則將救己與聽爾者、
44026011	Violence	且在諸會堂、我屢刑之、強使謗讟、攻之益、狂窘逐至外邑、
48005019	Sin	夫肉體之行顯著、即姦淫、污穢、邪侈、
46003007	Grace	是以種者灌者無足算、惟長之者、上帝耳、
46001007	Faith	致爾曹於諸恩賜、無缺其一、惟待我主耶穌 基督之顯見
66014002	Description	我聞自天有聲、如眾水之聲、如大雷之聲、且我所聞之聲、有如彈琴者彈其琴焉、
44010043	Faith	眾先知亦為之作證、言凡信之者、將由其名而得罪赦、○
45002007	Faith	凡恆忍於善行、求榮耀、尊貴、及不朽者、報之以永生、
66001004	Grace	約翰書達在亞西亞之七會、願爾曹皆得恩寵平安、自今在、昔在、而將來者、並自其座前之七靈、
44019004	Faith	保羅曰、約翰行悔改之浸禮、告民當信乎後彼而來者、即耶穌也
61002009	Violence	惟主知拯敬虔之人、脫於試誘、而留不義之人在刑下、以待審判之日、
58011016	Grace	惟今乃慕尤善之家鄉、即在天者、故上帝稱為彼之上帝、不以為恥、蓋已為之備一城矣、○
54004007	Recommendation	老媼塵俗之虛誕、爾其棄之、惟自鍊乎敬虔
66020009	Violence	遂上地面、圍諸聖之營、與蒙愛之城、乃有火自天降而吞之、
44010048	Description	遂命其於耶穌 基督之名受浸、於是眾請彼得住數日焉、
45002019	Grace	自信為瞽者之相、在暗者之光、
62002025	Grace	且彼所許我之許此也即永生、
59003017	Description	惟由上而來之智慧其先貞潔、次和平、溫良、易勸、滿乎矜恤與善果、無偏視、無偽為
43003035	Faith	父愛子、以萬有付於其手、
61003009	Grace	主不遲緩於所許如有視為遲緩者、乃恆忍向爾、不欲有淪亡者、惟欲人皆至於悔改、
46007007	Grace	我願人皆如我、但各自上帝有己之恩賜、一如此、一如彼、○
46014001	Recommendation	爾宜追求乎愛、且切慕靈賜、最要者、能預言也、
47004006	Grace	因命光由暗而照之上帝、已照於我心、致識上帝之榮之光、顯於耶穌 基督之面也、○
44018024	Description	有一猶太人、名亞波羅、生於亞力山大、有學問、亦諳於諸經、至以弗所、
58013012	Grace	故耶穌因欲以己血使民成聖、亦受苦於邑門外也
56002015	Recommendation	凡此、爾其言之、勸之、以諸權質責之、毋被人藐視爾、
62004009	Grace	上帝遣獨生之子入世、使我儕由之而生、其愛於此而顯於我儕、
43017024	Grace	父歟、爾所予我者、願彼於我之所在、亦偕我在、俾其觀爾所予我之榮、蓋創世之先、爾已愛我矣、
45003016	Sin	所經諸路、無非殘害苦難、
58004014	Faith	故我儕既有大祭司長、即上帝之子耶穌經行諸天、則宜固守所稱認者、
61001017	Grace	蓋彼自上帝即父受尊榮時、由極大榮光中有聲謂之曰、此乃我愛子、我所喜悅者、
46012011	Description	是皆為此一靈所作、隨意頒與各人者、○
66008012	Description	第四使者吹日月星三分之一、被擊致其三分之一、變為暗、晝三分之一無光、夜亦如是、○
44018017	Violence	眾執宰會堂之所提尼、於公座前扑之、此事迦流概不以為意、○
43010039	Violence	眾人又尋何以執耶穌、彼乃脫其手而去、○
47004016	Faith	故我儕不倦、蓋在外之我雖壞、而在內之我日新、
43012003	Description	瑪利亞以真甘松香至貴之膏一斤、膏耶穌足、以己髮拭其足、膏香滿室、
58011009	Faith	以信、而為旅於應許之地、如在非己之地、與以撒雅各、同為此許之嗣者、居於幕中、
50003017	Recommendation	兄弟乎、爾當共效我、爾有我儕為模楷、倘有人如是而行、爾則當視之、
48006002	Recommendation	當互相任勞、如是、乃盡基督之法、
59002024	Faith	由是觀之人得稱為義、非獨由信、乃由行也
45009014	Faith	然則何言耶、上帝豈有不義乎、斷乎不然、
45014001	Recommendation	信弱者、爾當納之、但勿論其所疑、
66012007	Violence	在天遂有戰、米加勒偕其使者與龍戰、龍偕其使者亦戰、
49004026	Recommendation	爾怒惟勿犯罪、勿怒至日落、
60003009	Recommendation	勿以惡報惡勿以詬報詬反為之祝福、蓋爾蒙召、正為此、使爾嗣福也
43008029	Grace	遣我者偕我、不遺我獨在、因我常行其所悅者也、
49006014	Recommendation	是以宜立、腰束以真理、胸護以公義、
66001020	Description	爾所見我右手上七星之奧妙、與金燈臺七、七星即七會之使者、七燈臺、即七會也、
58002009	Grace	惟見耶穌少卑於使者、因受死之苦、而冠以尊、以榮、致其以上帝之恩、為眾人而嘗夫死也、
50002013	Grace	蓋願也、行也、皆惟上帝、因其善意、行之於爾中也、
43015011	Grace	我曾以此語爾、致我之喜在於爾、而爾之喜盈滿矣、
54001001	Description	依我儕之救者上帝、及所望之基督 耶穌之命、為基督 耶穌使徒保羅、
54002009	Recommendation	如是、亦欲婦女以雅淡之衣並廉恥正志而自飾、勿以編髮、與金、或珠、或珍服、
43002015	Violence	耶穌以繩為鞭、將牛羊悉逐之出殿宇、又傾兌錢者之錢、而翻其桌、
49002010	Grace	蓋我儕乃彼之工、受造於基督 耶穌、以行善行、即上帝所預備、使我行於其中者也、○
60004012	Recommendation	愛友乎、爾中之火煉即所以試爾者、爾勿異之、以為遇非常之事、
66019007	Recommendation	我儕當欣喜而歡樂、以榮歸之、蓋羔之婚期已至、其婦已自備矣、
49006017	Recommendation	又取拯救之冑、以及聖靈之劍、即上帝之言也、
44007024	Violence	見一人受冤屈、遂護之而為抑屈者伸冤、擊埃及人、
53003013	Recommendation	兄弟乎、爾行善勿倦、
46016013	Faith	爾宜儆醒、堅立於信、為丈夫、為剛健、
44007043	Sin	爾舉摩洛之幕、與理番帝之星、即爾所造以拜者之像、我將遷爾於巴比倫外、
53002015	Recommendation	是以兄弟當堅立、爾所蒙教之遺傅、或由於言、或由於我儕之書、爾其守之、○
47005005	Grace	夫備我儕得此者、上帝也、彼亦以其靈予我為質、
54002011	Recommendation	婦其恬靜學習凡事順服、
54005019	Recommendation	有訟長老、若非由二三證者、則勿受、
45016016	Recommendation	爾曹互相問安、接吻惟聖、基督眾會、問爾曹安○
66018019	Description	又以塵蒙首、悲泣、哀慟、號呼曰、哀哉、哀哉、此大城也、凡有舟於海者、因其豐富而致富有、蓋半時間、成為荒墟、
62003001	Grace	視哉、父以何等之愛賜我儕、俾得稱為上帝之子、且我儕是也、因此世不識我儕、以其不識彼也、
60005005	Recommendation	爾諸年少者、亦宜服長老誠然、眾皆當以謙卑自束而互相服事、蓋上帝拒絕驕傲者、惟謙卑者上帝予之以恩、
45003004	Faith	斷乎不可、惟上帝為誠、而人皆偽、如經載云、致爾於爾言稱義、於爾被議得勝、
44009014	Violence	且在此有眾祭司長之權、以繫凡籲爾名者、
61002001	Sin	但在民間、昔有偽先知、如爾中亦將有偽師、私引害人之異端入、即贖之之主宰、彼且不認自取速亡、
43005018	Violence	是故猶太人益尋何以殺之、因其不但犯安息日、且謂上帝為己父、以己與上帝平等也、○
46011002	Faith	我讚爾、因爾凡事記念我、堅守諸傳、如我授之於爾、
44002025	Faith	蓋大衛指之曰、我觀主常在我前、彼在我右、使我不震動、
60001023	Grace	爾曹重生非由可壞之種、乃由不可壞之種、即上帝恆存生活之道也
59005016	Recommendation	爾曹當彼此認罪互為祈禱、俾得醫焉蓋義人之懇求、其力甚有功效也、
43006047	Faith	我誠誠告爾、信者有永生、
43014018	Grace	我不遺爾為孤子、我必就爾也、
45003002	Grace	凡事多有、首、則有上帝之詔、託之於彼、
49006005	Recommendation	僕、爾宜畏懼戰慄、以誠心聽從依肉體為爾之主、如於基督、
45002004	Grace	抑藐視其慈惠、寛容、恆忍之富、不知上帝之慈惠導爾悔改乎、
62005014	Faith	我儕若依其旨而有所求、彼必聽我、此我儕向彼所有之毅然也、
45015013	Faith	願希望之上帝、使爾以信而滿諸喜樂、平安、致爾在聖靈之能、而得望有餘、○
43019041	Description	釘十字架處有園、園中有新墓、向未有葬人者、
66019020	Violence	獸被執、其昔曾於獸前行諸兆、以之迷惑受獸之印記、及拜獸像者之偽先知、亦與之被執、二者生投於焚以硫磺之火湖、
45012020	Recommendation	惟爾敵饑則予之食、渴則予之飲、蓋如是行、則以炭火集於其首、
51003016	Recommendation	當以基督之道、於諸智慧、厚居爾衷、且以詩章、歌頌、靈賦、互相教誨警戒、感恩而心頌上帝、
51003019	Recommendation	夫、爾當愛婦、勿苦待之、
54005016	Recommendation	若信女有寡婦則當濟之、免累乎會、俾會得濟其誠為寡婦者、○
62005011	Grace	且其證乃此、即上帝已以永生賜我儕也、而此生在於其子、
62005012	Faith	有其子者則有生、不有上帝之子者則不有生也、○
43008036	Grace	故若子使爾自由、爾則誠自由矣、
49003013	Faith	故我求爾、勿因我為爾所受之難而困憊、此實為爾之榮也、○
45016018	Sin	蓋如此之人、不事我主基督、惟事己腹以巧言媚語、誘惑無咎者之心、
45001029	Sin	充諸不義、惡慝、貪婪、暴很、滿以嫉妒、兇殺、爭鬥、詭譎、肆毒、
55001014	Recommendation	所付託於爾之美事、爾當由居我儕之聖靈而守之、○
48006008	Faith	播於己之肉體者、將由肉體而穫敗壞、播於靈者、將由靈而穫永生、
46010009	Recommendation	且勿試主、如彼中有試者、而亡於蛇、
46013005	Recommendation	不行非義、不為己是圖、不暴怒、不較惡、
66009009	Description	又有胸甲如鐵甲、其翼之聲、如諸車眾馬、奔馳以戰之聲、
43015022	Sin	若我不來語之、彼則無罪、今其罪無可辭矣、
51004005	Recommendation	向彼外人、當於智慧而行、購買光陰、
45006006	Faith	乃知我之舊人與之同釘致罪身棄絕使我不再為罪之僕
62003010	Sin	上帝之諸子、與魔鬼之子、於此而顯凡不行義者、非由上帝也、不愛其兄弟者亦然、
45008007	Sin	蓋肉體之懷念、乃敵上帝、因其不服上帝之法、亦不能服也、
44002026	Faith	故我心喜而舌樂、我肉體亦將居於望、
46010020	Sin	乃謂異邦人所祭者、祭於鬼、非祭於上帝、我不願爾共與於鬼耳、
44013001	Description	在安提阿、於會中、有先知與教師數人、即巴拿巴、及稱尼結之西面 古利奈人路求、與分封王希律同養之馬念、及掃羅、
49005006	Recommendation	勿為人之虛言所欺、蓋上帝之怒、因此諸事臨於背逆之子
56001011	Sin	其口當塞、彼為污利之故、教所不當教、而傾人之全家、
43013011	Sin	蓋知將付之者為誰、故曰、爾非皆潔也、○
43010001	Sin	我誠誠告爾、入羊牢、不由其門、而由他處踰者、竊也、盜也、
61002015	Sin	離正道而入迷誤、從比蛾子巴蘭之路、即愛非義之值者、
44014005	Violence	適異邦人猶太人、及其諸宰蜂擁、以凌辱而石擊之
43021017	Description	三次又謂之曰、約翰之子西門、爾友愛我乎、彼得因其三次語之曰、爾愛我乎、則憂曰、主、爾無所不知、爾知我友愛爾矣、耶穌謂之曰、飼我小羊也、
66021027	Sin	凡俗物與作可惡、作謊言之人、決不得入之、惟錄於羔之生命册者、方得入焉、
66017004	Sin	婦衣紫與絳飾以金珠寶石、手執金杯、杯中滿以諸可惡之物、及其淫亂之污、
51003014	Recommendation	凡此之上、衣以仁愛即成全之維繫也、
43012023	Description	耶穌應之曰、人子得榮之時至矣、
45002022	Sin	爾言人勿淫、而自淫乎、爾惡偶像、而自劫廟乎、
45007008	Sin	惟罪乘機由誡而行諸貪於我中、蓋法以外、罪乃死矣、
44026017	Grace	恆拯爾於斯民、及異邦、即我今遣爾就之者、
56003003	Sin	蓋我儕昔亦無知悖逆、見迷、役於諸種嗜慾佚樂、且於惡毒妒忌而度生、可憎、而彼此相惡、
54005021	Recommendation	我在上帝、與基督 耶穌及蒙選之使者前、命爾、守斯諸事、無執預見、行事無偏、
58010035	Recommendation	故勿棄爾毅然之心、蓋此有大賞也、
46004002	Faith	且夫所求於家宰者、乃其忠也、
44009043	Description	彼得在約帕日久、與皮工西門同居、
46003016	Grace	豈不知、爾乃上帝殿上帝之靈居爾中乎、
58010019	Faith	兄弟乎、我儕既於耶穌之血得毅然而入聖所、
43008021	Sin	耶穌又語眾曰、我往矣、爾將尋我、爾必於爾罪而死、我之所往、爾不能至也、
51003012	Recommendation	故爾曹、既為上帝所選、聖而蒙愛者、宜衣以憐恤之心、及慈惠、謙卑、溫柔、恆忍、
43012026	Faith	人若役事我、則當從我、我之所在、我役亦將在彼、人若役事我、我父必尊之、
54003004	Description	善齊己家、束子順服、悉以端莊、
52005011	Recommendation	故當互相勸慰、彼此相建、如爾所行者焉、○
62003011	Recommendation	爾自始所聞之示諭、乃我儕宜相愛也、
46007026	Recommendation	是我意為美者、因今時之難、人如其素則為美、
43003001	Description	有𠵽唎㘔人、名尼哥底母、猶太人之宰也、
59002025	Description	妓喇合納使者、遣之由他路而出非亦由行而得稱義乎、
54002015	Faith	然婦若居於信與愛、及成聖、兼節制、則將由生子而得救、
44013017	Grace	昔以色列民之上帝、選我列祖、當民旅於埃及地時、乃升高之、舉手引之出彼、
44015008	Grace	且知人心之上帝、為之作證、
59002011	Sin	蓋言勿淫者亦言勿殺若爾無淫行而有殺人是為律法之過犯者也、
43010028	Grace	我亦予之以永生、彼永不淪亡、並無有能攫之於我手、
45016020	Grace	平康之上帝、必速踐殘撒但於爾足下、願我主耶穌 基督之恩、偕爾曹焉、○
55003005	Sin	有敬虔之貌、而無敬虔之能、如此者、爾當轉而離之、
45012005	Description	我儕眾多、在基督為一身、互為肢體亦如是、
56003008	Faith	信哉是言、且論此諸事、我欲爾堅言之、致信上帝者務習諸美工、此皆為美、有益於人、
59002023	Faith	乃應經所云、亞爸拉罕信上帝、遂以此為義而歸之且稱為上帝之友、
59002001	Faith	我兄弟乎、榮光之主、我主耶穌 基督之信、爾具之、則勿以貌取人、
45003013	Sin	其喉乃已開之墓舌施詭詐、脣藏蝮毒、
49005028	Recommendation	夫宜愛婦如己身、愛婦者即愛己、
45009030	Faith	然則我將何言耶、異邦人不追求乎、義而得義、即由信之義、
54003009	Faith	於潔淨之良心存信之奧妙、
54006002	Recommendation	其主人為信者、勿因其為兄弟而藐視之、惟更當事之、蓋受益者、乃信而蒙愛者也、凡此、爾其教而勸之、○
45003003	Faith	若有不信者、何如耶、彼之不信、豈廢上帝之信乎、
43019034	Violence	惟有一卒、以戈創其脇而血與水即出、
43015012	Recommendation	爾當相愛、如我之愛爾、此即我誡也、
45006013	Recommendation	亦勿獻肢體於罪、為不義之器、惟當如由死而生者、獻己於上帝、使肢體為義之器、以歸上帝、
58010039	Faith	然我儕非屬退縮、以致淪亡者、乃屬有信、以致靈魂得救者也、
45011026	Grace	如是、全以色列、必皆得救、如經載云、有一拯者、由郇而出、革去雅各之不虔、
52002015	Violence	猶太人殺主耶穌及眾先知亦逐出我儕不悅於上帝且與眾為敵、
58010026	Sin	蓋我儕既受真理之真知、後若故意犯罪、則無復有為罪之祭、
49002006	Grace	且使我儕在於基督 耶穌、與之同起同坐於天際、
49004025	Recommendation	故宜去謊、各與其鄰言真、蓋我儕互為肢體也、
48002005	Faith	我未嘗一時服以讓之、使福音之真理恆存於爾中、
46014013	Recommendation	是以言方言者、宜祈能譯也、
44009001	Violence	掃羅向主之門徒仍然盛氣恐喝殺戮、往見祭司長、
43017013	Description	今我將就爾、而在世時言此、致其有我之樂盈滿於己、
60004013	Recommendation	惟當因共與乎基督之苦而喜、使爾於其榮光顯現之時、亦可歡欣踴躍也、
44011006	Description	注目視而思之、見內有地上四足之牲畜野獸昆蟲及天上之鳥、
51003008	Recommendation	惟今爾曹當去此一切、有如怒恨、忿戾、惡毒、謗讟、及口中醜言、
44018003	Description	以其同藝、與之偕居合作、其藝乃製幕也、
45006012	Sin	故勿容罪王於爾將死之身、致爾徇其慾、
53003012	Recommendation	若此者、我於主耶穌 基督命而勸之宜恬靜操作、而食己糧、
44007009	Sin	列祖嫉妒約瑟、賣往埃及、惟上帝偕之、
44011028	Description	其中一人名亞伽布者立、由靈兆示言、普天下將有大饑、當革老丟年間、果有其事、
44020036	Description	言畢屈膝同眾祈禱、
48005024	Faith	凡屬基督 耶穌者、已以肉體、及其情慾、釘之十字架矣、○
59001002	Recommendation	我兄弟乎爾陷於諸試、當以為樂、
62001006	Sin	若我儕自謂共與於彼、而行於暗、則言謊、所為非真、
44010011	Description	遂觀天開、有器降下、若大布、從四角縋於地、
44002009	Description	巴提亞人、米太人、以攔人、居米所波大米、猶太、加帕多加、本都、亞西亞、
51001010	Faith	使所行宜乎主、致凡事見悅、於諸善事結果、且於真知上帝而增長、
54001018	Recommendation	小子提摩太乎、我依昔所論及爾之預言、以斯命託爾、使爾以之而戰美戰、
66019001	Faith	此後我聞在天有若群眾之大聲、曰嗄唎［口路］吔、拯救、榮光、能力、皆歸我之上帝、
49002001	Grace	且其已甦爾曹、素以諸過諸罪而死者、
46010021	Sin	爾不能飲主之杯、兼鬼之杯、不能共分主之席、兼鬼之席、
49005003	Recommendation	惟姦淫諸污穢、或貪婪、在爾中即言之亦不可、如聖徒所宜也
56001015	Sin	於潔者、萬物皆潔、於污而無信者、勿無一潔、即其志與良心、亦皆污矣、
44009021	Description	聞者皆駭異曰、此人非在耶路撒冷殘害凡籲斯名者乎、且來此特欲繫而曳之至祭司諸長也、
58008006	Description	惟今耶穌已得更尊之職事、如其為中保於更善之約、即以更善之許而立者、
50001021	Faith	蓋於我也、生也、即基督、死也、即益矣
50001006	Faith	始行善工於爾者將成之、迄於耶穌 基督之日、此我所深信者也、
62005020	Faith	又知上帝之子已至賜我以明悟、使我識彼真者、且我儕在於真者、即在其子耶穌 基督也、此乃真上帝、此乃永生、
45012018	Recommendation	如或可為、則盡己力、與眾和睦、
58010023	Faith	又當持守所稱認之望、堅而不移、蓋許之者、誠信也、
43014027	Grace	我以平安遺於爾、我以我之平安予爾、我之予爾、非如世之予焉、爾心勿擾勿懼、
47005006	Faith	故我常毅然、知居於身時、則離於主、
43012047	Grace	人若聞我言而不守之者、我不判之、蓋我來、非以判世、乃以救世耳、
62003012	Sin	非若該隱、由夫惡者而殺其弟何故殺之、因其行惡、而弟之行義也、○
66016020	Description	海島皆遁、諸山不見、
58011012	Description	故由一人身如已死者、生育有如天星之眾多、海沙之無數、○
54001017	Faith	願尊貴榮光歸於萬世之王、即莫朽莫見者、獨一之上帝、至於世世無盡、啞𠵘、○
66014007	Faith	乃大聲曰、當畏上帝而歸榮之、以其審判之時至矣、且當拜造天、地、海、及水之泉者、○
44006001	Description	當時門徒加多、有希利尼之猶太人、囁議希伯來人、因於每日服役之事不顧其寡婦也、
60002021	Grace	蓋爾曹蒙召乃以至此、因基督亦為爾受苦、遺式於爾、使踐其迹、
53003010	Recommendation	蓋我尚偕爾時、曾如是命爾云、倘人不願操作、其亦勿食矣、
43003016	Grace	蓋上帝愛世、甚至予以其獨生之子、俾凡信之者、免淪亡而有永生、
44019015	Description	惡鬼應而語之曰、耶穌我知之、保羅我亦識之、惟爾曹誰耶、
66019019	Violence	我見獸及地之諸王、並其眾軍咸集、欲戰乘馬者及其軍
44027002	Description	既登亞大米田船、將航至亞西亞海邊數處、我儕遂揚帆、有馬其頓之帖撒羅尼迦人亞哩達古、偕我焉、
58013003	Recommendation	宜念諸囚者、如己與之同囚念受暴虐者、因己亦具此身、
51003017	Recommendation	且凡所為、或言或行、皆於主耶穌之名而為之、由彼而稱謝父上帝、○
48006006	Recommendation	受教於道者、宜以諸善物、供乎傳教者、
44007005	Description	在此並未以產業予之、即立足之地、亦無有焉、時雖未有子、然上帝曾許以此地、將予之為業、爰及其裔、
44007019	Description	彼陰謀我族、虐待我祖、使棄其嬰孩、致其生不保、
43020003	Description	故彼得與此門徒、遂出而往墓、
44024016	Faith	我因而自勵、或對上帝、或對世人、均不為良心所責、
65001013	Description	海之狂浪也、沫噴已辱、流蕩之星也、有冥冥之幽暗、留以待之、至於永世、
48001012	Description	蓋我未受之於人、亦未學之、乃由耶穌 基督之啟示焉、
45007005	Sin	蓋我儕在於肉體時、由法而起罪之諸情、運動我肢體、以致結果於死、
54002007	Faith	我為此見立為宣者、為使徒、於信於真、為列邦之教師、我言真而不謊、○
62003024	Faith	人守其誡則恆居於彼、彼亦恆居於其人、由彼所賜我之靈、我儕於此則知彼恆居於我也、
46010024	Recommendation	勿求己益、乃求人益、
45012016	Recommendation	彼此所志者、宜相同、心志勿高、惟順就卑微者、勿自以為智、
49004031	Recommendation	凡荼苦、怨恨、忿怒、喧釀、謗讟、以及諸惡、皆宜去於爾中、
51001025	Faith	我立為斯會之役、依上帝為爾曹所付我之家政、以成滿上帝之道、
66001014	Description	其首及髮皆白、如羊毛、如雪、其目如火熖
47004015	Grace	蓋萬事皆為爾曹、致恩寵由眾而益增、使祝謝洋溢、致上帝受榮、○
43006056	Faith	食我肉、飲我血者居於我、我亦居於彼、
43011027	Faith	曰、主歟、然也、我已信爾乃基督、即上帝之子、所當來入世者也、
44002042	Faith	恆務使徒之訓、互相交接、擘餅祈禱、○
58001009	Grace	爾好善惡惡、故上帝即爾之上帝、以喜樂之膏膏爾、勝於爾諸侶、
44012002	Violence	以刀殺約翰之兄弟雅各、
55002016	Recommendation	惟避塵俗之虛談、蓋此將長進於不虔也、
62003015	Sin	凡惡其兄弟者、殺人者也、爾知凡殺人者、無永生居於其衷、
43021015	Faith	既食早餐、耶穌謂西門彼得曰、約翰之子西門爾親愛我、過於斯眾乎、曰、主歟、是也、爾知我友愛爾矣、耶穌謂之曰、飼我羔也、
46012008	Grace	蓋或由靈、蒙賜以智慧之言、或依此靈、蒙賜以知識之言、
44007013	Description	及再、約瑟為兄弟所識、而其族則為法老所知、
60003010	Recommendation	蓋經云凡願愛生見美日者當捫其舌、不出惡言、緘厥脣不談詭譎
44004032	Description	信者之眾、一心一志、無一謂其所有者屬己、惟諸物與共
46015003	Grace	蓋我所受而首授爾者、即基督為我儕之罪而死、依經所載、
66018024	Violence	先知與諸聖、及地上被殺者之血、皆見於此城中、
44013048	Faith	異邦人聞此則喜、而榮上帝道、凡見定得永生者、皆信焉、
66022020	Description	證此事者、曰、然、我速至啞𠵘主耶穌歟、爾其至哉、
50004009	Recommendation	爾所學、所受、所聞所見於我者、當行之、則平康之上帝必偕爾、○
53003015	Recommendation	惟勿視之若仇、乃警之如兄弟、○
51002008	Recommendation	慎勿為人以其理學、及虛誣所奪取、依人之遺傳、及世之小學、非依基督、
50003014	Faith	向標準而趨、以至上帝於基督 耶穌上召之賞也、
56002014	Faith	彼為我儕捐己、以贖我脫於一切不法、且為已潔屬己之民熱心於諸美行、
43005024	Faith	我誠誠告爾、凡人聽我道、而信遣我者、則有永生、不至於判、乃已出死入生也、
66021015	Description	與我言者、有金杖為度、欲量其城、其門、其牆、
50003019	Sin	其終乃淪亡、其神乃已腹、其榮乃於其恥、以地上之事為志也、
54003006	Sin	毋初入教者、恐其自滿、而陷於魔鬼之判、
65001003	Recommendation	愛友乎、我方殷勤書與爾、論我儕所共得之拯救、遂不得已、以書勸爾、為一次所授於諸聖之信而力戰、
44004002	Description	恨其教民、且引耶穌以傳死者復起、
66018005	Sin	蓋其諸罪滔天、其不義諸端、上帝憶之、
43004046	Description	耶穌復至加利利之迦拿、即其以水變酒之處、有一王臣、其子病在迦伯農、
45012011	Recommendation	勤而勿惰、心則銳烈、主則事奉、
60001008	Faith	彼也、爾雖未見、而亦愛之、今雖不見而亦信之、則以不可言、且大有榮光之樂而喜甚、
62004013	Grace	上帝已以其靈賜我儕、我儕於此而知我居於彼、彼居於我也、
43019029	Description	在彼有器置焉、滿以醋、遂以海絨漬醋、置於牛膝竿上、遞至其口、
51001013	Grace	彼已拯我儕脫黑暗之權、而徙我入其愛子之國、
45016017	Recommendation	兄弟乎、凡離間爾妨礙爾、使爾違背所學之道者、我勸爾謹防、且避之、
45012007	Recommendation	或役事、則役事、或為教誨者、則教誨、
43016023	Faith	當日爾曹無所問於我、我誠誠告爾、爾若有所求於父者、彼則於我名而予爾、
66021019	Description	城牆之基、飾以各種寶石、第一基乃碧玉、第二乃藍玉、第三乃蒼玉、第四乃靑玉、
59004017	Sin	故知行善、而不行之者、於彼則為罪矣、
66019005	Faith	有聲自座出曰、凡爾曹為我上帝之僕而畏之者、小與大、皆當讚美之、
47005002	Faith	蓋我在此歎息、甚慕我由天之屋、得以衣之、
48006004	Recommendation	各人宜驗己工、則其所誇者、惟在乎己、不在乎人、
46007036	Recommendation	若人有童女、年過及笄、而以為待之不合所宜、則隨所願、嫁亦無罪、
43016002	Violence	人將逐爾出會堂、且時將至、凡殺爾者、亦以此為獻事於上帝也、
66015001	Description	我又見他兆在天、大且奇、即七使者、掌七災、乃其末者、因上帝之忿怒於之而盡也、
43018023	Description	耶穌應之曰、我所言若非、則可證其非、若是、何撲我耶、
50004003	Recommendation	我又求爾、真共負軛者、助此二婦、蓋彼曾偕我同努力於福音、亦偕革利免、及其餘與我同勞、其名錄於生命册者、
66016006	Sin	蓋彼曾流諸聖者、及先知之血、今爾以血予之飲、乃其所堪也、
45006002	Sin	我儕向罪而既死者豈可仍於罪中而生乎、
66017011	Violence	昔有今無之獸、乃為其八、亦七王之一、而歸淪亡、
48004030	Recommendation	然經所云者、逐婢及其子、蓋婢之子不可與自由者之子、同嗣業也、
54006009	Sin	但欲為富有者、則陷於試誘、與機檻、及多愚罔有害之慾、即溺人於滅亡者也
66017016	Violence	又爾所見之獸、與其十角、將惡此妓、使之荒墟裸體、且食其肉、盡焚之以火、
46008003	Faith	人若愛上帝、則為上帝所知矣、
45003009	Sin	然則何耶、我儕勝於彼乎、決非也、蓋我曾明證猶太人希臘人、皆在罪下、
44007041	Sin	是時也、彼造一犢且獻祭於像、樂其手之工、
66009020	Sin	其餘之人未死於此災者、猶不悔改其手之所為、仍拜諸鬼、與不能見、不能聞、不能行、金、銀、銅、木、石、之偶像、
47005011	Faith	我儕既知主之可畏、則勸人、惟我已顯於上帝、亦望已顯於爾之良心、
49002003	Sin	我儕昔亦皆徃來於此人中、縱肉體之慾行肉體及思念之旨、依性為服怒之子、如他人然、
44002040	Recommendation	又以多言證而勸之曰、爾當自救、脫此邪曲之世、○
45008013	Faith	爾若依肉體而生、則死矣、若以靈而使身之所習者死、則生矣、
45010011	Faith	經云、凡信之者、必不至於羞愧、
45001008	Faith	首因爾之信、舉世傳揚、故我由耶穌 基督、為爾眾謝我上帝、
52001004	Faith	蓋知上帝所愛之兄弟、爾之蒙選矣、
60004008	Recommendation	首要者、爾當彼此切切於仁愛、蓋仁愛掩多罪也、
44027001	Description	既定意、使我儕航海往以大利、遂將保羅、及他囚數人、付於皇營之百夫長、名猶流者、
66015003	Faith	唱上帝僕摩西之詩、及羔之詩、云、主上帝、全能者乎、大哉、奇哉、爾之所為、歷世之王乎、義哉、真哉、爾之途路、
60002002	Faith	則當如初生之嬰兒、而戀慕合道之真乳致爾可由之漸長、以至得救也、
66014013	Faith	聞自天有聲曰、爾其書之、自今而後、在主而死者、福矣、靈曰、然、彼可由其諸勞而息、蓋其諸行隨之、○
59001027	Faith	惟眷顧孤寡、在其患難中且自守、不為世俗所染、此則於上帝於父前、為純潔無玷之虔敬也、
51002004	Recommendation	我言此、免人以巧言惑爾、
66005013	Description	又聞在天與地、及地之下、與海之上受造諸物、及其中凡所有者、皆云頌讚、尊貴、榮光、權勢、咸歸於坐座者與羔、至於世世無盡、
66008008	Description	第二使者吹、遂有若火燒之大山、被投於海、海三分之一、即變為血、
44007058	Violence	逐出城外、以石擊之、證者置衣於少者名掃羅足前、
45015011	Faith	又云凡爾諸邦、當頌乎主、凡爾萬民當讚之矣、
45011036	Faith	蓋萬有皆本之由之、歸之矣、榮宜歸之、至於世世、啞𠵘、
43001029	Faith	次日、約翰見耶穌就己、則曰、視哉、上帝之羔也、乃負世之罪者、
58011031	Description	以信、而妓婦喇合、以平和接待偵者、故不與不順者偕亡、
43010010	Grace	竊至、無非欲竊欲殺欲滅、我至、使之有生、且有餘裕焉、
50003020	Faith	蓋我儕之為民、乃在於天由彼而望救者至、即主耶穌 基督也、
45015007	Recommendation	故當相納如基督已納爾曹致榮歸於上帝、
44021024	Recommendation	爾携此人與之同潔、代為捐費、使其薙髮、眾則知前所聞說爾者皆虛、爾固遵法而行者也、
45004012	Faith	又為受割禮者之父、即彼不但受割者、乃亦從我祖亞爸拉罕未受割時而信之蹤跡者也
44001026	Description	於是為之投鬮、鬮得馬提亞、遂與十一使徒同列焉、
45004007	Grace	曰、得赦其不法、得蔽其諸罪者、福矣、
66011004	Description	此乃立於地之主前之二橄欖、二燈臺也、
59004009	Recommendation	當自苦、哀痛哭泣、爾之笑、宜變為哀、爾之樂宜變為憂、
64001011	Recommendation	愛友乎、勿效惡、當效善、行善者由上帝、行惡者未見上帝也
45004011	Faith	且其受割禮為記、即其未受割之先、因信得稱為義之印證、使其為凡未受割而信者之父致義歸彼眾、
45006007	Grace	蓋既死者見義脫罪也、
47004010	Faith	常以耶穌之死、負之於我身、致耶穌之生、亦顯於我身、
50002021	Sin	蓋彼眾惟己事是求、而非求耶穌 基督之事也、
58011011	Faith	以信、而撒拉既過生育之歲、尚能懷孕、因其以許之者為誠信也、
43006039	Grace	夫遣我者之旨、即凡其所予我者我無失其一、惟於末日皆復起之也
46008006	Faith	但於我儕、惟有一上帝、父也、萬物本之、我眾歸之、又有一主耶穌 基督、萬物由之、我儕亦由之、
52003006	Description	惟今提摩太由爾至我、以爾之信與愛之佳音報我、又言爾常懷念我、戀慕得見我、如我之欲見爾、
60005004	Grace	則牧長顯著時、爾必得永不衰之榮冕矣、
47003012	Faith	我儕既有如此之望、故侃侃而言、
61002012	Sin	但此人若無理之禽獸、性生致為人所捉所敗、謗讟於其所不知、必於其敗壞而自取敗壞焉、
43012006	Sin	其言此、非因以乏為意、惟因其為竊、且管錢箱取所貯耳、
62004016	Faith	上帝於我儕所有之愛、我儕已知、且信上帝乃愛也、居於愛者則居於上帝、而上帝居於彼、
44011019	Description	因士提反而遭難四散者、周行至於腓尼基、居比路、安提阿等處、但言道於猶太人而已
54006006	Faith	惟敬虔、兼以知足則利途大矣
66013007	Violence	又予之權、以戰諸聖而勝之、且治諸族、諸民、諸方、諸邦、
60002020	Faith	若爾因犯罪見撻而忍受之、何譽之有、惟爾曹、若因行善受苦而忍耐之、斯為可納於上帝前也、
58009015	Grace	因此、其為新約中保、以死而贖前約下之過犯、致蒙召之人、可得永業之許、
45006001	Sin	然則何言耶、得毋恆久於罪、使恩更多乎、斷乎不可、
49005004	Recommendation	淫詞、妄談戲謔、亦非宜、寧祝謝
66006008	Violence	我遂見、視哉、有灰色馬、乘之者、其名曰死、陰府隨其後也、有予之權、治地四分之一、以刀劍、饑荒、瘟疫、及地之野獸而殺戮○
45004016	Faith	故本乎信、使依乎恩、致應許堅歸諸裔、不但歸彼由於律法者、亦歸於有亞爸拉罕之信者、
44028018	Description	彼既審我、見無死辜、則欲釋我、
45009016	Grace	是則非在願者、非在趨者、乃在上帝之憐恤、
46010008	Sin	我儕且勿行淫、如彼中有行者、一日而殞二萬三千人、
45007023	Sin	但覺肢體中、別有一法、與我心志之法相戰、擄我以從肢體中罪之法、
58006001	Faith	故我儕姑捨基督道之開端、惟成全是務、勿復立基、有若悔改、以脫諸死行信乎上帝、
46016011	Recommendation	是故人勿藐視之、乃送之安行就我、蓋我候彼偕諸兄弟來也、
59002014	Faith	我兄弟乎、人自言有信、若非有行何益之有、此信能救之乎、
43007025	Description	於是耶路撒冷之人有曰、此非眾所欲殺者乎、
43020022	Faith	既言此、乃噓氣於眾曰、爾其受聖靈矣、
45010003	Sin	蓋彼不知上帝之義、而欲立己義、遂不服上帝之義也、
62005010	Faith	信夫上帝之子者、在己有此證、不信上帝者、則以彼為謊者、因其不信上帝、論其子而作之證也、
43014012	Faith	我誠誠告爾、信我者、我所行之事、彼將行之、且大於此者、亦將行之、因我歸父也、
56002009	Recommendation	勸諸僕服己主、凡事為其所悅、毋詆譭、
58012015	Recommendation	爾當謹慎恐有失上帝之恩者又恐有苦根發萌、以擾爾曹、致多人因之而玷污、
54003007	Recommendation	且宜有美證於外人恐陷於詬詈、及魔鬼之機檻、
49004007	Grace	然我儕蒙賜以恩、各依基督恩賜之量、
66016003	Description	其二傾其盂於海、海即變血、如死人者然、海中生物盡死、○
49006006	Recommendation	勿以目前之服事、如取悅於人者、乃如基督之僕、由心而行上帝之旨、
60003016	Recommendation	當懷無虧之良心、使謗爾者日讒爾宗基督而有之善行者自覺羞愧、
43006040	Faith	我父之旨、即凡見子而信之者皆有永生、而我於末日復起之也、○
44012023	Violence	希律不歸榮上帝、主之使者即擊之、遂為蟲所噬、而氣絕焉、○
47001003	Grace	祝謝上帝、我主耶穌 基督之父、憐憫之父、諸安慰之上帝、
54001006	Sin	有人失此、而轉向虛談、
45001016	Faith	蓋我不以福音為恥是乃上帝之能、致救凡信者、先猶太人、次希臘人、
46003011	Description	蓋所置之基外、無能他置、基者、耶穌 基督也、
49005033	Recommendation	然爾曹各宜愛妻如己、婦亦宜敬其夫焉、
51002013	Grace	且爾曹昔因爾之過、及爾肉體之無割、而死者、今上帝既免我儕諸過、遂與基督同甦爾、
54004014	Recommendation	爾衷之恩賜由於預言、及長老曾集按手而予爾者、爾毋忽之、
66021001	Description	我見有新天新地、蓋前天前地已逝、海亦不復有、
52005016	Recommendation	宜恆喜樂、
66009006	Description	斯日也人將求死、而決弗得、欲死而死避之
52004014	Faith	蓋我儕若信耶穌曾死而復起、凡由耶穌而己睡者、上帝亦將如是攜之與耶穌偕來、
62004015	Faith	凡認耶穌為上帝之子者、則上帝居於彼、而彼居於上帝焉、
49004022	Recommendation	當去爾素習脫彼舊人、即因誘人之慾而敗壞者、
43010009	Grace	我即門也、若有由我入者、則必得救、且出入而得芻、
58011037	Violence	又有被石擊鋸解、備歷試煉死於鋒刃、衣綿羊山羊之皮、各處奔波備受窮乏、患難暴虐、
62002029	Faith	爾若知彼乃義、則知凡行義者、亦由彼而生也、
44013047	Grace	蓋主如是命我儕云、我已立爾為列邦之光、俾爾為拯救至於地極、
47004002	Faith	乃棄愧恥之隱事、不行於詭詐中、不混上帝之道、乃表彰真理、而薦己於各人之良心、在上帝前、
44002033	Description	故既為上帝之右手所舉、又受父所許之聖靈、遂已注此、即爾所見所聞者、
51003010	Recommendation	亦衣以新人、日新以致真知、依造之者之像焉
43011004	Faith	耶穌聞之曰、此病不致死、乃為上帝之榮、俾上帝之子、以是而得榮也、
45001017	Faith	蓋上帝有義、於福音而顯、由信以致信、如經載云、義人將由信而生也、○
43019017	Description	耶穌自負其十字架而出、至一處、名髑髏處、希伯來言曰、咯咯咃
45012006	Faith	依所賦我儕之恩、各受其賜不同、或為先知、則依信之分量、
66004007	Description	其一生物若獅、其二若犢、其三有面似人、其四若飛鷹、
49005015	Recommendation	故當謹慎爾所行、勿如無智者、乃如智者然、
45010012	Grace	猶太人、希臘人、無所分別蓋皆共一主、富及於凡籲之者、
45010004	Faith	夫基督為律法之終、致義歸於諸信者、
50004006	Recommendation	凡事勿慮、惟萬事當以祈禱、籲告、並稱謝、將爾所求者告於上帝、
46010006	Faith	夫此事、為我儕鑒、使我勿嗜惡、如彼嗜惡然、
66009002	Description	及啟深淵之坑、遂有烟由坑而上、如洪爐之烟、日與空氣、皆因坑之烟而暗、
52004006	Recommendation	於斯事毋踰閑、毋侵及其兄弟、蓋於此諸事、主乃伸冤者、如我儕昔與爾言而證者也、
47005017	Faith	是以人若在基督、則為新造之人、舊事已逝、皆成為新也、
43005020	Faith	因父愛子、以己所行者皆示之、且將以大於此者示之、使爾奇異、
49004028	Recommendation	竊者勿復竊、寧服勞、手作善工、致有以予貧者、
57001022	Recommendation	且為我備寓所、蓋我望、由爾曹之祈禱將見賜於爾、○
58013009	Recommendation	爾勿為各等奇異之教所離間蓋心以恩而得堅為美、非以食品焉因行如是者、實無所益也
52005012	Recommendation	兄弟乎、我儕求爾、凡勞於爾中、及在主而治爾警爾者、爾宜識之、
43009022	Description	其父母言此、因懼猶太人耳、蓋猶太人已有約定、若有人認耶穌為基督者、必見逐出會堂、
50003003	Faith	蓋我儕以上帝之靈而崇拜、於耶穌 基督而矜誇、不恃乎肉體者、是真受割禮也、
62003023	Faith	其誡乃此即信其子耶穌 基督之名、且彼此相愛、依其所賜我之誡也、
66013011	Description	我又見他獸由地而上、有兩角如羔其言如龍、
46014020	Recommendation	兄弟乎、於智勿為嬰孩、惟於惡為赤子、於智則當為成人、
59005013	Recommendation	爾中有人受苦乎、則當祈禱也、有人喜樂乎、則當歌頌也、
58012012	Recommendation	手之疲垂、膝之癱弱者爾當健之
60001017	Recommendation	不以貌取人、乃依各人之工而判人者、爾既龥之為父、則寄生斯世、無時不當畏懼也
58010036	Recommendation	爾須忍耐、致爾既行上帝旨、後則受所許者、
58011001	Faith	夫信乃所望者之實基未見者之確據、
49004017	Recommendation	故我言之、且於主證之、爾所行毋復如異邦人志意虛妄而行者、
51002016	Recommendation	是故勿因所食所飲、或節期、或月朔、及安息日、為人所擬、
66007015	Faith	故彼在上帝座前、且在其殿、日夜事之、坐於座者、將以幕庇之、
44020010	Description	保羅下樓伏於其上而抱之、謂眾曰、勿號咷、其魂猶在、
55002010	Faith	故我因蒙選者而忍諸事、俾之亦得在於基督 耶穌之救、兼永世之榮、
60005014	Recommendation	爾以仁愛之接吻互相問安、○願爾在基督者皆得平安、
49005021	Recommendation	彼此於基督之畏而相順服、○
61003017	Recommendation	故爾曹愛友乎、既預知之、則當謹慎、免為惡人之謬所誘自隕而失己之堅固也
51003018	Recommendation	婦、爾當服夫、如在主所宜者、
54005020	Recommendation	有罪者、當於眾前質責之、俾其餘亦畏懼、
45014013	Recommendation	故勿再相擬、寧定意、不以妨礙傾跌者、置於兄弟前、
45002010	Grace	而榮耀、尊貴、平安、及於凡行善者、先猶太人、次希臘人、
58011034	Violence	滅火勢避鋒刃由弱而成強臨戰而勇几破異邦之陣
48006017	Faith	今而後、人毋擾我、蓋我身佩耶穌之印記、○
66018021	Violence	有一大力之使者、舉石如大磨、投之於海曰、巴比倫大城、亦將如此、猛然被投、決不得復見也、
65001020	Faith	愛友乎、爾曹自建於爾至聖之信、而於聖靈祈禱、
45012002	Recommendation	勿效斯世、惟以心志更新、而至於化、得明上帝之旨、乃善見悅、純全者也、○
46015009	Sin	蓋我乃使徒之至微者、不堪稱為使徒、因我曾窘逐上帝之會也、
62002015	Recommendation	勿愛斯世、與在世之物、人若愛世、則父之愛、不在其衷、
45002001	Sin	是以凡擬人之人乎、爾無可推諉、蓋爾所擬人者、乃定擬乎己、因爾所擬人者、亦自行之也、
48002009	Description	雅各磯法、約翰、人視為柱者、既知所賜我之恩、則施相與之右手於我及巴拿巴、使我儕就異邦人、而彼就受割禮者、
43019023	Description	兵卒既釘耶穌於十字架、遂取其衣、分為四分、各得一分、又取其裏衣、此衣無縫乃自上渾織而成者、
45002021	Sin	然則爾誨人、而不誨己乎、爾宣人勿竊而自竊乎、
46006019	Faith	抑不知爾身乃聖靈之殿、聖靈在爾中、乃自上帝所有乎、
47005014	Grace	蓋基督之愛勉勵我、因我思、一人代眾而死、則眾死矣、
58003001	Faith	是以聖潔諸兄弟、同蒙天召者、爾當深思我儕所信奉為使者、為祭司長之耶穌
44020035	Recommendation	我凡事示爾法、當如此勤勞、以扶持柔弱之人、且憶主耶穌所言云、施比較受、更為有福、○
58013004	Recommendation	眾當以婚姻為貴床毋玷污、蓋苟合行淫者、上帝必判之、
43020005	Description	俯視墓內見枲布置焉、但未之入也、
66016018	Description	遂有閃電、諸聲、雷轟、地亦大震、自地上有人以來、未有地震如此之大者也、
66019010	Faith	我遂伏於其足前以拜之、彼謂我曰、慎勿為也、我與爾及爾諸兄弟、有耶穌之證者、同為僕、爾當拜上帝也、蓋耶穌之證、乃預言之靈也、○
46002010	Grace	惟上帝以靈啟之於我、蓋靈鑒察萬事、及上帝之深情、
50002029	Recommendation	故爾當於主而欣然納之、如此之人、亦當尊之、
51003020	Recommendation	子女、爾當凡事順父母、蓋此於主見悅焉、
47001012	Faith	夫我之所以誇者、乃我良心之證、我在上帝之聖潔清純、非在肉體之智、乃在上帝之恩、行動於世、於爾中尤甚、
43014021	Faith	有我誡而守之者、此乃愛我者也、愛我者、必見愛於我父、我亦必愛之、且以己顯示之、
51002023	Sin	是皆有智慧之名、乃於私自崇拜、謙卑、及嚴治其身、惟毫無功於克肉體之饜焉、
64001006	Recommendation	彼曾於會前證爾之愛、爾若宜乎上帝而送之行、則為美矣、
55002023	Recommendation	惟愚魯無學之辯論、爾其辭之、蓋知由是則生爭競、
47003018	Faith	惟我儕面無所蒙、如由鏡見主之榮、皆化為其像、自榮致榮、如由主靈也、
58009014	Grace	何況基督由永遠之靈、獻己無瑕疵於上帝、其血豈不能潔爾良心、去諸死行、以崇事生活之上帝乎、
44011017	Grace	夫上帝既以此賜與彼、一如賜我儕、在信乎主耶穌 基督時、我則為誰、能阻上帝耶、
49004030	Faith	勿貽憂於上帝之聖靈、即爾由之得印以至受贖之日者、
66003003	Recommendation	故爾當記憶、爾如何而受而聞、且守之而悔改、倘不儆醒我必如盜忽至、爾決不知我何時而至、
62003007	Recommendation	小子乎、勿為人所惑、行義者乃義、如彼乃義然、
62004001	Recommendation	愛友乎、勿凡靈是信、惟當試其靈、果由上帝否、蓋多有偽先知出在世、
44013038	Grace	兄弟乎、故爾當知之、由此人而罪之赦、今傳於爾、
50003001	Recommendation	究、之我兄弟、乎爾當樂於主、我復書斯言達爾、於我不憚煩、而於爾則安固、
46011034	Recommendation	若有飢者、可食於家、免聚集時、自取審判、其餘、我來乃定、
43018031	Description	彼拉多遂語之曰、爾自取之、按爾律法判之、猶太人語之曰、我儕殺人、不可矣、
46012031	Faith	爾惟切慕恩賜之尤大者、我且以更妙之路示爾焉、
58007026	Description	蓋如此之祭司長、於我儕為宜、聖潔者也無惡者也、無玷者也、遠乎罪人、高出於諸天者也、
50004013	Faith	在於增我能者、我萬事皆能、
52004003	Recommendation	夫爾成聖、自戒淫亂、斯上帝之旨也、
51004002	Recommendation	宜恆祈禱、以感謝、而警醒於此、
44007029	Description	摩西因此言而逃、為旅於米田之地、在彼生二子焉、
46011007	Description	蓋男固不宜蒙首、因其為上帝之像與榮、而女則為男之榮焉、
51003015	Faith	惟基督之和平、主於爾心、爾至此蒙召於一體、且宜感謝、
58002010	Grace	蓋萬物所因、萬物所由者、既欲引多子得榮、則使救之之君、以苦難而成全、固其宜也、
59004001	Sin	爾中戰鬥爭競、何由而來、非由佚樂戰於爾百體中乎、
46005001	Sin	確聞爾中有淫亂、乃異邦亦所未有者、即有人有其父之妻也、
46010013	Faith	爾所遇之試、無非人之常耳、上帝乃誠信、必不容爾曹遭試、過爾所能、惟於試際、必開一出路、使爾能當之、○
44020029	Violence	我知我去之後、必有猛狼入於爾中、不惜其群、
53001004	Faith	致我儕、於上帝諸會、以爾為誇、因爾之忍與信、即在爾一切之窘逐、並爾所受之患難者也、
62004012	Faith	從未有人見上帝、若我儕相愛、則上帝居於我、而其愛於我已成全矣、
48001001	Description	保羅為使徒、非由人、亦非以人、乃以耶穌 基督、及父上帝、即由死而起之者、
58012003	Recommendation	其忍惡人如此之橫逆、爾當思之免爾疲倦而喪志也爾
45006005	Faith	蓋若我儕曾共聯其死狀、則將於其復起亦然
45015010	Recommendation	又云、爾異邦人、當與其民同樂、
54004001	Sin	惟靈明言、在後之時期、必有人背信、傾聽誘惑之靈、及鬼之教、
56003001	Recommendation	當使人記憶、宜服諸宰、及操權者、順上常備以行諸善、
61003005	Sin	蓋彼故意忘者、乃自古已有諸天、又有地由水而出、且以水而成、皆以上帝之道也、
60003018	Grace	蓋基督亦曾一次為人之罪受苦義者代不義者、致可導我儕歸上帝、以肉體則受死、以靈則見蘇
61002021	Sin	蓋既知義路、而竟背所授之之聖命、反不如彼不知之為愈、
53003006	Recommendation	兄弟乎、我於我主耶穌 基督之名命爾、凡兄弟無度而行、不依所受於我之遺傳者、爾其遠之、
45005012	Sin	是故如罪由一人入世、死亦由罪而來、於是死延及萬人、因皆獲罪、
58011033	Faith	其人以信而服諸國行公義得應許箝獅口
47004009	Faith	見窘逐而不遺、被隕越而不亡、
59004004	Sin	爾諸淫婦乎、豈不知與世為友、即與上帝為敵乎、故凡欲為世之友者、自立為上帝之敵也、
44016006	Description	經行弗呂家、加拉太地、因聖靈禁其言道於亞西亞、
45010006	Faith	惟由信之義如此言、爾勿心內云、誰將升天乎、即欲攜基督而下者也、
66016002	Violence	其一遂往、傾其盂於地、即有惡毒之瘡、生於有獸之印記、及拜其像者、○
66005008	Description	既取之、則四生物與二十四長老皆伏於羔前、各執琴與金盂、盛滿以香、香即諸聖者之祈禱、
62005001	Faith	凡信耶穌為基督者、乃由上帝而生也、凡愛生之者、亦愛其所生者也、
48005026	Recommendation	勿尚虛榮、勿相激怒、勿相嫉妒、
54005001	Recommendation	勿斥長老、惟勸之如父、其少者如兄弟、
60002012	Recommendation	爾在異邦人中、當行為端正、使謗爾為行惡者、因見爾之善行、當眷顧之日反歸榮於上帝、○
50003006	Sin	依銳烈、則窘逐夫會、依在律法之義、則無間然、
43004052	Description	遂問其何時始愈、彼曰、昨日未時熱退
43019031	Violence	時、乃節之備日、故猶太人求彼拉多令折其脛而去之、以免於安息日留屍在十字架、且此安息之日大也、
43019012	Description	自此、彼拉多尋何以釋之猶太人呼曰、爾若釋此人、則非忠於該撒、蓋凡自謂王者、叛該撒也
43014001	Faith	爾心勿擾、爾當信上帝、亦當信我、
50001028	Faith	凡事不被諸敵所驚、於彼則為敗亡之表彰、亦為爾得救之表彰、乃由於上帝也、
43015016	Grace	非爾選我、乃我選爾、且立爾、致爾往而結果、而爾之果可恆存、使爾凡於我名而求父者、彼則予爾、
58011004	Faith	以信、而亞伯獻祭於上帝、較該隱者尤善、由是得證之為義上帝論其禮物而證之、是以由信、雖死尚言、
46004001	Recommendation	人當以我儕為基督之役事、上帝諸奧之家宰、
66006013	Description	天星隕地、如無花菓樹、為大風所搖、而落未熟之菓
46010014	Recommendation	是故我所愛者乎、拜偶像、爾宜避之、
45012021	Recommendation	勿為惡所勝乃以善勝惡、
55002014	Recommendation	凡此、爾宜使人憶之、而於主前證告之、勿爭言語、是乃無益、且傾陷諸聽者、
59004008	Recommendation	親近於上帝、上帝則親近於爾、爾犯罪者潔爾手、爾貳心者清爾心、
59002009	Sin	惟爾若以貌取人則干罪而被律法所定為過犯者、
52004007	Grace	緣上帝召我、非致污穢、乃於聖潔、
45001018	Sin	蓋上帝之怒、由天而顯、及於人所有不虔不義即以不義而阻真理者
62004007	Faith	愛友乎、我儕宜相愛、蓋愛乃由上帝也、凡愛者由上帝而生、且識上帝、
62002009	Sin	人自謂在於光、而惡其兄弟、則此人至於今、尚在黑暗也、
60004014	Grace	爾若為基督之名而被詬、則福矣、蓋榮光之靈即上帝之靈、安居於爾上、
44021019	Grace	保羅既問眾安、則以上帝用己為役、所行於異邦者、一一述之、
43008046	Sin	爾中誰以罪質責我乎、我若言真理、爾何不信我耶、
58010017	Grace	後則曰、我不復念其罪惡、
46001005	Grace	乃爾在基督、凡事已至富有言語知識、無不備矣、
45015030	Recommendation	兄弟乎、我由我主耶穌 基督、亦由聖靈之愛、勸爾同我竭力、為我祈求上帝、
43007020	Violence	眾應曰、爾有鬼矣、誰尋以殺爾、
45003025	Grace	乃上帝立為救贖之祭、由信、在於其血、致彰上帝之義、因其寛容、不咎既往之罪、
43018018	Description	眾僕及役、既燃炭火、因寒、故旁立取暖、彼得亦同立而取暖焉、○
49006011	Recommendation	衣上帝之全身甲胃、致能立而禦魔鬼諸詭計、
43013037	Faith	彼得謂之曰、主歟、我今何為不能從爾乎、我必為爾捐生、
50004007	Faith	則上帝之平康、超乎一切明悟者、於基督 耶穌必守爾諸心諸念、○
59003009	Faith	我儕以之祝主、即父也、又以之詛人、即依上帝像而造者、
46005010	Sin	然非概指此世之淫亂者、或貪婪者、勒索者、拜偶像者、若然、爾必出於世外、
44026009	Sin	昔我亦自以為當多行事、以攻拿撒勒人耶穌之名、
61002014	Sin	其目滿以姦淫犯罪不已、惑不堅者之魂心習於貪婪、是為咒詛之子、
43010012	Description	為傭人、非羊之牧、羊非己羊者、見狼至、棄羊而逃、狼則攫羊而散其群矣、
59001019	Recommendation	我親愛之兄弟乎、爾其知之、惟各人當速於聽、緩於言、緩於怒、
46009014	Recommendation	如是、主命傳福音者、必由福音養生、
43012046	Grace	我乃光來入世、使凡信我者、弗居於暗、
43005014	Description	後、 耶穌遇之於殿宇、謂之曰、爾已得愈、勿再犯罪、恐有尤甚者及爾、
46016014	Recommendation	凡事以愛而行之、○
43014015	Recommendation	爾若愛我、必守我誡、
58012025	Recommendation	慎勿辭與爾言者、蓋在地而傳命者若辭之尚不得避刑況我儕若違自天而傳命者乎、
48004008	Sin	當時、爾不識上帝、乃為僕於依性非上帝者、
44003026	Grace	上帝既挺起其僕、先遣之祝爾、在於轉爾各離爾惡焉、
44010039	Violence	凡其在猶太人地、及耶路撒冷所行者、我儕為證、人且懸於木而殺之、
46001010	Recommendation	兄弟乎、我由我主耶穌 基督之名、勸爾曹言語皆同、無結黨、一志一意、以共成全、
51001021	Sin	且爾曹素為離間在於惡行、於心為敵、
55002022	Recommendation	惟逃少年之慾、而與凡由潔心籲主者追義信、愛、和、
51003001	Faith	故爾曹若曾與基督同起、當求在上之事、基督在彼、坐上帝之右、
66008007	Violence	第一使者吹、遂有雹與火、雜以血擲於地、地三分之一被焚、樹木三分之一被焚、百草亦皆被焚、○
66011017	Faith	主上帝、全能者乎、昔在、今在者也、我儕稱謝爾、因爾既握爾之大權而王也、
43004010	Grace	耶穌應而語之曰、倘爾知上帝所賜、又知向爾言與我飲者為誰、爾必求彼、彼則以生活之水予爾也、
51003004	Grace	為我儕之生、及其顯時、爾亦將共顯於榮中、○
43020031	Faith	惟載此、使爾信耶穌為基督、即上帝之子、且既信之、則可於其名而得生也、
62004006	Faith	我儕乃由上帝、識上帝者聽我、非由上帝者不聽我、真理之靈、與迷謬之靈、於此可識、○
65001012	Description	彼在爾之愛筵、乃如暗礁、與爾同筵、彼之為牧、惟己是飼、無所畏懼、彼乃無雨之雲也、為風飄蕩、無果之秋樹也、死而又死、根本盡拔、
44005015	Description	其至有擡病者、出於街衢、置之床榻、望彼得經過庶其影或庇蔭其中數人
49006016	Faith	此外又執信以為盾、以之能滅惡者之火箭、
51003023	Recommendation	凡爾所為、當由心而作、如向主、非如向人、
58012016	Recommendation	恐有淫行者、或輕侮如以掃者曾為一餔啜而賣其為長子之業、
43018040	Sin	眾再呼曰、非此人、乃巴拉巴耳、夫巴拉巴、賊也、
55003004	Sin	欺賣躁急、自滿、好佚樂過於好上帝、
50002009	Grace	收上帝躋之無上、以凡名以上之名予之、
61001016	Description	蓋我儕素令爾知我主耶穌 基督之能、與其降臨、非徒巧飾虛誕、乃目擊其威嚴、
61003016	Sin	其書亦皆言及此事、中有難明者、而不學不堅者強解之於他經亦然、以致己之淪亡、
44014014	Description	使徒巴拿巴 保羅、聞之、裂衣躍入眾中呼曰、
45015008	Faith	蓋我謂基督乃為上帝之真實、而作割禮者之役、致堅所許於列祖者、
59001026	Sin	若有人自以為虔敬而不鉗其舌、乃自欺其心、此人之虔敬、乃虛也、
43015020	Recommendation	爾當憶我所語爾之言云、僕不大於其主、人若窘逐我、亦將窘逐爾、若守我道、亦將守爾道、
43008031	Faith	耶穌謂已信己之猶太人曰、爾若恆居於我道、則誠為我門徒也、
44007011	Description	適埃及 迦南、遍地有饑荒與大難、以致我之祖絕糧、
63001004	Faith	我曾見爾諸子、有行於真理者、一如我儕自父所受之誡、則我喜甚、
54005008	Faith	人若不顧親屬更不顧己之家是乃背信較不信者尤惡、
58010022	Faith	我儕則宜意誠信篤、心被灑以去良心之自責者、身亦被洗於清水而前就、
48001023	Description	惟聞、彼素窘逐我儕者、今傳其所殘害之教、
44027034	Recommendation	故勸爾取糧、方可得救、蓋爾眾中、即首之一髮、亦無人有失落者、
66002003	Faith	爾亦有忍耐、曾因我名容忍、而不疲倦、
56002002	Recommendation	老者毋嗜酒、宜端莊、正志、且於信、於愛、於忍、無不全焉、
44017030	Recommendation	往者蒙昧之時、上帝不咎、今者乃命隨在眾人悔改、
43019025	Description	立於耶穌十字架旁、有其母、與其母之姊妹、革羅巴之妻馬利亞並麥大拉之馬利亞、
66019013	Description	彼衣以灑血之衣、而其名稱為上帝之道、
46008009	Recommendation	惟當慎、恐爾此權、為跌弱者之石、
44013034	Grace	論其由死中起之、不復歸於朽壞、則如是云、我將以大衛聖且實之恩惠予爾、
43014020	Faith	是日也、爾將知我在於我父、爾在於我、我在於爾焉、
62002003	Faith	我若守其誡、由是則知我儕識主也、
43008024	Sin	我故謂爾云、爾必於爾罪而死、蓋爾不信、我即是也、爾必於爾罪而死矣、
66017006	Sin	又見此婦、以諸聖及耶穌諸證者之血而醉、我見之、則奇甚、
58012017	Description	蓋爾知其後欲得祝福而反見棄雖涕泣勤求、而回志不得、○
43007012	Description	眾人為之多囁議、有曰善人也、有曰否、乃迷惑眾耳、
44011021	Faith	主之手偕之、信而歸主者、其數甚眾、○
52002004	Faith	乃既為上帝所驗、以受福音之託遂如是而言、非若悅人、惟悅驗我心之上帝、
46015057	Grace	感謝上帝、以其賜我儕、由我主耶穌 基督而得勝焉、
54005005	Faith	誠為寡婦而獨存者、惟上帝是望、晝夜恆於籲告、祈禱、
43016024	Grace	至今爾未曾於我名而求、爾其求則受之、俾爾之樂盈滿矣、○
46007021	Recommendation	爾為奴而見召、勿以為慮、若能自由、寧用之、
65001019	Sin	彼眾乃樹黨之人血氣是從、無有靈也、
48001006	Sin	昔於基督之恩召爾者、爾離之若此之速、而別從福音、是我所奇也、
58012014	Recommendation	當追求與眾和睦及成為聖蓋非聖、無人能見主也、
43021006	Description	耶穌曰爾施網於舟右、則必得焉、遂施之、既而不能舉、魚多故也、
46007019	Recommendation	受割無足算、不受割亦無足算、惟守上帝之誡而已、
45012008	Recommendation	或為勸慰者、則勸慰、為賙濟者、則誠實、為治理者、則殷勤、為憐恤者、則喜樂、
44019002	Faith	爾信時曾受聖靈否、曰、有聖靈與否、我亦未之聞也、
53003014	Recommendation	若有人不服我由此書所言、爾則誌之而毋與交、俾其自愧
46015050	Sin	兄弟乎、我言、血肉不能嗣上帝之國、必朽亦不能嗣不朽、
43006027	Recommendation	勿為將壞之糧而勞、當為存至永生之糧而勞、即人子所將予爾者、蓋父即上帝、曾加印於彼矣、
59004003	Sin	爾求而不得、因妄求俾用於爾之佚樂也
49005020	Faith	萬事常於我主耶穌 基督之名而感謝上帝即父也、
48003006	Faith	如亞爸拉罕信上帝、遂以此得稱為義、
66021023	Grace	不需日月之照、蓋上帝之榮耀光之、其燈乃羔也、
45008009	Faith	若上帝之靈居於爾中、則爾曹不在於肉體、乃在於靈、不有基督之靈者、非其人也、
45011023	Faith	彼若非恆居於不信、亦將見接、蓋上帝能再接之也、
66014005	Description	其口無謊、乃無瑕疵者也、○
44024014	Faith	惟有一事、我在爾前承認、即彼所謂黨者之路、我則按之以崇事我列祖之上帝、盡信合於律法、及先知所載者、
45013008	Recommendation	相愛以外、勿負於人、蓋愛人者、盡律法也、
66016009	Sin	人為炎熱所曝、遂謗讟有權掌此諸災之上帝之名、又不悔改、以歸榮之、○
66021012	Description	有牆大且高、有十二門、在諸門有十二使者、門上書名、即以色列子孫、十二支派之名、
48003013	Grace	基督已贖我儕脫法之詛、因其為我而成詛、蓋載有云、凡懸木者見詛也、
48001013	Sin	夫爾曾聞我在猶太教時所行者、即窘逐上帝之會實甚、而殘害之、
66020002	Description	遂執龍、即老蛇、亦為魔鬼、為撒但者、縛之以至一千年、
44008009	Description	有一人名西門者、素於城中為巫自稱為大、使撒瑪利亞民駭異
50003010	Faith	俾我識之、與其復起之能、及其受苦之共與、而效其死之狀、
54005022	Recommendation	勿遽按手於人、亦勿共與他人之罪、守己以潔、
56002003	Recommendation	老婦亦當如是勸容宜乎敬虔、毋毀謗、亦毋為多酒所役、當教人以善、
46007038	Recommendation	如是、嫁己之童女者美也、不嫁之者尤美、
59001022	Recommendation	惟爾當行道不第聞之而自欺也
43007001	Violence	此後、耶穌周行加利利、不欲行於猶太、因猶太人尋何以殺之也、
46001030	Grace	惟爾本於彼、在於基督 耶穌、其由於上帝、於我儕為智且為義、為聖、為贖者也、
43013005	Description	後注水於盤、始洗門徒之足、以所束之巾拭之、
44022004	Violence	我曾窘逐斯路者、致死之、無論男女、皆繫而付之於獄、
43007043	Description	於是眾因之而分爭、
60005002	Recommendation	當牧上帝之羊群在爾中者、而監督之非由勉強乃由甘心非因污利、乃由情願
46015056	Sin	夫死之鋒、罪也、罪之能、法也、
59005004	Sin	視哉穫爾田之工值、爾所不給而虧人者、有聲籲呼、且刈者之號呼、已入萬軍之主之耳矣、
60002001	Recommendation	故爾既去諸惡毒、詭譎偽善、嫉妒、與一切謗言、
46007039	Recommendation	夫在、婦為所繫、夫死、婦得自由、任所願嫁、惟在主耳
55002018	Sin	以真理而論、彼已謬矣、言復起之事已成、遂傾數人之信、
48005006	Faith	蓋在基督 耶穌、受割禮與不受割禮、皆無益、惟信之由愛而行者、乃有益焉、
58005009	Grace	既已完全、則於凡順服之者、成為永救之原、
46016001	Recommendation	論及為聖徒而捐者、如我命加拉太之諸會、爾亦宜如是行之、
49005022	Recommendation	婦宜服其夫、如服主然、
43008012	Faith	耶穌又語眾曰、我乃世之光、從我者不行於暗、惟將有生命之光也、
65001017	Recommendation	惟爾曹愛友乎、當憶我主耶穌 基督之使徒所預言、
44017025	Grace	不受人手共事、若有所需者、乃自以生命氣息、及萬物予眾、
62005009	Faith	夫人之證、我若受之、則上帝之證為尤大、蓋上帝之證乃此、即彼已論其子而證也、
45013014	Faith	惟主耶穌 基督、是佩是服、勿為肉體而圖、致縱私慾焉、
58011030	Description	以信、而周巡耶利哥城、歷七日、垣則傾頹、
44019011	Grace	上帝以保羅之手、行非常之異能、
43008034	Sin	耶穌應之曰、我誠誠告爾、凡犯罪者、罪之奴也、
62004011	Faith	愛友乎、上帝既如此愛我儕、則我儕亦當相愛、
44002028	Grace	爾曾示我以生命之路、必使我在爾前滿心喜樂、○
54004013	Recommendation	專務誦讀勸勉教誨以至我來、
47004008	Description	我在西方遇難而未困窮、顛沛而未失望、
44002013	Description	有戲之曰、此人無非飲醉新酒耳、○
66021018	Description	牆以碧玉而築、城乃精金、有若明淨之玻璃焉、
66015006	Description	遂有掌七災之七使者、自殿而出、身衣寶石、清且光胸束金帶、
45012014	Recommendation	窘逐爾者、宜祝之、惟祝而勿詛、
66001015	Description	足似光銅如爐中煆煉者、聲如眾水之聲焉、
43017026	Grace	我曾以爾名示之、又將示之、使爾愛我之愛在於彼、而我亦在於彼焉、
45008032	Grace	彼既不惜己子、而為我眾付之、豈不以萬物並賜與我儕乎、
65001018	Sin	語爾曰、末時必有戲謔者、依己不虔之慾而行、
45011018	Recommendation	則勿向枝而誇、爾若自誇、當思非爾載根、乃根載爾、
47001024	Faith	非我儕主爾之信、乃助爾之樂、蓋爾以信而立焉、
43011001	Description	有病者拉撒路、屬茇大尼、即瑪利亞及其姊妹瑪他之村、
52004008	Sin	是則拒之者非拒人、乃拒上帝、即以其聖靈予爾者也、○
62004002	Faith	爾曹於此、可知上帝之靈、凡靈認耶穌 基督已於肉體而臨者、乃由上帝也、
65001008	Sin	但此人於其夢幻、亦如是污衊肉體、藐視執政、毀謗尊者、
60003011	Recommendation	當避惡行善、求和平而追之、
51001023	Faith	若爾曹恆居於信、基固而堅立、不被動而離福音之望、即爾所聞者、乃宣傳於天下凡受造者之中、我保羅已立為其役、○
43008059	Violence	故眾取石以擊之、耶穌自隱而出殿宇、
49004024	Recommendation	衣以新人、即依上帝而造、乃於真理之義與聖者也、○
66014012	Faith	諸聖之忍在於此矣、是乃守上帝諸誡、及耶穌之信者也、○
44013030	Description	惟上帝由死中起之、
43010011	Description	我乃良牧、良牧者為羊捐生、
49003002	Grace	若爾曾聞上帝恩之政、為爾而予我者、
56003010	Recommendation	樹黨者、既儆之一而再、則辭之、
43010019	Description	因此言、猶太人中復有分爭、
43003033	Faith	受其證者、已加印、證上帝為真實也、
61003014	Recommendation	愛友乎、爾既望乎此則宜殷勤致可在主前無瑕無疵常享平康、
53003001	Faith	究之見弟乎、爾其為我儕祈禱、俾主道流行而得榮、如在爾中然、
47004014	Faith	自知起主耶穌者、將亦偕耶穌起我儕、進我與爾並立焉、
59005014	Recommendation	有人負病乎、則當請會中長老於主名以油抹之、為之祈禱、
44007023	Description	年至四十時、心中起念、省親其兄弟、以色列眾子、
44023027	Violence	此人為猶太人所執、將為其所殺、我得知其乃羅馬人、則率兵而拯之、
44019029	Description	邑滿擾亂、既執保羅之同行者、馬其頓之該由與亞哩達古、則同心擁入戲園、
44003014	Sin	惟爾曹不認彼聖且義者、反求以一兇犯賜爾、
44015009	Faith	以聖靈賜彼、一如賜我儕然、無分彼我、惟以信潔其心、
46011028	Recommendation	人當自省、然後食其餅、飲其杯、
46015058	Faith	是以我所愛之兄弟乎、爾宜貞固不搖、恆溢於主工、蓋知爾之勞於主者、非徒然也、
46004016	Recommendation	故勸爾效我、
46001021	Faith	蓋世在上帝之智中、既不由智以識上帝、故上帝喜悅、由於宣傳之愚以救諸信者、
60003001	Recommendation	爾曹為婦者、亦當順服己夫、使夫之不順道者、雖不由道、亦可由婦之所行、隨感而被得
47005020	Recommendation	是以我儕為基督而作使者、猶上帝以我勸爾、我為基督而求爾、復和於上帝、
44002024	Description	然上帝釋乎死之苦而起之、因其不能拘於死也、
59002007	Sin	非謗讟爾被稱之美名乎、
54003003	Description	無因酒滋事無毆擊、惟溫柔、不爭兢、不好利、
43004014	Grace	惟凡飲我所予之水者、永不渴、蓋我所予之水、將於其內、成為水泉、湧至永生也、
62002005	Faith	惟凡守其道者、則上帝之愛、誠於彼成全矣、由是、則知我在於主也、
66016013	Description	我又見有三污靈若蛙、自龍口、與獸口、及偽先知之口而出、
59002008	Recommendation	經所載云愛鄰如己爾若守此至法則為美矣、
47004005	Faith	蓋我儕所宣者非己、乃基督 耶穌為主、而己因耶穌為爾僕耳、
46015033	Recommendation	毋為所欺、惡交致壞善俗、
58013020	Grace	夫平康之上帝、常以永約之血、由死中復引群羊之大牧即我主耶穌者
50001027	Recommendation	但爾之處世、當稱乎、基督之福音、俾我、或來見爾、或相離、而得聞爾諸事、則知爾堅立於一靈、以一心為福音之信而同勞、
46006014	Grace	而上帝既已起主、則亦以其能、將起我儕、
55001006	Recommendation	因是故、我令爾追憶、致爾復熾上帝之恩賜、即由我之按手而在爾衷者、
60004006	Grace	是以福音曾傳於死者、使其身依人被審、其靈依上帝得生、○
46007023	Recommendation	爾以價見購、勿成為人奴、
46010010	Recommendation	爾曹勿囁議、如彼中有人囁議、而亡於剿滅者、
47002017	Faith	蓋我不似多人、為利而混雜上帝之道、乃似由清純、由上帝、賴基督而言於上帝前也、
45015001	Recommendation	我儕能者、當容不能者之懦弱、而不悅己、
50002024	Faith	然我於主而信、已亦將速至、
66007001	Description	此後我見四使者、立於地之四隅、持地之四風、使勿吹於地、於海及於諸樹、
60004003	Sin	蓋已往之時、爾行異邦人之旨、有若邪侈、嗜慾、縱飲饕餮、荒宴及諸違規、而拜偶像之事已足矣
66011005	Violence	若有欲害之者、則有火自其口出而吞其敵、凡欲害之者、必如是而被殺也、
44023005	Recommendation	保羅曰、兄弟乎、我不識其為祭司長也、蓋記有云、爾民之宰、爾勿非之、
66022015	Sin	在外則有諸犬、巫術、淫亂、兇殺拜偶像、及好謊言而作之者、○
66002014	Sin	然我有數端以責爾、因爾處有持巴蘭之教者、
53001003	Faith	兄弟乎、我儕當為爾恆謝上帝、如所宜也、因爾之信益長、爾眾各人彼此之愛充足、
46012002	Sin	爾知、爾為異邦人時、惑於無聲之偶像、隨事被誘、
49005025	Recommendation	夫、爾當愛婦、如基督愛會而為之捨己、
45012017	Recommendation	勿以惡報惡、於眾前為美者、爾當圖之、
60005006	Recommendation	故宜自卑、服於上帝大力之手下、致彼屆期升爾
44014017	Grace	然上帝未嘗遺己於無證、乃行諸善、自天賜雨、及豐產之期、以糧食喜樂、充滿爾心焉、
54003011	Recommendation	婦亦宜然、宜端莊、毋毀謗、毋嗜酒、凡事忠信、
66002021	Sin	我以時予之、俾之悔改、然彼不欲悔改其淫行、
44012020	Description	希律甚怒推羅西頓之人、惟其人因賴王地以得養故同心就之、既勸王之近臣伯拉士都乃求和、
43008049	Sin	耶穌應曰、我非有鬼、惟尊我父、爾辱我耳、
43006018	Description	風大吹、海浪起、
45008018	Faith	蓋我以為今時之苦、不堪比較將來所顯於我儕之榮、
62002012	Grace	小子乎、我書與爾、因爾諸罪、為其名得赦矣、
55001009	Grace	上帝救我儕、召以聖召、非依我之行、乃依己之預旨、及恩寵、即永世之先、於基督 耶穌而予我者、
43019006	Violence	祭司諸長、及眾役見之、遂呼曰、釘之十字架、釘之十字架、彼拉多謂之曰、爾自取而釘之、可也、蓋我見其無辜焉、
60001010	Grace	論及此救、諸先知、即預言將賜爾之恩者、己勤求且察、
63001007	Sin	蓋有多惑人者出在世、不認耶穌 基督於肉體而臨、此乃惑人者、敵基督者也、
44024005	Sin	蓋見此人為流疫於天下猶太人中震亂者也、為拿撒勒黨之先導、
54003016	Grace	大哉、敬虔之奧妙、無人不以為然、乃彼顯於肉體見義於靈、見於諸使、見宣於列邦、見信於世、蒙上接於榮者也、
66016021	Violence	且有大雹、自天降於人、各重一鈞、人因雹災、遂謗讟上帝、蓋其災甚大也、
61003013	Faith	然我儕按其所許、盼望新天新地、義居乎其中者、○
66006014	Description	天遂見徒、如卷被捲、山嶺海島、皆見移而離其所、
58010010	Grace	我儕由此旨、賴耶穌 基督、一次獻己身、而得成聖焉、
52001002	Faith	我儕為爾眾恆謝上帝、祈禱間提及爾曹、
66006004	Violence	又有赤馬出乘之者、奉權以奪和平於地、致人相殺、且有巨刃予之、○
54006001	Recommendation	凡在軛下為僕者、當視己主為堪全敬、免上帝之名與教見謗讟、
51003009	Recommendation	毋互相言謊、蓋爾曹已脫舊人、與其作為、
66002020	Sin	然我有所責爾者、即爾容彼婦耶洗別、自謂先知者、彼教誨迷惑我諸僕行淫、與食祭偶像之物、
48003008	Grace	且經既預見、上帝將由信稱異邦人為義、故預傳福音於亞爸拉罕云、萬邦將於爾得福、
58012005	Recommendation	爾又忘語爾如勸子之言曰吾子乎主懲治爾勿輕視之、主責備爾勿喪爾志、
58013017	Recommendation	率爾者爾當信從順服之、蓋彼為爾靈魂而儆醒、如在主前、必將自陳者、使其以樂不以憂而為之、否則無益於爾矣、○
44013019	Description	既滅迦南地七邦之人、乃分其地、與之為業、約有四百五十年、
54006003	Faith	若有人傳異教、不從正言、即我主耶穌 基督之言、及依敬虔之教者、
63001010	Recommendation	若有人就爾、而不携此教、爾勿接之於家、亦勿問其安、
47001005	Grace	蓋如基督之苦、曾溢於我、我之慰、亦由基督而溢、
65001011	Sin	禍哉、斯人也、以其行該隱之途、且為利奔馳與巴蘭之謬誤無異、效哥喇之違逆、而淪亡矣、
65001010	Sin	但此人謗讟其所不知、且其本性之所悟、與無理之禽獸無異、於此則自壞矣、○
58011007	Faith	以信、而挪亞於未見之事、既得默示、則敬畏而備方舟、以救其家、由此而定世之罪、又得嗣依信之義也、
58009006	Description	凡此物既如是齊備、諸祭司則常入前幕、盡諸崇事之事、
44007051	Sin	爾曹強項、心與耳俱未受割禮者、常背逆聖靈、爾祖如何、爾亦如何、
54001009	Sin	蓋知律法非為義人而立、乃為不法不服者、不虞與負罪者、不聖與塵俗者、擊父擊母者、殺人者、
46005009	Recommendation	我曾以書寄爾、勿與淫亂者相雜、
48001015	Grace	然自我母胎區別我、由其恩而召我之上帝、既悅、以其子顯於我衷、使我傳其福音於異邦、我遂不與世人相謀、
45007015	Description	蓋我所為者、我不自知、因我所願者、斯不習之我所惡者、斯行之、
61003018	Faith	惟爾當日長於我主與救者、耶穌 基督之恩寵及於識乎彼顯榮光歸之、自今以至於永世之日啞𠵘、
46004010	Description	我儕因基督而愚爾在基督而智、我弱爾強、爾榮我辱、
60005009	Faith	爾當堅立於信而禦之、因知爾眾兄弟在世、亦經歷此苦難也、
51003022	Recommendation	僕、依肉體為爾主者、爾當凡事順之、非以目前之服役、如取悅於人者、惟以心之誠、畏乎主焉、
66017012	Description	爾所見之十角、乃十王、未嘗受國者、但與獸同受權如王、惟半時矣、
46002012	Grace	然我儕所受、非世之靈、乃由上帝之靈、俾我知上帝所賜我者、
59005001	Recommendation	噫富者乎、爾當哀泣號哭、因將臨爾之苦難也、
66002010	Recommendation	勿懼爾將受之苦、視哉、魔鬼將以爾中數人、投之於獄以試爾曹、爾必受難十日、爾當忠信至死、我則以生命之冠冕賜爾、
54006011	Recommendation	惟爾、上帝之人乎、當避諸此、而追義、虔、信、愛、忍、柔
59005005	Sin	爾曾處地、宴樂奢侈、養爾心至屠宰之日、
66004004	Description	座之四周、有二十四座、坐其上者、有二十四長老、身衣白衣、首戴金冠冕、
66018007	Description	彼昔自榮與奢華若何、今使之痛苦哀慟、亦若是、蓋彼心中曰、我乃坐而為后、並非寡婦、決不至於哀慟、
60003007	Recommendation	爾曹為夫者當亦循見識與婦同居、因彼為更弱之器亦為同嗣永生之恩者爾其尊之、免爾之祈禱有所阻也、○
54002012	Recommendation	我不許婦女施教、或治乎男、惟居恬靜、
46001009	Faith	上帝乃誠信也、爾由彼見召以入其子我主耶穌 基督之共與、○
48005013	Recommendation	蓋爾兄弟、蒙召以得自由、然勿以自由為縱慾之機、乃以愛互相為僕、
59002012	Recommendation	爾曹或言或行、皆當如將受判於自由之律法者、
46012005	Faith	役事有殊、其主惟一、
45009005	Description	列祖乃其祖、依肉體論、基督亦由之而出、其乃萬有之上、永世堪頌之上帝、啞𠵘、
47001006	Description	我儕或受難、則為爾之慰與救或受慰、亦為爾之慰、斯慰使爾忍受苦、如我所受者然、
47001021	Faith	夫堅我儕與爾曹於基督、且膏我儕者上帝也、
44010015	Recommendation	又有聲再謂之曰、上帝所潔者、爾無以為俗也、
66018009	Sin	地之諸王、素與彼行淫而奢華者、見焚之之烟則為之悲泣哀哭
43014023	Faith	耶穌應而語之曰、人若愛我、必守我道、我父將愛之、我儕必就之、而以之為居所焉、
62004010	Grace	非我儕愛上帝、乃上帝愛我儕、而遣其子為我罪為庇免、愛即在於此也、
62001007	Faith	惟我儕若行於光、如彼之在光然、則互相共與、而其子耶穌之血、滌除我儕諸罪矣、
48004007	Grace	如是爾非仍為僕、乃為子矣、既為子、則由上帝而為嗣子、○
58001008	Faith	論及其子、則曰、上帝歟、爾之座位、世世恆存、爾之國柄乃正直之柄
43010033	Sin	猶太人應之曰、我以石擊爾、非因善事、乃因僭讟、以爾乃人也、而自以為上帝
66014011	Description	其受苦之烟、上騰以至世世、凡拜獸與其像、及受其名之印記者、晝夜無憩息、
47004001	Faith	是以我儕既有此職役、依所得之憐恤、則不倦、
58013006	Faith	故我儕可毅然而言曰、主乃助我者、我無所懼人其如我何○
45014003	Recommendation	食者、勿輕視不食者、不食者、勿擬食者、蓋上帝已納之矣、
45015005	Grace	願忍耐安慰之上帝、賜爾曹心志相同、依基督 耶穌、
58007027	Description	非如彼諸祭司長、每日先為己罪、後為民罪、而獻祭蓋其獻己、一次足矣、
62003017	Sin	人若有世之財產、視其兄弟窮乏、而閉其矜恤之心則上帝之愛、焉能居於其衷哉
47005008	Faith	我儕毅然、更悅離於身而與主偕、
60002011	Recommendation	愛友乎、我勸爾曹、若旅客若寄居者、當戒肉體之慾、即與靈魂戰鬥者、
60002017	Recommendation	當敬眾人、愛諸兄弟、畏乎上帝、尊乎君王、○
44007025	Description	意兄弟必悟、上帝乃以其手救之、而彼不悟也、
50003002	Violence	慎防諸犬類、慎防諸作惡者、慎防諸損害者、
56001016	Sin	彼自認為識上帝、而於所行則非之、乃為可惡悖逆、而於一切善行、未經驗也、
45010002	Faith	蓋我為之證、彼向上帝有熱心、但不依真知焉、
47001004	Grace	其慰我儕於諸難中、致我能以上帝之慰我者、而慰諸難中之人、
55002015	Recommendation	爾當殷勤、獻己於上帝、為既驗者、為無愧之工人縷析真理之道、
53002004	Description	彼乃為敵而自高、超乎凡稱為神、與受拜者、甚至坐於上帝殿、而自表為上帝、
49006004	Recommendation	父、爾勿激子女之怒乃以主之教訓、警戒而養育之、○
45008037	Grace	但於此諸事、我儕由愛我者、而得勝有餘、
44026014	Violence	眾皆仆地、我聞有聲、以希伯來方言謂我曰、掃羅 掃羅、爾何窘逐我耶、爾以足踢莿、難矣哉、
66002009	Sin	我知爾之患難、貧乏、而爾實富有、彼自謂猶太人而非然者、乃為撒但之黨、我亦知其謗讟焉、
46013006	Faith	不喜非義、而與真理共喜、
59001021	Recommendation	故爾曹既去諸污穢、及惡毒之餘則當以溫柔而受所種於內之道、即能救爾靈魂者、
46003006	Grace	我種之、亞波羅灌之、惟上帝長之、
66014008	Sin	又有他使者、其二也、從後曰、傾矣乎、傾矣乎、大巴比倫、即使萬國飲彼淫亂而干怒之酒者也、○
43015014	Recommendation	爾若行我所命爾者、即為我友矣、
62005021	Recommendation	小子乎、爾宜守己、以離偶像、
55003006	Sin	蓋此中有人、濳入人家、牽引負重罪之愚女、即為多慾所誘者、
49004015	Faith	乃以愛言真、萬事漸長於彼為首者、即基督也、
49004003	Faith	務守靈所使之一也、以和平互相聯絡、
44009005	Description	曰、主爾為誰、曰、我乃耶穌、爾所窘逐者也、
60003015	Recommendation	惟爾心中當尊主基督為聖爾心所望者若有人詰問其故則當常備以自訴、惟當以溫柔敬懼也、
44007033	Recommendation	主語之曰、解爾足履蓋爾所立之處聖地也
62002024	Faith	惟爾曹則自始所聞者、當恆居於爾、若自始所聞者恆居於爾、則爾亦恆居於子、及父焉、
43008051	Faith	我誠誠告爾、人若守我道、則永不見夫死、
66020011	Description	我又見一大白座、與坐之者、地與天、自彼之面前而遁、其所在遂不見矣、
46006013	Recommendation	食乃為腹、腹乃為食、但二者、上帝必廢之、惟身非為淫、乃為主、主亦為身焉、
45006011	Faith	如此、爾曹當在基督 耶穌、視己為向罪而死、向上帝而生也、○
47002014	Faith	感謝上帝、常於基督而導我凱旋、隨在由我儕、顯揚而使人知彼之香、
62001005	Grace	上帝乃光、於彼決無暗、斯乃我儕所聞於彼而傳於爾之示諭也、
43006037	Grace	凡父所予我者、將皆就我、凡就我者、我決不逐之出、
58013001	Recommendation	宜恆存兄弟相愛之心、
58007025	Grace	是故亦能盡救凡由之而就上帝者、因其常生以為之代求也、○
43019015	Violence	眾呼曰棄之棄之、釘之十字架、彼拉多謂之曰、我可將爾王釘十字架乎、祭司諸長應曰、該撒之外、我無王也、
45011005	Grace	於今亦然、猶有遺餘、依恩而選者、
66017002	Sin	地之諸王、曾與之行淫、宅地之人、已以其淫亂之酒而醉、
45012010	Recommendation	兄弟相愛、則宜親厚、彼此尊敬、則宜先施、
45008014	Faith	凡為上帝之靈所導者、是為上帝之子、
66012003	Description	又有他兆現於天、視哉、有大赤龍、七首十角、首戴七冕、
45008017	Faith	既為子、則為嗣、即上帝之嗣、與基督同為嗣、致我儕既與之同苦、亦可與之同榮、○
54005017	Recommendation	善治之長老、當倍尊之、其勞於道於教者、更當如是、
46008007	Sin	然人不皆有此知識、但至於今、尚有慣習偶像者、食則若為祭物然、其良心既弱、故被浼
43015002	Grace	凡枝在我而不結果者、彼則去之、凡結果者、則彼潔之、使其結果尤多、
60005003	Recommendation	所託乎爾者爾勿主之乃為羊群之模範也、
52004013	Recommendation	兄弟乎、論及睡者、我儕不願爾不知、恐爾有憂、若彼無望者然、
58011029	Description	以信、而民過紅海、如由陸地、惟埃及人試行之、則沉溺焉、
44007020	Description	時摩西生、上帝視為俊秀、育於父家三月、
58005002	Grace	彼既周環懦弱、則能體恤愚昧迷罔之人、
45013012	Recommendation	夜已深、晝將近、我儕當脫昏暗之行、而衣光明之甲、
49006009	Recommendation	主爾亦宜如是行於僕、勿用厲言、蓋知彼與爾之主在天、乃不以貌取人者也、○
45012015	Recommendation	與樂者同樂、與哭者同哭、
45002005	Sin	乃依爾之剛愎、與不悔之心為己積怒、至震怒及上帝義鞫顯現之日
44014019	Violence	有猶太人來自安提阿、以哥念、既勸眾、則以石擊保羅、曳出城外、意其已死、
43013021	Description	耶穌既言此、於靈擾動、乃證曰、我誠誠告爾、爾中一人、將付我矣、
48003022	Faith	但經已囿萬有於罪下、致所許可由信耶穌 基督而賜於諸信者、○
66011007	Violence	及其證畢時、自深淵而上之獸、將與之戰、且勝而殺之、
58003014	Faith	蓋我儕若持守初時之篤信、堅固至終、則為共分於基督者矣、
45008010	Faith	若基督在爾中、爾身則因罪而死、爾靈則因義而生、
44007052	Sin	先知中爾祖不窘逐者誰乎、預言義者將至之人、彼且殺之、今此義者爾曾賣而殺之矣、
48005021	Sin	忌恨、醉酒、宴樂、及此之類、我昔預言、今亦告爾、凡行如是者、必不嗣上帝之國、
43012036	Faith	爾尚有光時、則當信乎光、致成為光之子也、耶穌言此、遂往自隱乎眾、○
58003002	Faith	彼盡忠於立之者、如摩西在上帝之全家然、
56003006	Grace	即其由耶穌 基督我儕之救者、所厚注於我儕、
44004036	Description	有利未族人生於居比路、名曰約瑟、使徒又稱之曰巴拿巴、譯即勸慰子、
48006009	Recommendation	我儕當行善勿倦、蓋若不困憊、屆期以穫矣、
48002019	Faith	蓋我由乎法而向法已死、使我向上帝而生、
66011001	Recommendation	有予我以葦似杖曰、起而量上帝之殿、與祭壇、及殿中崇拜者、
66014004	Description	此乃未以婦女自污者、乃為童身、且從羔而行、不論何往、此亦於人中被購、為初果獻於上帝與羔、
66009007	Description	蝗之形狀、如備戰之馬、首上所戴有若金冠冕、面如人面、
60002016	Recommendation	如自由、而非用自由為惡毒之蓋、乃如上帝之僕也、
54004010	Faith	蓋我儕勞而爭、乃為此也、因仰望生活之上帝、即眾人之救者、而於諸信者尤是
58010029	Sin	況踐踏上帝之子、以使己得聖之約之血為俗物、且狎侮施恩之聖靈、爾思其人應受之罰、更重幾何哉、
43020021	Grace	耶穌遂復語之曰、爾眾平安、如父之遣我、我亦遣爾、
65001016	Sin	此人縱其慾而行、囁議怨尤、口出矜誇、為利而重人之貌、
66006015	Description	地之諸王、大夫、千夫長、富人、勇士、為奴者、自主者、皆自匿於山洞山巖
66021008	Sin	但畏怯者、不信者、可惡者、兇殺者、淫亂者、巫術者、拜偶像者、及凡言謊之人、其分則於焚火及硫磺之湖、此即第二死也、○
44022016	Recommendation	今何延遲乎、起、籲其名而受浸、以滌爾罪、
66009008	Description	有髮如女髮、有牙如獅牙、
55002024	Recommendation	但主之僕、不可爭競乃柔良以向眾、善施教、忍受侮、
51002005	Faith	蓋我於肉體雖離爾、於靈則偕爾、喜而觀爾之秩然有序、及爾信乎基督之堅○
60003012	Sin	蓋主之目眷顧義人耳聽其所求、惟主之面無不鑒察彼為惡之人、
53002013	Faith	主所愛之兄弟乎、我儕當為爾恆謝上帝、蓋上帝自初簡爾致得救在於靈之成聖、及真理之信、
66022011	Recommendation	不義者其仍為不義、污穢者、其仍為污穢義者、其仍為義、聖者其仍為聖、
44002038	Faith	彼得謂之曰、爾曹當悔改、各於耶穌 基督之名受浸、致爾罪得赦且將受聖靈之賜矣、
52005015	Recommendation	慎勿以惡報惡、惟彼此相待、或待眾人、皆當恆追夫善、
45001027	Sin	男子亦然、棄婦女順性之用、嗜慾相熏、男與男行不宜身受乖謬當得之報、○
50002018	Recommendation	爾亦當如是而樂、且與我共樂焉、○
44003019	Recommendation	故爾當悔改而轉回、致爾罪得塗抹、使安舒諸期、自主前而至、
66021025	Description	其門於晝決不閉、蓋在彼將無夜也、
43006054	Faith	食我肉、飲我血者有永生、末日我將復起之、
43019011	Sin	耶穌應之曰、若非自上予爾、則爾無權以攻我、故解我於爾者、其罪更大、
59002017	Faith	如是信也非有行、則自為死矣
45008003	Sin	蓋律法由肉體之弱、故有所不能、惟上帝遣己子於罪肉之狀、且為罪之故、於肉體中而定罪、
60003014	Recommendation	惟爾若因義而受苦則福矣勿畏其威、且勿為所擾、
51003021	Recommendation	父、爾毋激怒爾子女、恐其失志、
66018002	Sin	大聲呼曰、傾矣乎、傾矣乎、大巴比倫、今成為群鬼之居所、凡污靈之牢獄、凡不潔、可惡之鳥之牢籠、
62002022	Sin	謊者誰乎、非不認耶穌為基督者乎、其不認父與子者、即敵基督者乎、
46011027	Sin	凡不合宜而食主之餅、飲主之杯者、則辜負主身主血者也、
59002020	Faith	虛誕之人乎、爾欲知無行之信、乃死乎、
43018003	Description	故猶大領兵一隊、及眾祭司長、與𠵽唎㘔人之役、以炬、以燈、以械而至、
53003003	Grace	主乃誠信、彼必堅爾且保爾脫於惡者、
44007021	Description	被棄時法老之女拾之、育為己子、
66008005	Description	使者取其香爐、以壇上之火、滿之、傾之於地、遂有雷轟、諸聲、閃電、地震○
66018003	Sin	蓋因其淫亂而干怒之酒、萬邦已傾、地之諸王、與之行淫、地之諸商、已因其奢華之甚而至富有、○
44026021	Violence	猶太人因而執我於殿宇、嘗試殺我、
55004004	Sin	且反其耳、不聽真理、轉向虛誕、
43006064	Faith	然爾中有不信者矣、蓋耶穌自始知不信者為誰、將付之者為誰、
43013026	Description	耶穌應曰、我蘸片食而予之者是也、既蘸片食、遂予加略人西門之子猶大、
54006020	Recommendation	提摩太乎、所付託爾者、爾其守之、轉離偽稱為智塵俗之虛談、及異同之辯論、
44017005	Violence	但猶太人嫉妒之、招納市井匪類數人、既集、群眾則鼓噪其城、突至耶孫屋、欲取二人交之於民、
62005016	Sin	人若見其兄弟犯不至於死之罪、則可求遂必予之以生、即予於犯不至於死之罪者罪有至於死者、我言何求、非指此而言也
43013020	Faith	我誠誠告爾、接我凡所遣者、即接我、接我、即接遣我者也、○
58012028	Faith	故我儕既受不可震之國則宜有恩、按上帝所悅、虔恭敬畏以崇事之、
44019013	Description	時有周流之方士數人、猶太人也、擅自呼主耶穌之名、於有惡鬼者之上曰、我藉保羅所宣之耶穌、命爾出有
44015040	Grace	保羅擇西拉、為兄弟所託於主之恩、乃往、
63001008	Recommendation	爾宜自慎、免失我儕所勞者、乃得全賞焉、
66011006	Violence	二證者有權閉天、使於其傳道之日不雨、亦有權治諸水、變之為血、且隨其所欲、無論何時、以各等災難擊地、
44008021	Sin	爾於此道無分無涉、蓋在上帝前爾心不正、
43017010	Faith	我凡所有者、即爾所有、爾凡所有者、即我所有、且我於彼而得榮矣、
45003012	Sin	皆棄正路、同為無用、無有行善者、並無其一、
50002003	Recommendation	凡事勿由於結黨、勿尚虛榮、惟彼此以謙遜之心、各視他人為愈於己、
66001013	Description	有似人子者、身衣長衣、胸朿金帶、
66022003	Faith	凡呪詛皆不再有、上帝及羔之座將在於彼、而其諸僕將事之、
60004007	Recommendation	夫萬事之終近矣、故爾當志正中節而祈禱、
44014026	Grace	由彼航海至安提阿、昔二人在此、被託於上帝恩以行其今所成滿之工者也、
46007028	Recommendation	爾若娶、非犯罪、童女若嫁、亦非犯罪、但若此之人、肉體必受難、惟我惜爾、
49006012	Sin	蓋我儕所與戰者、非血肉、乃執政者、掌權者、及斯世幽暗之諸君、及在天際之靈之惡者
59001005	Recommendation	爾中有人缺於智慧、當求於上帝、即博施於眾而不責人者、則必賜之
52005019	Recommendation	毋滅靈、
58009002	Description	蓋備有一幕、前一層、謂之聖所、內有燈臺、及案、與陳設之餅
66003018	Recommendation	我為爾謀、當向我買火煉之金、致爾獲財、又買白衣以穿、致爾裸體之羞不露、又買目膏以膏爾目、致爾得見、
62005013	Faith	我書此與爾曹信乎上帝子之名者、俾爾知爾有永生、
43007018	Faith	由己而言者、乃求己之榮、惟求遣之者之榮、其人乃真、其內無不義矣、
47004007	Grace	然我儕有此寶、在於土器、致莫大之能、非由我、乃由上帝焉、
45012019	Recommendation	親愛者乎、勿伸己冤、寧讓其怒、蓋記有之、主曰、伸冤在我、我必報應、
43008054	Faith	耶穌應曰、我若自榮、我榮則無有矣、榮我者乃我父、即爾所言為爾之上帝者、
45014020	Recommendation	勿因食故、毀上帝之工、凡物固潔、但因食而致傾跌者、則惡矣、
43019040	Description	二人遂取耶穌之屍、以枲布、加香品裹之、循猶太人之葬例也、
58010034	Faith	蓋人在縲絏之中、爾曾體恤之、人奪爾業、爾喜容之、知自有愈美恆存之業也、
44013023	Grace	上帝按所許者、由此人之裔、曾使救主耶穌至以色列民、
46002009	Faith	乃如經載云、上帝為愛之者所備、即目所未見、耳所未聞、亦未入於人心者、
45008011	Grace	惟由死而起耶穌者之靈、若居於爾中、其由死而起基督 耶穌者、亦將以其靈、即居爾中者、蘇爾將死之身矣、○
45008016	Faith	聖靈自與我靈、同證我儕為上帝之子、
48006007	Recommendation	毋自欺也、上帝不受侮也、蓋人所播者何、所穫者亦何、
45011022	Grace	試觀上帝之慈悲威嚴、向彼傾跌者則威嚴、向爾若恆居於其慈悲、則上帝慈悲、不然、爾亦必見斫、
59005007	Recommendation	兄弟乎、是故爾宜恆忍以待主之降臨、試觀農夫候地之寶產恆忍待之、以至得前後之雨、
55001016	Grace	願主賜憐恤於阿尼色弗之家、因彼屢使我舒暢、且不以我之縲絏為恥、
62002028	Faith	小子乎、今也、爾宜恆居於彼、則彼若將顯、我儕於其復在時、可毅然無懼、且可無愧於其前、○
48005016	Recommendation	我謂、爾當以靈而行、則不縱肉體之欲、
54001015	Grace	信哉、是言、且堪全納者、即基督 耶穌來入世、以救罪人、其中我居其首、
49006010	Faith	究之、爾宜於主及其莫大之能而剛健、
46010012	Recommendation	故自以為立者、當慎、免至於傾、
58010014	Grace	蓋彼以一獻、使諸蒙聖潔者、永為完全、
43010031	Violence	猶太人復取石欲擊之、
46011003	Description	惟我欲爾知、凡男之首、基督也、女之首、男也、基督之首、上帝也、
58011036	Violence	又有受戲弄、鞭撲縲絏監禁之試、
58006019	Faith	我有此望、如魂之有錨堅固不移、入於幔內、
49005011	Recommendation	於暗昧無結實之行毋共與、寧責之、
59004011	Recommendation	兄弟乎、毋彼此相謗、謗兄弟、擬兄弟者、是謗律法、擬律法也、爾若擬律法、則非守律法者乃為擬之者矣
66021021	Description	十二門乃十二珠、諸門各為一珠、城衢乃精金、明澈如玻璃、
58003006	Faith	但基督如子、治理其家、我儕若、持守毅然之心與可誇之望、堅固至終則為其家人矣、
45012009	Recommendation	愛當無偽、惡惡、親善、
66011013	Violence	當是時也、地有大震、城傾十分之一、因地震而死者、有七千名、其餘皆恐懼、而歸榮於天之上帝、○
48003020	Description	夫中保非為一、而上帝乃一也、
43019010	Description	彼拉多謂之曰、爾不與我言乎、豈不知我有權釋爾、亦有權釘爾於十字架乎、
44008032	Description	所讀之經文乃云、其被人牽如羊就屠、其不啟口似羔對剪毛者之無聲、
44013021	Description	以後民求一王、而上帝予之、以便雅憫支派之人、基士子掃羅、歷四十年、
56001010	Sin	蓋有多不服之人、乃談虛者、欺詐者屬割禮者尤甚、
44010012	Description	內有各類地上四足之獸、昆蟲、及天上之鳥、
43017022	Grace	爾所予我之榮、我已予彼使之為一、如我儕之為一然、
55001013	Faith	爾由我所聞正言之、模範當於信與愛之在基督 耶穌者以存之、
43002006	Description	依猶太人潔淨之例、在彼設石甕六、各容水二三桶、
46015034	Recommendation	依義而警醒、勿犯罪、蓋有不識上帝者、我言此以愧爾、○
49004002	Recommendation	凡事謙遜、溫柔、忍耐、以愛相恕、
65001023	Recommendation	有人、爾當奪之於火而救之、亦有人爾當以畏懼而憐恤之、即其衣為肉體所污、爾亦惡之、○
45008028	Grace	我儕知萬事、同作以益諸愛上帝者、即依預旨而見召者也、
45016019	Recommendation	夫爾之順服、已徧聞於眾、故我為爾喜、惟願爾於善則智於惡則愚、
58009004	Description	有金香壇、與周被以金之約櫃、櫃內有貯𠼦嗱之金樽、亞倫萌芽之杖、與約之二碑、
45003027	Faith	然則誇安在乎、已絕之矣、以何法乎、以行之法乎、非也、乃以信之法、
43014010	Faith	我在於父、父亦在於我、爾不信乎、我語爾之言、非由己而言、乃父居於我而行其行耳、
44016022	Violence	眾人齊起攻之、幕府既剝彼衣、令杖之、
43013034	Recommendation	我以新誡賜爾、令爾相愛、如我曾愛爾、令爾亦相愛焉、
47005001	Grace	蓋我儕知我在地、之幕室若毀、則有由上帝之居所、非手所造之室、永遠在天者、
43012044	Faith	耶穌呼曰、信我者非信我、乃信遣我者、
44009013	Description	亞拿尼亞應曰、主、我聞多人言、此人在耶路撒冷如何、曾多惡待爾諸聖徒、
55003002	Sin	蓋人將愛己、好利、矜誇、驕傲、謗讟、逆親忘恩、不聖、
45005009	Grace	況今既於其血、得稱為義、必由之益得救免怒哉、
45014014	Sin	我知而在主耶穌深信、凡物本非為俗、人以之為俗、於彼則為俗耳、
54004006	Faith	若以此提撕兄弟、爾則將為基督 耶穌之善役、見養於信之言、及爾所從之美教、
