62003016	Faith	耶稣为我们舍弃自己的生命，我们是通过这种方式知道什么是爱；我们也应当为其他基督徒兄弟姐妹舍弃自己的生命。
43013001	Grace	逾越节前一天，耶稣知道自己时候已到，将会离开这世界，回到天父那里去。他爱这世上追随他的人，现在他将显示对他们所有的爱。
58003017	Sin	是谁让上帝在四十年内感到不快？不就是向那些在埋葬在荒野中的罪人吗？
60001014	Recommendation	像那些按照他们吩咐去做的孩子一样生活。当你不知道何为更好，不要让那时候的罪恶欲望左右你们。
45011032	Grace	对于所有不服从之人，上帝都会将其视为囚徒，以此怜悯所有人。
66006006	Description	我听见四个活物中仿佛有声音说：“两磅小麦卖一天的工资，三磅大麦卖的价格相同，但油和酒也不可糟蹋。”
59004010	Recommendation	你们在主面前务必要谦卑，他就会让你们高升。
44017031	Grace	因为他已经定好时间，届时将由他指认的那个人，对世间进行正义审判。为了向众人证明他就是那个人，上帝会让那人死而复生。”
43019002	Description	士兵用荆棘编成冠冕，戴在他的头上，又给他披上紫色的外袍，
54005014	Recommendation	因此，我非常建议年轻寡妇结婚，生儿育女，照顾家庭，不给敌人以批评的机会；
43014011	Faith	当我说我与天父一体，要相信我，至少也要因为我所做的一切而相信我，那些就是证明。
66020014	Violence	死亡和阴间被拋在火湖里。这火湖就是第二次死亡。
58009026	Description	如果这样，从创世以来，基督就该受过许多次苦了。并没有：就在这一次，在这当前时代的末期，他通过牺牲自己消除罪。
44013018	Description	然后他在旷野耐心地照顾他们四十年。
46011033	Recommendation	所以我的兄弟姐妹们，你们聚集在一起吃下主的最后晚餐，要彼此等待。
66006012	Violence	羊羔揭开第六个封印，发生了强烈的地震。太阳变黑，如粗糙的毛布；整个月亮变成血红；
58011035	Violence	妇女死去的家人复活；但也有些人忍受了酷刑，不肯接受释放，为的是要得到更美的复活。
44016037	Violence	但保罗对他们说：“我们是罗马人，但他们在没有审判的情况下就公开殴打我们，将我们投入监牢，现在又想让我们悄悄地走？不行！他们应当亲自来释放我们！”
45013009	Recommendation	“不可奸淫、不可杀人、不可偷盗、不可贪婪”——这些诫命的核心都在“爱人如己”这句话之中。
62003003	Faith	凡对他们心存希望的人，务必要让自己纯粹，就像他一样纯粹。
45007022	Faith	我内心尊崇上帝的律法，
50004004	Recommendation	永远因与主同在而感到快乐——再说一遍，要感到快乐！
66001012	Description	我转过身，想去看看是谁；转过身，看见七个金灯台。
58003018	Sin	当上帝发誓他们不可进入他的安息，这又是向谁说的？难道不是向那些不遵从的人吗？
43010008	Sin	在我之前进入的人非贼即盗，羊也不听从他们的。
60002018	Recommendation	如果你是仆人，就要听从你的主人——不仅听从那良善的好主人，也要听从那些严厉的主人。
44006013	Description	然后提供假证供说：“这人总是在抨击圣殿和律法。
47005018	Faith	上帝通过基督改变了我们，让我们不再与他为敌，而是成为朋友。上帝给了我们同样的使命，将他的敌人转变成他的朋友。
59005010	Recommendation	朋友们，可以将先知作为一个例子，看看他们在苦难时如何以主之名发言，如何耐心等待。
44002021	Faith	但只要呼唤主的名字，必会得救。’
66007012	Faith	他们说：“阿门！愿祝福、荣耀、智慧、感谢、荣誉、权能和力量，都归给我们的上帝，直到永远。阿门！”阿门。
60003003	Recommendation	不要专注于外在的吸引力，比如发型、黄金首饰或时髦的衣服。
55001008	Faith	所以，不要因向其他人讲述我们的主而感到羞愧，也不要因为我而感到羞愧。你要准备好为福音而受磨难，因为上帝给了你力量。
43017019	Description	我为他们奉献自己，让他们能够真正成为神圣之人。
66003002	Recommendation	快醒醒，让那些剩下来的、将要死的恢复活力；因为我发现，从我上帝的角度来看，你所做的事情并不完全。
66016004	Description	第三位天使把碗倒在江河和众水的泉源里，水就变成了血。
45005002	Faith	通过耶稣、通过对他的信任，我们才能在所站之处获得恩典，期盼分享上帝荣耀所带来的福报和信心。
49005005	Sin	你们知道，不道德、下流、贪婪或拜偶像的人，绝不可能会在基督和上帝的国度中获得任何继承。
58011008	Faith	通过信靠上帝，当上帝呼唤亚伯拉罕去上帝将赐给他的土地时，亚伯拉罕听从了。他离开的时候，并不知道要去哪里。
49005018	Recommendation	不要酗酒，酒会毁了你的生活，要让灵充满你们的身体。
61002002	Sin	许多人会追随他们不道德的错误行为；因为他们，人们会谴责真理之路。
49002018	Faith	因为通过他，我们都可以借由同一个圣灵接近天父。
44021025	Recommendation	至于信主的异教徒，我们已经写信吩咐他们，不要吃献祭神像的食物，要避开血和勒死的牲畜，不要淫乱。”
44005003	Sin	彼得说：“亚拿尼亚，为什么你让撒旦充满你的心，说服你欺骗圣灵，私底下把卖地的钱留了一部分？
49004014	Recommendation	我们不应该再是小孩子，因教义吹来的每一道微风而摇摆，被人的诡计所迷惑，被狡猾之人引入歧途；
46006009	Sin	你们难道不知道吗？不义之人将无法继承上帝之国，不要被蒙骗！那些淫乱、膜拜神像、奸淫、性变态、同性恋、
58010025	Recommendation	我们不可放弃聚会，好像有些人的习惯一样；要互相劝勉。你们既然知道那日子临近，就更应该这样。
51003005	Sin	所以要清除你们在这世间的天性，比如性罪恶、不道德、淫念、恶欲和贪欲。这些都是在拜神像。
52005008	Faith	但我们属于白昼，所以应该保持头脑清醒。我们要披上信与爱的胸甲，戴上救赎希望的头盔。
55001007	Grace	因为上帝赐给我们的不是让我们胆怯的灵，而是有能力、爱心和理智的灵。
62002004	Sin	凡是说“我认识他”的人，如果不遵守他命令，就是在说谎。就不是遵循真理。
50002002	Faith	那么就可以用同样的方式思考，以同样的方式相爱，精神上达成团结，追求一个共同的目标，让我的快乐变得完整。
43007030	Description	于是犹太长官想要逮捕他，但没有人下手，因为他的时刻尚未到来。
54006018	Recommendation	嘱咐他们要行善，在善事上做到富有，准备好分享自己所拥有的，要慷慨好施。
43018030	Description	他们回答：“如果这个人没有作恶，我们就不会把他交给你。”
45014006	Faith	有些人因主更注重特殊的日子； 有些人从不因主而忧虑吃什么，因为他们感谢上帝； 而那些不吃某些东西的人是为主而吃的，他们也感谢上帝。
45012012	Recommendation	因你的希望而保持欢乐，接受那即将到来的困难，继续祈祷。
44024023	Description	他吩咐百夫长看守保罗，但要给他一些自由，不要阻止保罗的亲友前来照料。
46013007	Description	爱是不放弃，是坚守信念，是保持信心，是时刻保持耐心。
47004013	Faith	我们拥有相同的信仰之灵，正如经文中所记：“我相信上帝，所以我说出来。”我们也信仰上帝，所以为他说出来。
52005014	Recommendation	兄弟姐妹们，奉劝你们要警戒懒惰之人，要去勉励焦虑之人，帮助软弱之人，耐心对待每个人。
66016010	Description	第五位天使把碗倒在野兽的王座上，野兽的王国就黑暗，人因为痛苦就咬自己的舌头。
48006016	Grace	愿所有遵守此原则之人以及上帝的以色列人，获得平安和怜悯！
44018025	Faith	他曾接受主之道的教诲，内心充满热情，无论讲话还是授道，都能准确讲述耶稣，但他只知晓约翰施洗之事。
46010031	Recommendation	所以，无论你吃喝什么，无论你做什么，一切都要以上帝的荣耀而行。
62002027	Recommendation	你们从他那里得到膏抹，就意味着圣灵住在你们之中，你们不需要被任何人教导。圣灵的恩膏教导你们一切。这是事实，不是谎言。所以活在基督之中，就像你已受到教导一样。
59002026	Faith	身体没有灵即死；同样，信心没有行为也为死。
44027035	Description	保罗说完就拿起饼，在众人面前感谢上帝，然后把饼掰开吃。
44015020	Sin	我们应该给他们写信，告诉他们不吃祭祀偶像的食物、不要淫乱、要避开勒死的牲畜和血。
44023003	Sin	保罗对他说：“你们这粉饰的墙啊，上帝会惩罚你们！你坐在那里按律法审判我，现在竟然违背律法命人打我吗？”
45008001	Description	现在那些与基督耶稣一体之人不会被定罪。
52005009	Grace	因为上帝并未决定要惩罚我们，而是通过我们的主耶稣基督，通过救赎拯救我们。
66020008	Violence	迷惑地上四方的列国，以歌革和玛名为代表，将他们从世界的四面八方聚集在一起作战。他们的人数好像海边的沙那么多。
46006011	Grace	你们有些人曾经如此，但借由主耶稣基督之名，凭着上帝之灵，你们变得洁净、圣洁和正义。
55001012	Faith	我也因此而受到这些苦，但我不以为耻，因为我知道所信是谁，也深信他能呵护我对他的托付，直到他再来的那一天。
49006018	Faith	当你这样做的时候，始终要以灵之名祷告。保持清醒，继续为所有上帝的子民祈祷。
52001001	Grace	这封信来自保罗、西拉和提摩太，写给帖撒罗尼迦属于父上帝和主耶稣基督里的教会。愿恩典平安与你们同在。
50004005	Faith	每个人都应该知道你们的好意。主很快就会降临。
46011026	Faith	每当你们吃这饼，喝这杯中酒，就是在讲述主的死，直到他回归。”
59005015	Faith	这种信上帝的祈祷，可以让病人康复，主必叫他们好起来；如果他们犯了罪，也必蒙赦免。
55001003	Faith	我如此感谢上帝，就像我的祖先一样，以干净的良心事奉他。我始终都在想着你，在祈祷中提到你。
66006016	Description	他们呼唤山岭和岩石，对它们说：“倒在我们身上吧！把我们藏起来，不要让坐在宝座上的那位看到，躲开羊羔的审判！
66002017	Description	如果你有耳朵，就要去听灵向众教会所说的话。对于得胜之人，我会向其赐予那隐藏的吗哪，赐他一块白石，上面写着新的名字，除了获得这石头的人，别人都不知道这个名字是什么。
61002003	Sin	他们会贪婪地用虚假故事剥削你。但他们已被谴责：他们的审判已悬在其头上良久，他们的毁灭不会推迟。
53002011	Sin	因此，上帝就送给他们一个令人相信的错觉，让他们相信谎言。
45002024	Sin	正如经文所说：“上帝的形象因你们而被外族人所诬蔑。”
55003008	Sin	就像阎儡和阎悖如何反对摩西，这些人就是那样反对真理。他们的思想已经腐朽，认为对上帝的信是一个谎言。
66003019	Recommendation	我会纠正和管教我所爱的；所以你们要诚心，要悔改。
45005001	Faith	我们既然信任上帝而成为良善正直之人，就通过我们的主耶稣基督与上帝和平相处。
54004016	Recommendation	你的行为和你的讲授要谨慎。在这些事上要有恒心，因为你这样作不但能救自己，也能救那些听你的人。
44026011	Violence	我让他们在所有的犹太教堂受到惩罚，试图让他们放弃。 我非常反对他们，我到国外的城市去迫害他们。
48005019	Sin	罪人的本性很明显：淫乱、下流、放荡、
46003007	Grace	所以，栽种和浇灌之人没什么了不起，真正了不起的，是让你成长的上帝。
46001007	Faith	当你等待主耶稣基督到来之时，才不会错过任何圣灵的恩赐。
66014002	Description	我听见天上传来一个声音，听起来就像流淌的水和响雷，又像很多竖琴弹奏的琴声。
44010043	Faith	他就是所有先知所言之人：信他之人的罪就会以他之名得到赦免。”
45002007	Faith	始终努力追求行善正义之人，将获得荣耀和尊贵，永生和不朽。
66001004	Grace	这封信来自约翰，写给亚西亚的七个教会。愿那位过去、现在和未来都会到来的那一位，还有他宝座前的七灵，
44019004	Faith	保罗说：“约翰提供的是悔改施洗，他告诉众人应该相信在他之后到来的那个人，也就是他们应该相信耶稣。”
61002009	Violence	正如你看到的，对于尊重主的人，主能拯救他们于苦难；对于恶人，主会留着他们，直到他们的惩罚完毕时的审判日。
58011016	Grace	但是现在他们所向往的，是一个更美、在天上的国家。所以上帝没有对他们失望，并且很高兴被称为他们的上帝，因为他为他们建造了一座城市。
54004007	Recommendation	拒绝不虔诚的事情，不要相信老妇的无稽之谈；要在精神上训练自己，
66020009	Violence	他们在地球上行进，围住了信徒的营地还有那被热爱的城市。但有火从天而降，毁灭了他们。
44010048	Description	然后，他就吩咐以耶稣基督之名为他们施洗。随后，众人请彼得在此再多住几天。
45002019	Grace	你们如此确信可以成为盲人的向导，成为黑暗中的光。
62002025	Grace	他已承诺给我们——永恒的生命。
59003017	Description	但来自天上的智慧，首先是纯洁的，可带来和平。它善良，接受合理的想法，里面满是恩慈和善果，真实而没有虚伪。
43003035	Faith	天父爱这人子，已经把一切都交在他的手中。
61003009	Grace	主并没有像某些人以为的那样，将其承诺拖后，而是对你们非常耐心。他不希望任何人迷失，而是希望每个人都过来，都悔改。
46007007	Grace	我希望人人都像我一样。但各人都有自己从上帝那里获得的恩赐，这恩赐也各有不同。
46014001	Recommendation	把爱作为你最重要的目标！ 但也要尽力获得属灵的恩赐，特别是说出神的信息的能力。
47004006	Grace	因为上帝说“要有光从黑暗里照出来”，这光已经照在我们的心里，点亮耶稣基督脸庞的荣光，那是上帝知识的荣光。
44018024	Description	与此同时，一位名叫亚波罗的犹太人来到以弗所。他老家在亚历山太，颇有口才，非常了解圣经。
58013012	Grace	耶稣同样也死在城门外，用自己的血让上帝的子民成变得圣洁。
56002015	Recommendation	这就是你要宣讲的事情，你有权力去鼓励其他人，在需要的时候纠正其他人。不要让任何人低看你。
62004009	Grace	上帝如何向我们显明爱？上帝派他唯一的独子来到这个世界，要让我们可以借着他而活；
43017024	Grace	父啊，我在哪里，希望你赐给我的那些人，也能到我所在的地方，让他们看见你赐给我的荣耀，因为在创立世界以前，你就已经爱我了。
45003016	Sin	他们的路通往灾难和不幸。
58004014	Faith	我们既然有一位升入天堂的伟大祭司，也就是就是上帝之子耶稣，就应该确定和坚持我们的信仰。
61001017	Grace	如果听到那庄严荣耀的声音说：“这是我的爱子，是真正令我喜悦的”，就代表从天父上帝那里获得威严荣耀。
46012011	Description	这一切都源自同一位圣灵，他按照自己的意思向每个人进行馈赠。
66008012	Description	第四位天使吹响号角，三分之一太阳、三分之一月亮、三分之一星辰都遭受到打击，于是三分之一的日月星都变黑，三分之一的白昼没有了光，夜晚也是如此。
44018017	Violence	随后众人转向攻击会堂主管苏提尼，在法院门外殴打他，但迦流对此完全不予理会。
43010039	Violence	他们又想要逮捕耶稣，但他却逃脱了。
47004016	Faith	所以，我们不会放弃。尽管我们的肉体身躯逐渐朽坏，内在的自我却每日展露新颜。
43012003	Description	玛利亚拿了一品脱纯正的哪哒香膏，抹在耶稣的脚上，然后用自己的头发擦拭，房间里散发出香膏的气息。
58011009	Faith	他信上帝，住在上帝承诺之地。作为一个外族人住在帐篷里，与他分享相同承诺的以撒和雅各一起生活。
50003017	Recommendation	我的朋友们，像其他人一样，按照我的榜样行事，注意我们的行为方式，因为你们需要以我们为榜样。
48006002	Recommendation	承担彼此的重负，这样你们就完成了基督的律法。
59002024	Faith	因此一个人被称为正直良善，是因其行为，而非单纯因为对上帝的信。
45009014	Faith	那么我们应该得出怎样的结论？上帝不公？当然不是！
45014001	Recommendation	如果一个人还在犹豫是否应该相信上帝，接受他们，不要为个人观点争论不休。
66012007	Violence	天上发生了战争：麦克和他的天使们与龙作战。龙和它的天使也前来应战，
49004026	Recommendation	不要因生气而犯罪；不要在黑夜来临时仍然感到愤怒——
60003009	Recommendation	不要以恶报恶，也不要在被虐待时反击，而是应该祝福——因为这就是你蒙受召唤要做的，所以你可以自己得到祝福。
43008029	Grace	那派我来此之人与我同在，他未弃我，因为我的所行皆令其喜悦。”
49006014	Recommendation	请站起来，把真理的腰带系在腰间，披上公正和正义的胸甲，
66001020	Description	你看我右手的七星和七个金灯台, 它的含义就是：七星是四个教会的七位天使，七个灯台就是七个教会。”
58002009	Grace	但我们看到耶稣的地位要比天使略低，通过遭受死亡的痛苦，获得荣耀尊贵的冠冕。通过上帝的恩典，耶稣为众人体验死亡。
50002013	Grace	因为在你们心中是上帝在起作用，他带来意志和能力，让你们去做他想让你们做的事。
43015011	Grace	我把这事解释给你们听，是为了将欢喜留在你们心中，让你们的欢喜变得圆满。
54001001	Description	这封信来自保罗，我是耶稣基督以救世主上帝和我们的希望耶稣基督之权威，指定的使徒。
54002009	Recommendation	照样，女人应该端庄、适度、恰如其分地装扮，她们的美不应来自其发型、佩戴的黄金和珍珠珠宝或昂贵的服装，
43002015	Violence	于是他用绳索做了一条鞭子，将众人连羊带牛都赶出了殿外，倒掉兑换银钱之人的硬币，推翻他们的桌子。
49002010	Grace	我们是上帝所为的造物，以基督耶稣为名创造我们是为了行善，上帝已经计划好我们应该这样做。
60004012	Recommendation	我的朋友们，不要对你正经历的“火的考验”感到惊慌，好像这考验乃意料之外。
66019007	Recommendation	让我们欢喜庆祝，把荣耀归给他！因为羊羔的婚期到了；他的新娘也自己预备好了。”
49006017	Recommendation	戴上救赎的头盔，拿着圣灵的宝剑——灵就是上帝之道。
44007024	Violence	他看到一位同胞受到虐待，就跑过去为同胞伸张正义，打死了那个欺负人的埃及人。
53003013	Recommendation	兄弟姐妹们，不要放弃行善。
46016013	Faith	请保持警惕，要立场坚定地相信上帝。要勇敢，要坚强。
44007043	Sin	没有，你们抬着摩洛的帐篷，还有理番之神的星星图像，你们把它们做出来然后膜拜它们。所以我要把你们放逐到巴比伦的另一边。’
53002015	Recommendation	所以兄弟姐妹们，要站稳。关于你们学到的，无论是我们口传或写于我们的信函，都要持守。
47005005	Grace	上帝为我们准备了这一切，带来灵保证我们达成这目标。
54002011	Recommendation	女人应该学会保持安静，尊重她们所在的地位。
54005019	Recommendation	如果有人控诉长老，除非有两三个证人，否则不要相信。
45016016	Recommendation	热切地问候彼此，基督的众教会向你们致以问候。
66018019	Description	他们把尘土撒在自己头上，痛哭悲哀，喊着说：‘灾难！因为她的奢侈，灾难打击了这让船主富有的伟大城市！只一小时，她就被摧毁了！’
62003001	Grace	你们看，父赐给我们的爱是多么惊人！这就是为什么我们可以被称为上帝的孩子——因为我们的确如此！所以这个世界的人没有把我们看作上帝的孩子，是因为他们不认识父。
60005005	Recommendation	年轻人，按照长老的吩咐去做。事实上，你们所有人都应该谦卑地为彼此服务，因为“上帝反对骄傲之人，偏爱谦卑之人。”
45003004	Faith	当然不是！即使所有人都被证明是在说谎，上帝始终在讲述真相，正如经文所记：“你所说的将被证明为公义，在你接受审判时将会获胜。”
44009014	Violence	祭司长还给了他权力，逮捕所有膜拜和追随你的人。”
61002001	Sin	但正如那时在民众中会有假先知，你们中间也会有假教师。他们巧妙地讲述具有破坏性的虚假教义，甚至否认救赎他们的主，这会让他们自己迅速毁灭。
43005018	Violence	这话让犹太人更想杀了耶稣，因为他不但破坏安息日，还称上帝为自己的父亲，与上帝平起平坐。
46011002	Faith	我感谢你们时刻记得我，感谢你们始终遵循我向你们宣讲的教义。
44002025	Faith	大卫这样说耶稣：‘我总是会看见主在我面前。因为他就在我身边，我必不会动摇。
60001023	Grace	你已经重生了，不是必死的 “种子” 的产物，而是不死的种子，通过神的活的、永恒的话语
59005016	Recommendation	所以你们应当向彼此坦诚做过的错事，为彼此起到，这样你们就可以痊愈。过着正直良善生活的诚心之人，他的祈祷非常有效。
43006047	Faith	告诉你们实话，信上帝，得永生。
43014018	Grace	我不会丢下你们，让你们变成孤儿，我要再次回到你们身边。
45003002	Grace	是的，有很多益处！首先，这代表他们已接受了上帝之道的委托。
49006005	Recommendation	仆人，你们应该服从你们的人类主人，要表现处恰当的尊重和敬畏，做事要奔着真诚的动机，就像在侍奉基督一样。
45002004	Grace	还是说，你们藐视上帝伟大的仁慈、宽容和忍耐，不知道上帝的仁慈是为了带领你悔改？
62005014	Faith	我们可以相信的是：只要我们根据他的意愿提出要求，他会听我们所说的一切。
45015013	Faith	愿希望之神因你对他的信，将所有喜悦与平安充满你的心，让你因圣灵的力量而充满希望！
43019041	Description	园里有一个从未葬过人的新墓穴。
66019020	Violence	那野兽被捉住了；连同在兽面前做出奇事的假先知（通过这种方式，他欺骗那些接受了野兽记号、膜拜野兽像的人）。他们都被活活拋在烧着硫磺的火湖里去。
45012020	Recommendation	如果你的仇敌饿了，给他们食物，如果他们渴了，给他们水，这样做就如同把火炭堆在他们头顶。
51003016	Recommendation	让基督之道充分住在你们心里，遵循所有智慧之道，用诗章、圣诗、灵歌彼此教导，互相劝戒，怀着感恩和虔诚歌颂上帝。
51003019	Recommendation	你们作丈夫的要爱妻子，不可错误地对待她们。
54005016	Recommendation	任何女基督徒的家中如果有寡妇，就应该救济她们，不要让教会因这责任而受累。这样，教会就可以救济那些真正有需要的寡妇了。
62005011	Grace	这证据就是：上帝已将永恒生命赐给我们，我们则借由他的儿子拥有这生命。
62005012	Faith	有上帝之子便有生命；没有上帝之儿子就没有生命。
43008036	Grace	当上帝之子让你自由，你就真正获得自由。
49003013	Faith	所以我希望你们不要因为我的痛苦而沮丧——这是为了你们，你们应该珍惜它！
45016018	Sin	这种人并不服侍我们的主基督，只服侍自己的欲望，只会用花言巧语欺蒙骗毫无戒心的人。
45001029	Sin	他们的内心已经彻底走入歧途，满是邪恶、贪婪、仇恨、嫉妒、谋杀、争吵、欺诈、怨恨和谗言。
55001014	Recommendation	你应通过住在我们心中的圣灵，保护托付给你的真理。
48006008	Faith	如果你通过有罪的人性播种，就会那种人性中收获自我毁灭。但如果你根据灵撒种，就会从灵获得永生。
46010009	Recommendation	我们不要像他们中的某些人那样试探主，结果亡命于蛇口。
46013005	Recommendation	爱是不做错误之举，不会固守自己的方式。爱是不会轻易动怒，对他人的过错不记仇。
66009009	Description	它们的胸甲如铁甲，翅膀的声音好像许多车马飞驰上战场的声音。
43015022	Sin	如果我没有来，没有对他们说过什么，他们就意识不到自己的罪。但现在他们无法找到开罪的借口了。
51004005	Recommendation	你们要把握时机，聪明地与外人来往。
45006006	Faith	我们知道，死亡之前的“旧我”已经与耶稣一起钉上十字架，通过抛弃罪恶的死亡之躯，我们便不再被罪所奴役。
62003010	Sin	所以通过这种方式，就可以分辨谁是上帝的孩子，谁是魔鬼的孩子。那些从不做正义良善之事的人，就不属于上帝；不爱其他基督徒的人也是如此。
45008007	Sin	罪恶人心与上帝为敌，因为它拒绝遵守上帝的律法。事实上，它永远无法遵守。
44002026	Faith	所以我才会如此快乐，所以我的言语中充满喜悦，所以我的身体充满希望。
46010020	Sin	异教徒向魔鬼献祭，而非上帝，但我不想与魔鬼有任何关系。
44013001	Description	在安提阿教会中有几名先知和教师：巴拿巴、西门（尼结）、古利奈人路求、马念（君王希律儿时的伙伴）和扫罗。
49005006	Recommendation	不要让任何人用谎言来愚弄你们，因为正是因为这样的事情，上帝才会对悖逆的孩子进行审判。
56001011	Sin	他们的言论必须停止。这些人让整个家庭陷入混乱，为了赚钱而进行错误的传授。
43013011	Sin	因为耶稣知道谁出卖了他，所以他说“但并非人人如此。”
43010001	Sin	“告诉你们实话，如果一个人进羊圈没走门，而是用其他方式爬进去，那此人非贼即盗。
61002015	Sin	他们偏离正道而误入歧途，追随比珥的儿子巴兰的道路。这个巴兰喜欢做恶事并获得酬劳。
44014005	Violence	但随后异教徒、犹太人以及他们的首领，决定攻击保罗和巴拿巴，用石头打他们。
43021017	Description	耶稣说：“照顾好我的绵羊。”耶稣第三次问他：“约翰的儿子西门，你爱我吗？”彼得因为耶稣第三次问他“你爱我吗？”就有些难过。于是对耶稣说：“主啊，你是无所不知的，你知道我爱你。”耶稣说：“照顾好我的绵羊。
66021027	Sin	不洁净的、拜神像的、说谎的，都不能进入——只有那些写在羔羊生命册上的才可以。
66017004	Sin	那妇人身穿紫色和朱红色衣服，佩戴金子、宝石和珍珠的珠宝，手里拿着金杯，盛满可憎的物品和她淫乱的污秽。
51003014	Recommendation	最重要的是，要爱彼此，这是将你们团结在一起的最佳纽带。
43012023	Description	耶稣对他们说：“人子获得荣耀的时刻已经来到。
45002022	Sin	你们告诉人们不可奸淫，为什么自己却奸淫？你们告诉人们不要膜拜神像，为什么自己却亵渎圣殿？
45007008	Sin	但是通过这条诫命，罪恶设法挑起我心中各种自私欲——没有律法，罪也死亡。
44026017	Grace	我要把你从同胞和异教徒那里拯救出来，现在我就派你到他们那里去，
56003003	Sin	曾几何时，我们也很无知、不顺服。我们受到蛊惑，成为各种私欲和享乐的奴隶，我们过着邪恶的生活，到处都是嫉妒和愤愤、彼此憎恨的人，
54005021	Recommendation	在上帝和基督耶稣以及圣天使的面前，我指引你们要没有偏心地遵循这些指引，做任何事都不要采取偏袒的态度。
58010035	Recommendation	所以，你们不可丢弃坦然无惧的心，这样的心必有丰厚赏赐。
46004002	Faith	不仅如此，承担这一职责之人，还必须值得信赖。
44009043	Description	彼得在约帕的制皮匠西门家里住了很久。
46003016	Grace	难道你不知道吗？你就是上帝的圣殿，上帝之灵就在你们心中。
58010019	Faith	所以，兄弟姐妹们，凭着耶稣的血，我们可以自信地进入至圣所。
43008021	Sin	耶稣又对他们说：“我要走了，你们将会寻找我，但你们会因自己的罪而死去，我要去的地方，你们无法抵达。”
51003012	Recommendation	因为你们是上帝的特殊子民，是圣洁、蒙爱之人，就要拥有怜悯的性情，恩慈、谦卑、温柔和忍耐。
43012026	Faith	如果你们愿意服侍我，就要跟从我，我在哪里，服务我的人也会在哪里，我父必会让服侍我的人获得荣耀。
54003004	Description	他必须能管好自己的家，他让儿女做的事情，儿女必须敬重顺服。
52005011	Recommendation	所以要彼此鼓励，赋予力量，正如你们一直在做的。
62003011	Recommendation	你们从最初听见的讯息非常简单：我们应当彼此相爱，
46007026	Recommendation	鉴于目前的困难情况，我认为人最好就是保持现状。
43003001	Description	有一位名叫尼哥德慕的法利赛人，是犹太统治委员会中的一名成员。
59002025	Description	同样，妓女喇合照顾信使，从另一条路把他们送走，她难道不会因这一行为而被称为正义良善吗？
54002015	Faith	但女人仍然可以通过做母亲而获得救赎，只要他们始终保持信心、爱心、遵循圣洁而庄重的生活。。
44013017	Grace	我们的祖先寄居在埃及的土地时，以色列人民的上帝选中了他们，凭其伟大力量带领他们走出埃及，
44015008	Grace	那洞察我们思想的上帝也表明接受他们，就像对待我们一样向他们赐以圣灵。
59002011	Sin	上帝告诉你们不可奸淫，也告诉你们不可杀人；如果你不奸淫但却杀人，那就还是犯法。
43010028	Grace	我赐给他们永生，他们永不灭亡，没有人能把他们从我手里夺去。
45016020	Grace	和平的上帝很快就会战胜撒旦，让他臣服于你们。愿主耶稣的恩典与你们同在。
55003005	Sin	他们外在表现得可能很虔诚，却其实并不相信虔诚的力量；要避开这样的人！
45012005	Description	尽管我们人数众多，但我们的身体与基督相同，我们属于彼此。
56003008	Faith	你应该相信我说的这番话，希望你能强调这些指导，让那些相信上帝的人可以认真思考自己，认真做善事；这些都很重要，对所有人都有益。
59002023	Faith	正如经文所说：“亚伯拉罕相信上帝，这被视为他做出正义良善之事。”他也被称为上帝的朋友。
59002001	Faith	我的朋友们，作为一名信徒，相信我们荣耀的主耶稣基督，就不应该以貌取人。
45003013	Sin	他们的喉咙如敞开的坟墓，他们的口中满是诡诈，他们嘴唇流出的都是蛇的毒液，
49005028	Recommendation	丈夫应该这样爱妻子，就像爱自己的身体一样。一个爱妻子的男人也是在爱自己——
45009030	Faith	那么我们应该得出怎样的结论？外族人可能从未想过要正义行事，但却深知何为正义，然后通过他们对上帝的信任，做出道德正确之事。
54003009	Faith	他们必须用纯粹的良心信上帝，坚持显示关于上帝真想。
54006002	Recommendation	如果奴仆的主人是基督徒，不可因为他们是兄弟而不尊重主人；相反，要更加倍用心地服侍主人，因为被他们服侍而受益之人，是他们应该爱的信徒。传授这些教导，鼓励人们追随他们。
45003003	Faith	即使有人不信上帝，又会怎样？难道他们不信，就可以证明上帝不可信吗？
43019034	Violence	但是有一个士兵用枪刺入他的肋侧，立刻有血和水流出来。
43015012	Recommendation	我命令你们：要彼此相爱，像我爱你们一样。
45006013	Recommendation	不要将身体的某一部分成为罪的邪恶工具。而是要像那些因死而复生回归的一样，将自己奉献给上帝，将身体的全部作为工具，为上帝行善。
58010039	Faith	但我们不是那种退缩并最终迷失的人， 而是那些相信上帝会拯救我们的人。
45011026	Grace	所有以色列人必须通过这种方式获得拯救。正如经文所说：“救世主将来自锡安，他会改变雅各，让他不再与上帝对立。
52002015	Violence	那些领袖杀了耶稣和众先知，又把我们赶出来。他们得不到上帝的喜悦，与所有的人作对，
58010026	Sin	如果我们领受了真理的知识，还是故意犯罪，就再没有留下赎罪的祭品了；
49002006	Grace	他与基督一起让我们复活，因为基督耶稣而让我们与他一同坐于天堂。
49004025	Recommendation	所以要拒绝谎言，彼此说真话——因为我们属于彼此。
48002005	Faith	我们绝不屈服于他们，哪怕只是片刻。我们想确保为你们守住这福音的真相。）
46014013	Recommendation	说方言之人应当祈求，让他的方言能够翻译出来。
44009001	Violence	与此同时，扫罗仍在暴力威胁着主的使徒，想要杀死他们。他到大祭司那里，
43017013	Description	现在我到你那里去，我在世上说这些话，就是要他们充分分享我的欢喜。
60004013	Recommendation	要快乐地分担基督的苦难，因为当他出现在其荣耀之中，你就会极其幸福！
44011006	Description	我看到布里面有动物、野兽、昆虫和飞鸟。
51003008	Recommendation	但现在，你们应该摆脱忿怒、恼怒、恶毒、毁谤以及粗言秽语这样的事。
44018003	Description	由于他们和保罗一样都是以做帐棚为生，于是保罗在他们家住了下来。
45006012	Sin	不要让罪掌控你凡人之躯，不要屈服于它的诱惑，
53003012	Recommendation	通过主耶稣基督，我们劝告这样的人要安静工作，自食其力。
44007009	Sin	先人们因为妒忌约瑟，就把他卖到埃及为奴，但上帝与他同在，
44011028	Description	其中一位叫做亚迦布的先知站起来，借助圣灵给出警示预言：整个世界将出现一次严重的大饥荒，（这个预言在革老丢时期果然成真了。）
44020036	Description	说罢这番话，他跪下来同大家一起祷告。
48005024	Faith	那些属于基督耶稣的人，已经将他们有罪的人性以及全部有罪的激情和欲望钉在了十字架上。
59001002	Recommendation	我的朋友们，当你们遭遇各种困难时，请选择保持欢喜；
62001006	Sin	如果我们说自己与他享有友谊，但却生活在黑暗里，那就是我们在说谎，并非在实行真理。
44010011	Description	然后便看见天空开启，有什么东西降落在下面，仿佛是一大块四角绑住的布，
44002009	Description	我们来自帕提亚、玛代人、以拦、美索不达米亚、犹太、加帕多家、本都、亚西亚、
51001010	Faith	通过这种方式，你们可以正直良善的方式代表主，让主喜悦；结下所有善果，更深刻地了解上帝；
54001018	Recommendation	提摩太，我的儿子，这些是我想给你的指示，遵循那些让你走到现在的预言，这样你就能为良善而战斗。
66019001	Faith	这之后，我听见天上好像有一大群人的喧闹声：“哈利路亚！救恩、荣耀、权能都属于我们的上帝，
49002001	Grace	你们因自己的罪和邪恶行为而死，
46010021	Sin	你们不能喝主的酒杯，又喝魔鬼的酒杯。你们不能参加主的宴席，又参加魔鬼的宴席。
49005003	Recommendation	你们应该远离任何不道德的性、下流或贪婪行径，因为上帝的子民不应该做这样的事情。
56001015	Sin	对于心灵洁净之人，一切都是洁净；但对于污秽和不信上帝的人，一切都不洁净，连他们的思想和良心都是污秽的。
44009021	Description	众人听此都感到很惊讶，说：“他不是在耶路撒冷迫害那些相信耶稣的人吗？他来这里，不是为了捉拿信徒，然后交给祭司长吗？”
58008006	Description	但是，耶稣被赋予了一个好得多的事奉，既然他是我们与上帝之间更美约定关系的中间人，这约定凭着更美的承诺而立。
50001021	Faith	对我而言，活着是为基督而死，死了才会有收获。
50001006	Faith	我非常相信，你们会继续努力工作，实现成功的结果，直到耶稣基督再次到来。
62005020	Faith	我们也知道上帝的儿子已经到来，帮助我们理解，让我们意识到哪一位才是正确的。我们就活在真实的他中，在他儿子耶稣基督之中。他就是真正的上帝，是永恒的生命
45012018	Recommendation	在你力所能及的范围内，与所有人和平相处。
58010023	Faith	因此，让我们紧紧抓住对别人讲述的希望，不要犹豫，因为上帝的承诺值得信赖。
43014027	Grace	我为你们留下平安，我把自己的平安赐给你们。我给你们的平安与这世界给你的不同。不要紧张，也不要恐惧。
47005006	Faith	我们始终保持信心，但知晓一点：当我们安然生活在这肉体之躯中，就远离了主。
43012047	Grace	即使你听到我的言语但不遵守，我也不会评判你，因为我来此并非评判世人，而是要拯救世人。
62003012	Sin	我们不能像该隐那样，他属于邪恶之人，又杀了自己的弟弟。他为什么杀自己的弟弟？因为他做的是罪恶行为，他弟弟做出的是正义良善的行为。
66016020	Description	各海岛都消失了，众山不见。
58011012	Description	这就是为什么一个几乎快死之人，竟然生出许多子孙来，仿佛天上的星那么众多，海边的沙那么无数。
54001017	Faith	愿万世君王、不朽无形的唯一上帝，永远拥有尊贵荣耀。阿门。
66014007	Faith	他大声说：“应当敬畏上帝，把荣耀归给他！因为他审判的时候到了。应当敬拜创造天、地、海和水泉源的那一位！”
44006001	Description	随着信徒的数量快速增加，说希腊语的信徒开始与说阿拉姆语的信徒争论起来，抱怨在日常食物分配的过程中歧视他们的寡妇。
60002021	Grace	事实上，这是你被召唤要做的，因为基督为你们受苦，给你们竖立榜样，所以你们应该追随他的脚步。
53003010	Recommendation	我们与你们在一起的时候，曾经给出严格的指示，如果有人不肯工作，就不可吃饭。
43003016	Grace	这就是上帝爱这世界的方式，上帝他把自己的独子赐给他们，让信他的人不会死去，而是获得永生。
44019015	Description	但有一天当他们驱魔时，邪灵却回答到：“我认识耶稣，也认识保罗，但你们是谁？”
66019019	Violence	我看见那野兽和地上的国王，还有他们的众军，都集合起来，要跟那马背骑士和他的军队作战。
44027002	Description	我们坐上一艘来自亚大米田的船，它将要开往亚西亚沿岸的海港。我们上船后就出发了，还有一人与我们同行：马其顿的帖撒罗尼迦人亚里达古。
58013003	Recommendation	记住那些被关在监狱里的人，就像你和他们一起关在里面一样。记住那些被虐待的人，就像你和他们一起遭受肉体的痛苦。
51003017	Recommendation	你们所作的一切，无论是言语或行为，都要以主耶稣之名，借着他感谢父上帝。
48006006	Recommendation	受过圣经教导之人应该善待他们的老师，与老师分享一切良善。
44007005	Description	但上帝并没有在这里赐他产业，他甚至没有立足之地。但上帝承诺将赐予他和子孙田产，尽管那时他尚无子嗣。
44007019	Description	他阴谋利用我们的同胞，虐待我们的祖先，逼他们拋弃自己的孩子，任由孩子死去。
43020003	Description	彼得和那门徒就向坟墓跑去。
44024016	Faith	因此，我在上帝和世人面前，努力保持无愧于心。
65001013	Description	它们是汹涌的海浪，溅起耻辱的泡沫。他们是虚假的星辰，注定永远陷入黑暗。
48001012	Description	因为我并非从人那里获得这福音，也并非由人教导，而是通过耶稣基督的启示获取。
45007005	Sin	当我们被过往的旧天性所掌控，我们体内就充满了罪恶的欲望（如律法所揭示），导致死亡。
54002007	Faith	我受到指派分享这个讯息，成为信使，教授异族人，让他们相信上帝和真理。
62003024	Faith	凡是遵从上帝命令的人，就会一直住在上帝里面，上帝也住在他之中。我们知道，上帝凭着赐给我们的灵，生活在我们之中。
46010024	Recommendation	你不应只为自己着想，而是要为邻里着想。
45012016	Recommendation	为彼此着想。不要认为自己比别人更重要，要谦逊，不要自负。
49004031	Recommendation	摆脱各种怨恨、暴躁、愤怒、谩骂、侮辱以及各种邪恶。
51001025	Faith	上帝给了我关于你们的指示，我按照这个指示服务于教会，将上帝之语完整呈现给你们。
66001014	Description	他的头发像白羊毛、双眼好似燃烧的火焰。
47004015	Grace	这一切都是为了你们，让上帝的恩典惠及更多人，让对上帝的感恩更加强大，让荣耀归给上帝。
43006056	Faith	只有食我肉、饮我血之人，我才能与他们彼此同在。
43011027	Faith	她说：“是的，主啊，我相信你就是基督，是上帝之子，是众人期盼降临这世界之人。”
44002042	Faith	他们立下承诺要遵守门徒的教诲，对其他信徒也立下承诺，共同“分享饼”和共同祈祷。
58001009	Grace	你喜爱正义良善，憎恨不法。所以上帝，也就是你的上帝，会为你涂抹欢喜的油膏，以此让你高于其他人。”
44012002	Violence	他用剑处决了约翰的哥哥雅各，
55002016	Recommendation	远离毫无意义的闲聊，因为这样做会让人们远离上帝。
62003015	Sin	那些恨其他基督徒弟兄姐妹的人，就是在杀人。你们知道，杀人之人就不会生活在永恒生命之中。
43021015	Faith	他们吃了早饭，耶稣问西门（彼得）：“约翰的儿子西门，你爱我比这些更深吗？” 他回答说：“是的，主啊，你知道我爱你。”
46012008	Grace	圣灵赐予某些人说出智慧之语的能力。同样还是这圣灵，赐予其他人知识。
44007013	Description	在第二次造访期间，约瑟向兄弟们表明了自己的身世，法老才了解了约瑟的家世。
60003010	Recommendation	记住：“那些希望热爱生命之人，想要看见好日子的人，就必须禁止说出恶语，不能说谎；
44004032	Description	所有信徒同心同思，任何人都不会认为某些财物属于自己，他们彼此分享一切。
46015003	Grace	我将之前所获得的福音传递给你们，这是一条至关重要的讯息：如经文所述，耶稣已死，因我们的罪而死。
66018024	Violence	在这个城市中，能找到先知、信徒和地上一切被杀之人的血。”
44013048	Faith	异教徒听见这个消息分外欢喜，赞美主之道，所有被选为永生之人都相信了上帝。
66022020	Description	确认这些事的那个人说：“是的，我马上到来！”阿门！来吧，主耶稣。
50004009	Recommendation	践行从我这里学到的一切，践行从我这里得到的一切，践行你看到我做的一切，践行听到我说的一切。届时，赐予平安的上帝会与你同在。
53003015	Recommendation	但不要把他看作仇敌，要像劝兄弟姐妹一样劝他。
51002008	Recommendation	要小心，不要哪些不遵循基督、而是按照人的传统和世俗言论，皆有其哲学和骗人的空谈，奴役你们。
50003014	Faith	我奔向终点线，是为了赢得上帝通过基督耶稣邀请我进入天堂的奖品。
56002014	Faith	他舍身为我们，这样就能救赎我们脱离一切邪恶之事，让我们为他而变得洁净，成为属于他的子民，热心行善。
43005024	Faith	告诉你实话，遵循我所言、相信派我来此的上帝，就会获得永生，不会被定罪，而是会死而复生。
66021015	Description	对我说话的天使拿着一根黄金量尺，要丈量那城、城门和城墙。
50003019	Sin	他们最终会完全迷失，这些人的“上帝”只是其肉体欲望，本事应该让他们感到羞耻的事情，他们却引以为豪。他们只考虑今世的事情。
54003006	Sin	他不应该是一个新加入的信徒，否则他可能会骄傲，这就落入与魔鬼相同的惩罚之中。
65001003	Recommendation	我的朋友们，我非常期待在信中讲述我们所分享的救赎。但现在我需要通过信函紧急告诉你们，鼓励你们大力捍卫关于上帝的真理，这些真理已经一次性且永远地全部赐给上帝的圣徒。
44004002	Description	看到使徒教导民众，讲述通过耶稣死而复生之事，他们非常愤怒。
66018005	Sin	因为她罪恶滔天，上帝发现了她的邪恶。
43004046	Description	耶稣又造访了加利利的迦拿，就是他把水变成酒的地方。那附近有一个叫做迦百农的城邦，一名皇家长官的儿子患上重病。
45012011	Recommendation	不要因付出辛劳而不情愿，要以满腔热忱侍奉主。
60001008	Faith	你们虽然没有见过他，却爱他；现在虽然不能看见他，却信他。所以，你们充满了无法形容、美妙的幸福。
62004013	Grace	我们如何知道我们住在他之中，他也住在我们之中？因为他给了我们通过他的灵去爱的能力。
43019029	Description	在那里有一个坛子，盛满了酸酒，他们就拿海绵浸了酸酒，绑在牛膝草的草茎上，送到他的口里。
51001013	Grace	他拯救我们脱离黑暗的统治，让我们迁入其爱子的王国。
45016017	Recommendation	我亲爱的信徒朋友们，对于你们所学的教义，如果有人在你们中间制造纷争和困扰，奉劝你们要小心他们，一定要远离！
45012007	Recommendation	如果应该服侍上帝，就去服侍；如果你应该进行教导，就去教导；
43016023	Faith	到了那天，你们什么也不会问我了。告诉你们实话，以我的名向天父求的任何事，他必定给予你们。
66021019	Description	城墙的根基点缀着各样宝石：第一座根基是碧玉，第二座是蓝宝石，第三座是玛瑙，第四座是绿宝石，
59004017	Sin	因为如果你明知道该行善，却没有这么做，就是你的罪。
66019005	Faith	接宝座传出声音，说：“所有上帝的仆人哪！凡是尊重他的，无论大小，都应当赞美我们的上帝！”
47005002	Faith	我们叹息着、如此迫切地渴望能够拥有那天上的住处，就像换上新衣服。
48006004	Recommendation	仔细检查您的行为。然后你就能对自己感到满意，无需和别人比较。
46007036	Recommendation	如果一个男人认为和订婚的女友做出越轨之事，如果他认为自己会被强烈的性欲望所控制，如果他认为自己应该结婚，这样的结婚并非罪过。
43016002	Violence	人们会把你们赶出会堂，事实上时间已到，所有要杀害你们的人，都以为这样就是侍奉上帝。
66015001	Description	然后我看到天空中另外一个神奇重要的信号。七位天使拿着完成上帝审判的最后七个灾难。
43018023	Description	耶稣对他说：“如果我讲错了，告诉大家我错在哪里。如果我讲对了，你为什么打我呢？”
50004003	Recommendation	事实上，我忠实的同事们，请你们帮助这些妇女，因为她们都在与我一起传播福音——还有克莱门特和我的其他同事，她们的名字就记录在生活之中。
66016006	Sin	这些人曾流过信徒的血，现在你给他们血喝，这是他们该受的。”
45006002	Sin	当然不是！既然我们已经因罪而死，又怎能继续活在罪中？
66017011	Violence	那曾经在、但如今不在的野兽，就是第八位王，是那七位中的一位，也会被彻底摧毁。
48004030	Recommendation	经文怎么说的？“把婢女和她的儿子打发走，因为婢女的儿子不能和自由妇人的儿子一起成为继承人。”
54006009	Sin	但那些渴望发财之人，就会落入试探的陷阱；追随很多无知而有害的冲动。
66017016	Violence	你看见那十角和野兽会恨这淫妇，会对夺走她的一切，让她赤裸，又要吃她的肉，用火把她烧掉。
46008003	Faith	但爱上帝，上帝就会知道你。
45003009	Sin	那么我们犹太人真的比其他人更优秀吗？当然不是！请记住，我们已经讨论过，犹太人或是外族人都在罪恶的控制之下。
44007041	Sin	然后他们制作了一个牛犊样子的神像，向其献祭，还因为自己做出来的东西而大肆庆祝！
66009020	Sin	那些未被瘟疫杀死的人类，仍然不为自己的所作所为而悔改，不肯停止崇拜魔鬼以及用金、银、铜、石头、木头做成的，不能看、不能听、也不能走路的神像。
47005011	Faith	我们知道我们尊重主，以此劝勉众人。上帝非常了解我们是谁，我盼望你们的内心也能清楚地知晓自己。
49002003	Sin	我们所有人都曾经如此，我们的行为被我们罪恶的人性欲望和邪恶思维方式所决定。就像其他人一样，我们的人性就是愤怒的孩子。
44002040	Recommendation	彼得继续讲述，给出更多证明。他警告众人，说：“从这个扭曲的世界拯救自己吧！”
45008013	Faith	如果你的生命被你的罪恶天性所控制，你就会死亡。但如果你追随圣灵之路，将你所做罪行处死，你就会活着。
45010011	Faith	正如经文所说，“信他之人不会失望。”
45001008	Faith	首先要说的是，我要透过耶稣基督为你们所有人感谢上帝，因为全世界都在讲述你们对上帝的信。
52001004	Faith	兄弟姐妹们，我们已经知道上帝爱你们，你们对他而言很特别。
60004008	Recommendation	最重要的是，你们应该深深地爱着彼此，因为爱可以包容人们所做的许多错误之事。
44027001	Description	到了将我们押送到意大利的时候，帝国团中一位名叫犹流的百夫长负责看管保罗和其他囚犯。
66015003	Faith	唱着上帝仆人摩西的歌和羔羊的歌：“你的所作所为伟大而奇妙，主神，全能者。万国之王，你的道路是正确和真实。
60002002	Faith	你们应该变得像那只需要纯净灵奶的新生婴儿，这样才能在救赎中成长，
66014013	Faith	我听见天上有声音说：“你要写下来！从今以后，那些在主里死去的人有福了！”灵说：“是的，他们脱离自己的劳苦，他们所成就的也为他们佐证”
59001027	Faith	在我们的天父上帝眼中，纯洁而真诚的虔诚，就像去造访患难中的孤儿寡妇，要保护自己不被世俗所污染。
51002004	Recommendation	我说这些话，免得有人用花言巧语欺骗你们。
66005013	Description	我又听见在天上、地上、地底和海中的一切造物，以及天地间的万物都说：“愿祝福、尊贵、荣耀和权利，都归于坐在宝座上的那一位和羊羔，直到永远！”
66008008	Description	第二位天使也吹响号角，一座仿佛燃烧的大山被扔进大海，三分之一的海变成血。
44007058	Violence	把他推出城外，用石头打他。那些谴责他的人把自己的衣服放在一个名叫扫罗的青年人脚前。
45015011	Faith	“所有的外族人啊，赞美主，愿万民赞美他。”
45011036	Faith	世间一切都源于他，世间一切都因他而存在，世间一切都为他而存在。愿荣耀永远归给他，阿门！
43001029	Faith	第二天，约翰见耶稣向他走来，就说：“看，这是上帝的羔羊，他可以去除这世间的罪！
58011031	Description	因为信上帝，妓女喇合以和平方式迎接以色列的侦察之人，没有和那些不顺从之人一起灭亡。
43010010	Grace	贼来了，但他的目的是偷窃、杀害和毁坏。我来了，是为了让你们获得生命，更完整丰饶的生命。
50003020	Faith	但我们的祖国是天堂，我们也在等待救世主——主耶稣基督，从那里降临。
45015007	Recommendation	所以要像基督接纳你们一样彼此接纳，把荣耀归给上帝。
44021024	Recommendation	你和他们一起去行洁净礼，付钱让他们剃去头发，这样大家就知道，以往听说关于你的说法都不真实，你也是一名遵守律法、循规蹈矩之人。
45004012	Faith	他也是受割礼之人的父，不仅因为他们受割礼，还因为他们遵循我们祖先亚伯拉罕的例子，他在受割礼之前就信上帝。
44001026	Description	他们开始抽签，结果抽中了马提亚，于是他加入了另外 11 名使徒之列。
45004007	Grace	“那些过错获得赦免、罪恶得到宽恕之人，如此有福，
66011004	Description	他们就是站在大地之主面前的两棵橄榄树和两个灯台。
59004009	Recommendation	表达你们的愁苦、悲哀和哭泣，把欢笑变为悲痛，把快乐变为忧愁。
64001011	Recommendation	我的朋友，不要模仿恶，要效法善。那些做善事的人属于上帝，作恶之人不知道上帝。
45004011	Faith	其实是在他领受割礼之前，割礼确认了他对上帝的信任，这让他成为正义之人。这发生在他受割礼之前，所以他是所有相信上帝、被上帝视为正义之人的祖先，即使这些人没有受割礼成为犹太人也是如此。
45006007	Grace	因为死去之人已经从罪中获得自由。
47004010	Faith	我们以肉体之躯体现耶稣之死，所以也能让这肉体之躯体现耶稣之生。
50002021	Sin	其他人只关心自己的利益，不关心耶稣基督的利益。
58011011	Faith	因为信，撒拉虽然过了生育的年龄，还是能够怀孕，因为她认为承诺她的一切是值得信赖的。
43006039	Grace	他赐予我的人，我一个也不丢失，在末日要将他们复活。这就是他的旨意。
46008006	Faith	然而我们只有一位上帝，那就是我们的天父。万物都因他而来，他就是我们活着的目标。我们只有一个主，那就是耶稣基督。万物都是因他而存在，我们也因他而存在。
52003006	Description	造访你们的提摩太刚刚返回，带给你们对上帝的信和你们的爱告诉我们，这是一个好消息。他还告诉我们，你们仍然会想起我们，希望见到我们，就像我们想见你们一样。
60005004	Grace	当牧长显现之时，你将获得永不衰败的荣耀冠冕。
47003012	Faith	既然我们心怀自信的希望，我们就真正拥有了胆量。
61002012	Sin	这些人就像没有头脑的野兽，就像农场动物一样出生、被抓获和屠宰。他们会指责其一无所知的事情，会像动物一样被摧毁。
43012006	Sin	他这样说并不是因为他关心穷人，只是因为他是个贼，负责管理门徒们的金钱，经常从里面拿走一些占为己有。
62004016	Faith	我们已经经历并相信上帝对我们的爱。上帝就是爱，活在爱之中的人，活在上帝之中的人，上帝也活在他们之中。
44011019	Description	司提芬被迫害而被处死后，受到影响的信徒逃亡到了腓尼基、塞浦路斯和安提阿，然后只向犹太人传道。
54006006	Faith	但知晓并追随上帝是如此令人满足。
66013007	Violence	那野兽获得攻击信徒的权力，能够战胜他们；他也被赋予了对每个民族、部落、语言和国家的权柄。。
60002020	Faith	但是，如果你是因为做错事而受到惩罚，就没有任何功劳。如果你是做善事和正确的事而受苦，你忍受了它，那么上帝的恩典就与你同在。
58009015	Grace	因此，他作了新约定关系的中间人，借着他的死，救赎了人们在第一份约定关系中犯下的罪行，让那些蒙召之人，获得永远继承的承诺。
45006001	Sin	那么我们应该做出怎样的反应？难道是通过继续犯罪获得更多的恩典？
49005004	Recommendation	下流的谈吐、愚蠢的喋喋不休和粗俗的笑话不适合你们——你们应该感谢上帝。
66006008	Violence	我看过去，看到一匹灰马；那骑士名为“死亡”，哈迪斯跟着他。他们获得的权力可以管辖地上的四分之一，用刀剑、饥荒、瘟疫和野兽去杀人。
45004016	Faith	所以这承诺是基于对上帝的相信。上帝将其作为恩赐馈赠，是向所有亚伯拉罕的子孙做出的承诺，不只是那些遵循律法之人，还包括相信众人之父亚伯拉罕的所有人。
44028018	Description	他们在审讯我之后，由于没有找到判处死刑的罪过，就想释放我。
45009016	Grace	因此，这并不取决于我们想要什么，也不取决于我们自身的努力，而是取决于上帝的慈悲本性。
46010008	Sin	我们不要像他们中的某些人那样行淫乱之事，这导致一天就有二万三千人死去。
45007023	Sin	但我发现另一种律法在我心中作祟，它与我思想所遵循的律法相违背，我内在的罪恶律法将我困成它的囚徒。
58006001	Faith	所以，不要困于关于基督的基本教义，而是要努力成长为更成熟的理解。不需要再去重温忏悔过去所作所为的想法、关于信上帝、
46016011	Recommendation	不要让任何人低看他，要高高兴兴地送他走，让他可以到我这里来，我和这里的兄弟姐妹们都在等他到来。
59002014	Faith	我的朋友们，如果一个人说他有信心，却没有行动，有什么益处呢？这“信心”能救他吗？
43007025	Description	这时，有几个来自耶路撒冷的人开始思量：“这就是他们想要杀的人吗？
43020022	Faith	说了这话，就向他们吹一口气，说：“领取圣灵吧！
45010003	Sin	他们不理解上帝如何让我们变得良善正直，他们试图靠自己变得良善正直，不肯接受上帝让人类良善正直的方式。
62005010	Faith	那些信上帝之子的人，已经接受并坚持这样的证据。那些不相信上帝的人，会认为上帝是个骗子，因为他们不相信上帝所提供关于其子的证据。
43014012	Faith	告诉你们实话，信我之人也将像我一样做，并且会更伟大，因为我要去天父那里了。
56002009	Recommendation	告诉奴仆们凡事要遵从自己的主人，让主人欢喜，不要顶嘴。
58012015	Recommendation	你们要小心，免得有人失去了上帝的恩典；免得苦之因长起来缠绕你们，污染众人；
54003007	Recommendation	他在教会以外也应有个好名声，这样他就不会被人毁谤，从而落在魔鬼的陷阱。
49004007	Grace	我们每个人所获得的恩典，都与基督的慷慨馈赠成正比。
66016003	Description	第二位天使把碗倒在海里，海水就变成好像死人的血，海中的所有生物都死了。
49006006	Recommendation	不要只在其他人看的时候，为了获得认可而好好工作。要像基督的仆人一样工作，诚实地遵行上帝的旨意，
60003016	Recommendation	你的良心务必要是清白的，这样如果有人指控你，就会感到尴尬，因为他们诽谤你在基督那里过着的好生活。
43006040	Faith	我父的旨意，就是让所有看到并相信人子之人实现永生，然后让我在末日之时鼓舞他们。”
44012023	Violence	但由于他没有将荣耀归于上帝，主的使者将他击倒。 他被虫吃掉了，死了。
47001003	Grace	赞颂上帝、主耶稣基督的天父。他是充满怜悯的天父，是赐予所有抚慰的上帝。
54001006	Sin	有些人偏离了这些事情，并最终开始胡说八道
45001016	Faith	我当然不会以福音为耻，这福音彰显了上帝拯救信他之人的力量——先是犹太人，然后是其他所有人。
46003011	Description	因为除了已经打好的根基——即耶稣基督，任何人都不能立下其他根基。
49005033	Recommendation	然而，每个丈夫都应该像爱自己一样爱自己的妻子，妻子也应该尊重丈夫。
51002013	Grace	尽管你们因罪和肉体未受割礼而死亡，但上帝让你们与基督一起复活，上帝赦免了我们的一切罪。
54004014	Recommendation	不要忽略你所获得的恩赐之礼，就是教会长老们向你按手时，借预言赐给你的礼物。
66021001	Description	我又看见一个新天、新地，因为第一个天和第一个地都过去了，海也不再存在了。
52005016	Recommendation	始终要保持欢喜，
66009006	Description	在那段时间，人们寻死却无法如愿；想要死亡，死亡却远离他们。
52004014	Faith	因为我们确信，耶稣死后又复活，我们也确信上帝会通过耶稣，带来那些已死的信他之人。
62004015	Faith	凡是宣称耶稣是上帝之子的人，上帝就住在他们之中，他们也住在上帝之中。
49004022	Recommendation	所以，要摆脱你们以往的生活方式，它通过具有欺骗性的欲望毁掉了你们陈旧的天性！
43010009	Grace	我就是门，如果有人穿我而入，就必定得救，还可以来去自由，可以找到自己需要的食物。
58011037	Violence	被石头打死，被切成碎片，被折磨，被刀杀死。他们穿着绵羊山羊的皮到处奔跑、受穷乏、遭患难、被虐待；
62002029	Faith	如果你们知道他的良善和正直，就应当知道所有良善正直之人都是上帝所生。
44013047	Grace	主吩咐过我们说：‘我让你们成为异教徒的光，你们将把拯救带到世界的尽头。’ ”
47004002	Faith	但我们已经放弃了秘密的、可耻的行为。我们绝不欺骗，绝不曲解上帝之道。我们在上帝面前彰显真理，让每个人都可以凭借自己的良心做决定。
44002033	Description	现在他已被高举到上帝的右边，获得天父承诺给予他的圣灵，在被施与圣灵后，你们所见所闻就会倾吐而出。
51003010	Recommendation	换上新我，这新我更像是造物主，能够更好地认识主。
43011004	Faith	耶稣听见这个消息就说：“这病不至于死，通过他的病将显示上帝的荣光，让上帝之子获得荣耀。”
45001017	Faith	上帝通过这福音显示他的善良和正义，从始至终都值得信赖。正如经文所记：“那些与上帝保持一致之人因信上帝而活。”
43019017	Description	他们让耶稣自己背着十字架，把他带到了一个名叫“髑髅之地”的地方（希伯来语为“各各他”）。
45012006	Faith	每个人都拥有不同的恩赐，因上帝赋予我们的恩典而异。如果这是在说上帝，就要根据你信的程度行事。
66004007	Description	第一个活物看起来像狮子，第二个像牛犊，第三个有着人脸，第四个像飞鹰。
49005015	Recommendation	所以要小心你的生活方式，不要愚蠢，要变得明智；
45010012	Grace	犹太人和希腊人本无区别。因为这唯一的主是每个人的主，只要向他请求，他必慷慨赐予。
45010004	Faith	基督就是律法的执行，相信基督即为正义。
50004006	Recommendation	不要担心任何事情，要在祈祷中将一切交给上帝，向他解释你的需求，感谢他所做的一切。
46010006	Faith	我们应该引以为戒，不要像他们那样贪恋恶行。
66009002	Description	他打开深渊，有烟从里面冒出来，就像一个巨大火炉飘出的烟，太阳和天空因这深渊的烟而变黑。
52004006	Recommendation	在这些事情上，不要欺骗或利用其他基督徒。因为主在这样的事情上必会施以正义，我们已经清晰地向你们解释并警告过你们。
47005017	Faith	所以任何人如果与基督同在，就是一个全新的生命，旧人已去，新人已来！
43005020	Faith	因为天父爱其儿子，于是把自己所做的一切展示给他看，还要向他展示更惊人的大事，足以让你们惊讶无比。
49004028	Recommendation	窃贼要停止偷窃，用双手诚实工作，带来成果，这样你就能拥有可以送给他人的东西，满足他人的需要。
57001022	Recommendation	同时，还请你为我准备一个房间，因为我希望能借着你们的祷告，可以获得释放到你们那里去。
58013009	Recommendation	不要被各种奇怪教义分心。心要被恩典说服，这样才是好的，不要被那些告诉我们吃什么的律法说服。遵守这些法律之人，不会得到任何好处。
52005012	Recommendation	兄弟姐妹们，请你们尊重那些与你们一起工作的人，他们引领你们走向主并教导你们。
43009022	Description	他父母这样说，只是因为害怕犹太人首领。这些犹太人首领早就宣布，谁说耶稣就是基督，就会被赶出会堂。
50003003	Faith	因为我们真正行了割礼，我们借着神的灵敬拜, 将我们的信心寄托于耶稣基督。我们对人的能力没有信心——
62003023	Faith	上帝的命令就是：我们应该相信他的儿子耶稣基督之名，按照他的吩咐彼此相爱。
66013011	Description	我又看见另一只野兽从地里升起。它有两个角，好像羊羔，说话好像龙。
46014020	Recommendation	兄弟姐妹们，不要像孩子一样思考。对于恶，你应该像婴儿般纯洁，但在思想上要成熟。
59005013	Recommendation	你们中间有人在受苦吗？你应该祷告。有人心情愉快吗？你应该唱出赞美之歌。
58012012	Recommendation	所以，把下垂的手和发软的膝盖挺直起来；
60001017	Recommendation	既然你们称他为父，意识到他会根据每个人的所作所为公正评判每个人，请认真对待你们在地球上的时间，尊重他。
58010036	Recommendation	你们还需要忍耐，好让你完成上帝的旨意，可以领受承诺的一切。
58011001	Faith	我们对上帝的信，就是对所盼望之事的确定，是没有看见的事的明证。
49004017	Recommendation	所以让我要对你们说——事实上，我通过主里坚持了这一点——你们不应该再像异族人那样过着空虚的生活。
51002016	Recommendation	所以不要让任何人因你们所选择遵循的饮食、宗教节日、新的拜月仪式或安息日庆祝，而批评你们。
66007015	Faith	因此他们才能坐在上帝的宝座前，日夜在他的圣殿中事奉他。那坐在宝座上的，也会以其存在而保护他们。
44020010	Description	保罗走下楼，趴在他身上把其抱住，说：“别担心，他还活着。”
55002010	Faith	尽管如此，我原意为上帝子民而继续这样做，让他们也可以获得基督耶稣的救赎和永恒荣耀
60005014	Recommendation	以爱的吻互相问候。愿你们所有与基督同在之人都能够平安。
49005021	Recommendation	如果其他人出于对基督的敬畏而让你去做一件事，每个人都应该欣然接受。
61003017	Recommendation	我的朋友们，既然你们已经知道了这些，就不要让恶人的错误引你们误入歧途，不要从自己牢固的位置上跌落。
51003018	Recommendation	你们做妻子的要尊重丈夫，这对主而言是正确的行为。
54005020	Recommendation	要当众责备那些罪人，对其他人也是一个警示。
45014013	Recommendation	我们不要彼此评判，而是要下定决心，不要在其他信徒的道路上设置障碍，不要让他们跌倒。
45002010	Grace	但行善之人则会被赐予荣耀、尊贵与平安，先是犹太人，后是外族人。
58011034	Violence	消灭了烈火的威力，逃脱了刀剑的锋刃，软弱变成刚强，在战争中显出力量，把外国的军队击退。
48006017	Faith	请不要再有人来打扰我了，因为我身上有耶稣的伤疤。
66018021	Violence	一位强大的天使，把一块好像磨石一样的石头举起来，拋入海里，说：“伟大的巴比伦城也会被这暴力拋下去，再也不存在。”
65001020	Faith	但我的朋友们，你们要通过对上帝的信任来成就自己。以圣灵的名义进行祈祷，
45012002	Recommendation	不要在这世上随波逐流，要通过思想的灵性新生而蜕变，这样就可以彰显上帝真正的旨意：善良、欢喜和完美。
46015009	Sin	我原本是所有使徒中最微不足道的那一个，本无资格被称为使徒，因为我曾经迫害上帝的教会。
62002015	Recommendation	不要爱这个世界，不要爱这世上的一切。如果你爱这个世界，你就不会再有父的爱。
45002001	Sin	无论你是谁，如果你评判他人，你就无法给自己找到借口。无论你以何种方式谴责他人，其实就是在评判自己，因为你也不过如此。
48002009	Description	当他们意识到，我以及雅各、彼得和约翰都获得了恩典，承担了教会领导的职责，于是就握住我和巴拿巴的右手，表示接纳我们作为他们的一员。
43019023	Description	士兵把耶稣钉了十字架之后，就把他的衣服拿来，分成四份，每个兵一份。他们又拿他的袍子，这袍子没有缝，织成了一整件。
45002021	Sin	既然你们忙于教导别人，为什么不教导自己？你告诉人们不可偷窃，为什么自己却偷窃？
46006019	Faith	你们不知道吗？我们体内的圣灵，就住在身体这个圣灵之殿中，这圣灵是你从上帝那里领取的并不属于你自己。
47005014	Grace	基督的爱督促我们前进，因为我们确定他为众人而死，所以众人现在已经死去。
58003001	Faith	因此，为上帝而存在、共同听从天召的兄弟姐妹，我们需要认真思考耶稣——我们称之为上帝派来之人，大祭司。
44020035	Recommendation	我凡事都以身作则，努力帮助那些软弱之人，牢记主耶稣的教会：‘给予远比获得更有福。’ ”
58013004	Recommendation	人人都应该尊重婚姻，丈夫和妻子应该彼此忠诚。上帝会审判淫乱之人。
43020005	Description	弯腰向里面观看，看见细麻布还在那里，但他却没有进去。
66016018	Description	于是出现闪电、雷轰和大地震，自从地面有人生活以来，从未发生过这么大的地震，
66019010	Faith	我就俯伏在天使脚前要拜他。但他对我说：“不可以这样！我和你以及那些接受耶稣作见证的人一样，都是上帝的仆人。敬拜上帝，因为耶稣的证言就是预言的灵。”
46002010	Grace	但上帝却通过圣灵向我们显明这一切，因为圣灵能够参透上帝深邃的内在。
50002029	Recommendation	所以，请心怀主并以极大的幸福欢迎他——让他这样的人感到荣耀，
51003020	Recommendation	你们作儿女的凡事要听从父母，这会让主感到喜悦。
47001012	Faith	我们始终以恰当的方式对待其他人，尤其是你们。我们的良心也证明了这一点，对此我们深感自豪。我们以圣洁和真诚遵循上帝的原则，不是依靠世俗的聪明，而是凭借上帝的恩典。
43014021	Faith	愿意听从我的命令并且遵守的人，就是爱我的人，爱我的人，天父必定爱他，我也会爱他，会向他显现。”
51002023	Sin	对于那些以自我为中心敬拜之人、故作谦卑之人和“苦修身体”之人，这些规则似乎合情合理。但事实上，它们在应对所有罪恶欲望方面，没有任何帮助。
64001006	Recommendation	他们曾在教会面前充分说明了你的爱。请你照上帝所喜欢的方式，帮助他们继续其旅程，
55002023	Recommendation	拒绝愚蠢而幼稚的辩论；你知道它们只会引发争斗。
47003018	Faith	我们所有人脸上的面纱都已经揭下，仿佛一面镜子体现了主的荣光。我们已经转化成与灵相同的镜像，他的荣光越来越闪亮，这都要感谢主之灵。
58009014	Grace	何况基督的血呢？他借着永远的灵，把自己无罪的生命献给上帝，他的血不是更能洁净我们的良心，脱离过往罪行，这样我们就可以事奉永生的上帝了？
44011017	Grace	我们相信主耶稣基督，所以上帝就像对我们一样恩赐他们，我又有何力量阻止上帝？”
49004030	Faith	你们属于圣灵，圣灵已对你们做出标记。在救赎之日到来之前，不要让圣灵感到失望。
66003003	Recommendation	所以你应当提醒自己，想想这讯息如何抵达你那里，以及你听到的一切。遵守对你的教导，然后悔改。如果你不警醒，我就会像窃贼一样，我什么时候来到，你决不会知道。
62003007	Recommendation	亲爱的孩子们，不要让任何人欺骗你们，那些遵循正义良善的人，才是正义良善，正如主也是正义良善。
62004001	Recommendation	亲爱的朋友，不要相信所有灵，而是要对灵进行考验，看看这些灵是否出于上帝，因为已有许多假先知来到这世界。
44013038	Grace	兄弟们，我希望你们理解我们正在讲述的一切，通过这个人，罪已经得到了宽恕。
50003001	Recommendation	总而言之：我亲爱的朋友们，以主为喜乐！向你重复这些话，对我来说不是负担，这是为了保护你的安全！
46011034	Recommendation	如果有人饥饿，应当在家里先吃，免得聚在一起时受到审判。我会在造访你们的时候，给予你们更多的指导。
43018031	Description	彼拉多对他们说：“你们自己把他带去，按着你们的律法审问他吧。”犹太人说：“我们没有权处决任何人。”
46012031	Faith	你们应该追寻那最重要的馈赠。 所以现在我将向您展示一个更好的方法。
58007026	Description	我们就需要他这样的大祭司：圣洁，没有错误；纯洁，区别于罪人，在最高的天堂中有自己的位置。
50004013	Faith	凭借那让我坚强之人，我无所不能！
52004003	Recommendation	上帝的旨意是要你们以圣洁方式生活；远离不道德的淫欲，
51004002	Recommendation	记得始终要祷告，心存警醒和感恩的心祷告！
44007029	Description	听到这番话，摩西离开了此地，以流亡者的身份来到米甸地，在那里有两个儿子。
46011007	Description	男人不应蒙头，因为他是上帝的形象和荣耀，女人是男人的荣耀。
51003015	Faith	愿基督的平安指引你们的思考，因为你们受上帝蒙召成为一体，也要为此要感谢上帝。
58002010	Grace	那创造和保持一切的上帝，应该为他的很多儿子带来荣耀。引导人们获得救赎的耶稣是通过苦难完全准备好的。。
59004001	Sin	你们之间的争斗和吵闹从何而来？难道不是来自你们身体中彼此对抗的情感欲望吗？
46005001	Sin	听说你们那里正发生淫乱之事，即使外族人也不会这么做，一个男人竟与他的继母同居。
46010013	Faith	你们经历的试探不会超过任何其他人。上帝值得信赖，他不会允许超出你们承受能力的试探。在受试探的时候，他必定给你们打开一条出路，让你们可以保持强壮。
44020029	Violence	我知道在我离开之后，必有凶狠豺狼闯到你们中间，不肯放过你们所看守的羊群。
53001004	Faith	因为你们在经受的所有迫害苦难中，仍然保持着勇气和信心，所以在上帝的众教会中，说到你们会让我们深感骄傲。
62004012	Faith	没有人曾见过上帝。但如果我们彼此相爱，上帝就住在我们之中，他的爱就会在我们中得以实现。
48001001	Description	本信函来自保罗，我的使徒身份并非由人类组织或人类权力所指认，恰恰相反，我是由耶稣基督和让耶稣复活的天父上帝所指认。
58012003	Recommendation	这位忍受罪人那样顶撞的耶稣，你们要仔细思想，免得疲倦灰心。
45006005	Faith	如果我们像他一样死去，从而与他成为一体，我们也会像他一样死而复生。
45015010	Recommendation	还有那句：“外族人啊，与他的子民共同庆祝！”
54004001	Sin	但灵很明确地解释说，日后必有人放弃对上帝的信，听从邪灵和来自恶魔的信仰。
56003001	Recommendation	你要提醒他们，遵从掌权人让他们做的，服从权力。他们应该随时准备做任何善事。
61003005	Sin	但是他们故意忽略一个事实：天空是上帝下令在很久以前创造的。大地诞生于水，被水包围。
60003018	Grace	耶稣一次性地为罪而死，那完全真实的、良善的和正确的人，为那些坏人而死，这样他就可以把你带到上帝面前。他的身体被杀害了，但他却以灵死而复生。
61002021	Sin	宁愿原本就不知道何为真理之道，也不要在知道后又背弃它们给予你的神圣指示。
53003006	Recommendation	兄弟姐妹们，我们以主耶稣基督之名想要告诉你们，如果哪个信徒游手好闲，不按照我们所进行的教导行事，就应当远离他。
45005012	Sin	罪通过人进入这个世界，罪带来死亡。所以，所有人都会死，因为所有人都有罪。
58011033	Faith	他们凭借对上帝的信，战胜了敌国，伸张了正义，得到了上帝承诺，堵住了狮子的口，
47004009	Faith	我们受到迫害，却上帝并未丢弃我们。我们被打倒了，却没有死亡。
59004004	Sin	淫乱的人哪！你们难道没意识到，与世俗为友就是与上帝为敌吗？与世俗为友之人，就成了上帝的敌人。
44016006	Description	由于圣灵阻止他们在亚西亚传道，于是他们就走遍了弗吕家和加拉太地区。
45010006	Faith	但源于信的正义行事态度却会这样说：“不要问‘谁会上天堂？’（请求将基督带到人间），”
66016002	Violence	第一位天使去了，把碗倒在地上，于是在那些有兽记号和膜拜兽像的人身上，生出了可怕的恶性毒疮。
66005008	Description	拿到书卷后，四个活物和二十四位长老俯伏在羊羔前，各拿着琴和盛满了香的金炉，这香是众信徒的祈祷。
62005001	Faith	凡信耶稣就是基督的人，都是源自上帝；爱父亲的人，也必会爱他的孩子。
48005026	Recommendation	我们不要自吹自擂，不要互相激怒和嫉妒。
54005001	Recommendation	不要严厉责备比你年长之人，而是要像自己的父亲一样鼓励他；要像对待自己的兄弟一样，对待年轻人；
60002012	Recommendation	当你们与非基督徒在一起时，一定行动恰当。只有这样，即使他们指责你做错了，他们也会看到你所做的好事，在上帝来临时荣耀上帝。
50003006	Sin	说到宗教奉献，我曾是教会的破坏者；在依法行事上，我无可指责！
43004052	Description	他询问孩子痊愈的时间。他们告诉他：“昨天下午一点钟，高烧就退了。”
43019031	Violence	因为那天是预备日，为了要避免尸体在安息日留在十字架上（事实上，这是一个特殊的安息日），于是犹太人首领就请求彼拉多打断那些被钉十字架的人的腿，防止他们的身体被移动。
43019012	Description	听到这番话，彼拉多尝试想要释放耶稣。可是犹太人首领却喊叫说：“如果你释放这个人，就不是凯撒的朋友了。凡是自命为王的，就是与凯撒为敌。”
43014001	Faith	“别紧张，相信上帝，也要相信我。
50001028	Faith	不要让敌人吓到你们。要勇敢地向他们证明，他们将会迷失，但上帝会亲自来拯救你们。
43015016	Grace	不是你们选择了我，而是我选择了你们，我赋予你们责任，去结下持久的水果，这样你们以我之名所求的一切，天父都必将应允。
58011004	Faith	亚伯因为相信上帝，献上了比该隐更美的祭品；借着这信心，他被上帝称许，认为他生活在正直良善之中。上帝通过接受他的献祭表明了这一点。尽管亚伯已死很久，仍然通过他的所作所为对我们说话。
46004001	Recommendation	所以，要把自己看作基督的仆人，为“上帝的奥秘”负责。
66006013	Description	天上的星辰坠落到地上，如无花果树被大风晃动，落下未成熟的果子。
46010014	Recommendation	所以我的朋友们，要远离神像膜拜。
45012021	Recommendation	不可被恶战胜，要以善胜恶。
55002014	Recommendation	你要提醒众人，在上帝面前告诉他们，不要作毫无意义的争辩，这只能伤害那些听众。
59004008	Recommendation	亲近上帝，上帝就亲近你们。罪人们啊，洗净你们的手；三心两意之人啊，净化你们的思想。
59002009	Sin	如果你们显示出偏向之心，那就是犯罪，律法就会裁定你们犯法。
52004007	Grace	上帝召唤我们，并非是让我们的生命玷污，而是要我们圣洁。
45001018	Sin	如果你不信上帝、道德不义、被魔鬼所控压制真理，上帝对这一行为的反对必会从天堂显现。
62004007	Faith	亲爱的朋友们，让我们继续彼此相爱，因为爱来自上帝。爱其他人，你就是上帝所生，就认识上帝。
62002009	Sin	那些说自己身处光明之中、却憎恨其他基督徒的人，他们的内在还有黑暗。
60004014	Grace	如果你因基督的名而受到咒诅，你就是被祝福的，因为上帝的荣耀之灵就在你身上。
44021019	Grace	保罗向他们问候，然后就详细讲述了上帝如何通过他所履行的侍奉，在异教徒中所做的一切。
43008046	Sin	你们中有谁能指证我有罪？我既然讲真理，你们为什么不信我？
58010017	Grace	“我不再记着他们的恶和不法行为。”
46001005	Grace	你们因上帝而万事丰饶，因上帝而表达思想、知识渊博。
45015030	Recommendation	我的兄弟姐妹们，我鼓励你们通过主耶稣基督和圣灵的爱，共同为我祈祷。
43007020	Violence	众人回答：“你是魔鬼附体！没人想要杀你！”
45003025	Grace	上帝公开将耶稣作为馈赠，为信他之人、为他为之洒下鲜血之人带来和平。上帝这样做，是为了证明他才是真正的良善正直，因为之前他对罪行报以容忍并宽恕，
43018018	Description	因为天气寒冷，仆人和差役就生了火，站着取暖，彼得走进去后也和他们站在一起取暖。
49006011	Recommendation	穿上上帝的所有盔甲，这样你们就可以抵挡魔鬼的所有攻击！
43013037	Faith	彼得说：“主啊，为什么我现在不能跟随你？为了你，要我放弃生命也可以！”
50004007	Faith	那时候，就会获得超过你想象、上帝带给你的平安，保护你以正确的思想和态度与基督耶稣同在。
59003009	Faith	我们用它赞美我们的主和天父，也用它来咒诅按上帝形象造出的人。
46005010	Sin	我并非指这世上所有贪婪、欺诈或膜拜神像的不道德之人。否则，你们在这个世界就待不下去了。
44026009	Sin	我以前也真的相信，自己应该想方设法反对拿撒勒人耶稣之名。
61002014	Sin	他们总是想要犯下淫荡之举——他们就是无法停止自己的罪。他们引诱脆弱之人，在贪婪中训练自己；他们是受诅咒的后代。
43010012	Description	拿着工钱照看羊群的，不是牧羊人，羊不是他自己的，一见狼来，他就会丢下羊逃跑，狼就能攻击羊群，把羊群驱散了。
59001019	Recommendation	我亲爱的朋友们，请记住，人人都应该快速聆听，但要慢慢地说，慢一点动怒；
46009014	Recommendation	主也曾这样祝福传递福音之人，应该靠福音的支持者为生。
43012046	Grace	我如光来此照亮这世界，所以信我者就不会生活在黑暗之中。
43005014	Description	后来，耶稣在圣殿里看到这个男人，就对他说：“看，你已经痊愈了，所以不能再犯罪，否则会招来更大的灾祸。”
46016014	Recommendation	你们所做的一切都出自于爱。
43014015	Recommendation	如果你们爱我，就要遵守我的命令。
58012025	Recommendation	不要拒绝那说话之人。如果他们因在人间拒绝上帝而无法逃走，可以肯定的是，如果我们背离从天上警告我们的神，我们也逃不掉！
48004008	Sin	你们还不知道上帝的时候，曾被这个世界上所谓的“神”所奴役。
44003026	Grace	上帝为你们准备好了他的仆人，首先把他派来，通过纠正你们的邪恶之道为你们祝福。”
44010039	Violence	对于他在犹太人之地和耶路撒冷所行一切，我们就是见证人。他们把他钉上十字架，谋害了他。
46001010	Recommendation	兄弟姐妹们，以主耶稣基督之名，请大家同心同德，不要分裂，构筑一条心，遵循一个使命。
51001021	Sin	你们从前也与上帝是陌路人，你们的行为就是与他为敌。
55002022	Recommendation	应远离那些点燃年轻人欲望的事情，去追随正直良善、值得信赖的事情，与那些真正纯洁的基督徒一起追随爱与和平。
51003001	Faith	所以，你们既然与基督共同复活，就应当寻求天上之事，在那里，基督坐在上帝的右边。
66008007	Violence	第一位天使吹响他的号角，就有冰雹和混杂着血的火，投向大地。三分之一的大地被烧尽，三分之一的树被烧毁，所有的青草都被烧毁。
66011017	Faith	他们说：“过去和现在都存在的全能之主上帝，我们感谢你，因为你执掌了大权并成为统治者！
43004010	Grace	耶稣回答她：“但凡你意识到上帝的恩赐，知道是谁对你说‘能不能给我点水喝’，你一定会去求他了，他会赐给你生命之水。”
51003004	Grace	基督就是你们的生命，当他显现，你们也会分享他所显化的荣耀。
43020031	Faith	但记录这些事，是为了让你们信耶稣是基督，是上帝之子。你们信了，就可以因相信他而获得生命。
62004006	Faith	我们属于上帝，认识上帝的就会听我们的，不属于上帝的就不会听我们的。通过这种方式，我们就可以辨别真理的灵和谬误的灵。
65001012	Description	这些人破坏其他人的饭菜，因为他们是自私的牧羊人，没有丝毫羞耻心，只顾自己。它们是被风吹走的云，不会带来雨水。它们是光秃秃的树，不会结果——两次死亡，连根拔起。
44005015	Description	甚至有人把病人放在床和垫子中，抬到街上，希望彼得在经过时，至少他的影子可以落在他们身上。
49006016	Faith	最重要的是，要拿起信任上帝的盾牌，这样你就可以挡住魔鬼发来的火焰之箭。
51003023	Recommendation	无论你们作什么，都要认真做，就像你在为主做这一切，而非为人。
58012016	Recommendation	确保没有人像以扫那样淫乱或不信教，为了一顿饭卖掉了与生俱来的权利。
43018040	Sin	他们又喊叫说：“不要他！要巴拉巴！”这巴拉巴是个叛乱者。
55003004	Sin	背叛其他人、不考虑其他人/荒唐地只想着自己、追逐享乐胜于爱上帝。
50002009	Grace	这就是为什么上帝将他放在最尊贵、最有权力的地位，给他最尊贵的名字——
61001016	Description	当我们对你们说：我们主耶稣基督的大能即将到来，我们所说的并非虚构的神话，我们曾亲眼目睹他的威严。
61003016	Sin	他谈到了这些事情，尽管他所写的部分内容肯定很难理解。一些无知和不平衡之人歪曲他所写的内容，这让他们自己蒙受损失，正如他们歪曲其他经文。
44014014	Description	但巴拿巴和保罗两个使徒听说这个消息，便撕开衣服，跳进民众中大喊：
45015008	Faith	我坚信基督作为犹太人的仆人来到世间，就是为了表明上帝所言均为真理，信守了他对他们祖先的承诺。
59001026	Sin	如果你认为自己很虔诚，却不约束自己的语言，就是自己欺骗自己，你的虔诚毫无用处。
43015020	Recommendation	你们要记住我对你们说过的话：‘仆人不能比主人更重要。’他们若迫害我，也必定迫害你们，他们若遵守我的话，也必定遵守你们的话。
43008031	Faith	于是耶稣对信他的犹太人说：“你们若遵循我的道，就真正是我的门徒。
44007011	Description	后来埃及和迦南全境遭遇了一场大饥荒，先人没有办法获得食物。
63001004	Faith	很高兴看到你的一些儿女，就像天父命令我们那样，追寻真理。
54005008	Faith	但人若不照顾自己的亲属，尤其是自己的家人，就等于背弃信仰，比不信之人更糟糕。
58010022	Faith	我们良心的邪恶既然被洒净，身体也用清水洗净了，那么，我们就应该怀着真诚的心和完备的信，走近上帝；
48001023	Description	他们只听人说“那个从前迫害我们的人，现在开始传播他曾经想要破坏的信仰！”
44027034	Recommendation	听我劝，吃点东西吧，这可以让你们有力气！因为你们所有人连一根头发都不会失去。”
66002003	Faith	我知道你的忍耐，知道你曾为我的名忍受过什么，但你并未放弃。
56002002	Recommendation	让年老的男人不要饮酒，他们应该值得尊重，明白事理，以健全的方式相信上帝，有爱心，有耐心。
44017030	Recommendation	上帝原谅了人类过往的无知，但现在，他吩咐各处的所有人都要悔改，
43019025	Description	士兵果然这样做了。 在耶稣十字架旁边，站着他的母亲和他母亲的姐妹，还有高罗巴的妻子玛利亚和抹大拉的玛利亚。
66019013	Description	他身穿一件浸过血的衣服，他的名字叫做“上帝之道。”
46008009	Recommendation	只是小心不要利用你的自由去吃祭祀偶像的食物和得罪态度较弱的人。
44013034	Grace	上帝使他死而复生，不会再死去。他曾这样说：‘正如我向大卫所做的承诺，我所赐予你们的，神圣而值得相信。’
43014020	Faith	在那一天，你们就知道我与天父一体，你们与我一体。
62002003	Faith	我们可以确定的是，如果我们遵循他的命令，就认识他。
43008024	Sin	所以我对你们说，你们会因自己的罪而死去。因为如果你们不相信我即‘我是’，你们就会因自己的罪而死去。”
66017006	Sin	我又看见那妇人喝圣徒的血，还喝下耶稣见证人的血，喝醉了。看到她，我感到彻头彻尾的惊奇。
58012017	Description	你们记得，后来以扫想要承受祝福，却被拒绝了；他虽然带着眼泪寻求，还是无法改变他所做的。
43007012	Description	人群中有很多人开始谈论耶稣，有的说：“他是好人。”有的说：“不，他就是个骗子。”
44011021	Faith	主的力量与他们同在，所以信主和信他的人数量众多。
52002004	Faith	相反，我们所说的一切都获得了上帝的批准，他把福音委托给我们。我们的目的不是取悦人，而是取悦上帝，他在评判我们的动机。
46015057	Grace	感谢上帝，他通过主耶稣基督赐予我们胜利。
54005005	Faith	至于真正的寡妇，没有家庭，没有人帮助，孤身一人，她们寄希望于上帝，日夜不停地祷告。
43016024	Grace	你们一直以来没有以我的名求什么，现在你们祈求就必然应验，让你们的欢喜圆满。
46007021	Recommendation	你被召唤时是奴仆？不要烦恼。但如果你获得自由的机会，就好好把握。
65001019	Sin	这些人会分裂，他们是没有灵的世俗之人。
48001006	Sin	让我震惊的是，你们借由耶稣恩惠的召唤信了上帝，却又如此快速将其放弃，转向其他福音，
58012014	Recommendation	你们要竭力寻求与众人和睦，并且要竭力追求圣洁。如果没有圣洁，谁也不能见主。
43021006	Description	耶稣说：“把网撒在船的右侧就可以打到鱼。”于是他们把网撒下去，但却拉不动，因为鱼太多。
46007019	Recommendation	割礼不代表什么，未受割礼也不代表什么，最重要的是遵守上帝的命令。
45012008	Recommendation	如果应该鼓励他人，就去鼓励；如果应该给予，就慷慨给予；如果应该引领，就应承诺予以引领；如果应该慈悲，那应该高兴地这样做。
44019002	Faith	他问他们说：“当你们信了上帝的时候，是否领取了圣灵？”他们说：“没有，我们甚至都没听说过圣灵这件事情。”
53003014	Recommendation	如果有人不听从我们这封信上的教导，要把那个人记下来，不可与他来往，让他自己觉得惭愧。
46015050	Sin	但我的兄弟姐妹们，我告诉你们的是，我们现在的躯体无法继承上帝之国，这些必将腐朽的躯体无法继承不朽。
43006027	Recommendation	食物必会腐烂，不要为此忧心忡忡，要关心人子赐给你们的永恒食物，它会带来永续生命，因为他已获得天父的批准。”
59004003	Sin	你们祈祷了，但却什么也没得到。那是因为你们的动机错误，你们想要的，就是把所得的一切用于满足自己的私欲。
49005020	Faith	奉我们主耶稣基督之名，感谢上帝天父所带来的一切。
48003006	Faith	就像“相信上帝，被视为正义”的亚伯拉罕。
66021023	Grace	这城不需要日月照明，因为有上帝的荣耀照明，而羊羔就是城市的灯。
45008009	Faith	不是追随你的罪恶天性，而是要追随圣灵——如果你心中有上帝之灵。但如果你心中没有基督之灵，你也就不是基督之人。
45011023	Faith	如果他们不再抗拒相信上帝，就会重新被嫁接到树上，上帝有能力这样做。
66014005	Description	他们不说谎言；他们没有瑕疵。
44024014	Faith	但我要向你明确一件事：我谨遵正道信仰伺奉我们祖先的上帝，但他们称之为邪教。无论是律法还是先知所记载的一切，我都相信。
45013008	Recommendation	不要亏欠任何人，除非是出于对彼此的爱——因为爱其邻里之人即成就了律法。
66016009	Sin	人被高热烧烤，亵渎那有权力掌管这些灾难的上帝之名，但他们并不悔改，不肯将荣耀归给他。
66021012	Description	城墙高大厚实，有十二个门，门口有十二位天使，门上写着以色列十二部落的名字。
48003013	Grace	为了拯救我们托利律法的诅咒，基督成为了我们的诅咒。正如经文所说，“凡悬挂在树上的，都会受咒诅”，
48001013	Sin	你们都听过，我过去曾是犹太宗教的追随者，听说过我如何疯狂迫害上帝的教会，残忍地想要破坏它。
66020002	Description	他捉住了那龙，那古蛇，也就是魔鬼和撒旦，把它捆绑了一千年。
44008009	Description	城里有一人名叫西门，善用邪术。他自称是一位重要的大人物，让撒玛利亚人为之而惊叹。
50003010	Faith	我想真正了解他，以及他死而复生的能力——体验他的苦难，在他的死亡中变得像他一样，
54005022	Recommendation	不要匆忙地为别人按手，也不要陷入他人的罪之中，要保护自己的纯洁。
56002003	Recommendation	同样，让年老的女人应该在行为中显示他们为上帝而活。他们不应该以言辞毁人的名声，并且不应该沉迷于葡萄酒。。
46007038	Recommendation	所以，与女朋友结婚是对的，不结婚则更好。
59001022	Recommendation	你们的行为应该遵守道的指示，不要只是听，不要自己欺骗自己；
43007001	Violence	此后，耶稣便在加利利游历。他不想住在犹太，因为犹太人想要他死。
46001030	Grace	因为上帝，你们才能与基督耶稣同存，基督就是上帝赐予我们的智慧。他让我们成为正义，保持正义，让我们获得自由，
43013005	Description	然后倒了一盆水，开始给门徒们洗脚，用腰上的毛巾擦干。
44022004	Violence	我也曾经迫害信奉此道之人，将他们处死，把男女信徒投入监狱。
43007043	Description	众人因对他的看法完全不同而争论起来，。
60005002	Recommendation	看好上帝赐予你、让你照顾的羊群，不是因为你被迫这样做，而是因为高兴，因为上帝希望你这样做。你要心甘情愿地这样做，而不是想从中获利。
46015056	Sin	死亡的毒刺就是罪，罪的力量就是律法。
59005004	Sin	看哪，你们竟然克扣其工钱的农场工人，正在控诉你们；我们的万军之主已经听到了工人们的哭诉。
60002001	Recommendation	所以要放弃你们做的所有邪恶之事：所有的不诚实、虚伪和嫉妒，所有你们诽谤别人的方式。
46007039	Recommendation	丈夫活着的时候，妻子需要受丈夫的约束。丈夫若死了，她就可以自由嫁人，嫁给信主之人。
55002018	Sin	他们偏离了真理，说复活之事是过去发生的事情，这破坏了一些人对上帝的信心。
48005006	Faith	因为对基督耶稣而言，受割礼或未受割礼都无济于事，只有通过爱表达的信任才最重要。
58005009	Grace	他结束了自己的经历后，就成了所有顺从他之人获得永恒救赎的根源。
46016001	Recommendation	让我们来说说“为信徒捐赠”的事情。我之前怎么嘱咐加拉太的众教会，现在就怎么嘱咐你们。
49005022	Recommendation	妻子要服从丈夫让你做的事，如同这是来自主的吩咐。
43008012	Faith	耶稣又对众人说：“我就是这世界的光，如果你跟随我，就不会走进黑暗，因为你将拥有赐予你生命的光。”
65001017	Recommendation	但你们呢，亲爱朋友们，请记住我们主耶稣基督的使徒从前所说的话。
44017025	Grace	他什么都不需要，也不需要我们的服务，因为他本身就是所有生灵的生命之源。
62005009	Faith	如果我们都能接受人类证人提供的证据，那么上帝提供的证据就更重要。上帝提供的证据，就是他对其子的见证。
45013014	Faith	我们应该紧随主耶稣基督，而非屈从于个人罪恶的欲望。
58011030	Description	因为信上帝，耶利哥的城墙被围绕了七天，就倒塌了。
44019011	Grace	上帝通过保罗显化很多不同寻常的神迹。
43008034	Sin	耶稣答道：“说实话，每个罪人都是罪的奴隶。
62004011	Faith	朋友们，如果上帝就是通过这种方式爱我们，我们也应当以这种方式彼此相爱。
44002028	Grace	你向我指引了生命之路，让我因你在身旁而充满欢喜。’
54004013	Recommendation	在我抵达那里以前，你务必要向教会阅读经文，通过你的言语和教诲鼓励他们。
47004008	Description	我们虽然遭受各方面的攻击，却没有破碎。我们也会对前路感到迷茫，却从不绝望。
44002013	Description	但也有人讥嘲笑道：“他们就是酒喝太多，醉了。”
66021018	Description	城墙以碧玉制成，城用看起来像是玻璃的纯金打造。
66015006	Description	那掌管着末后七灾的七位天使，从圣殿出来，穿著清洁的白色麻衣，胸间束着金带。
45012014	Recommendation	祝福迫害你的人——祝福他们，而不是诅咒。
66001015	Description	他的双脚好像在活炉中炼过的亮光铜，声音好似震耳欲聋的瀑布。
43017026	Grace	我已经把你的性格显示给他们，还要再显示，让他们也能拥有你对我的爱，我将与他们同在。”
45008032	Grace	但上帝并未护住自己的儿子，而是为我们众人舍弃了他，难道他不会慷慨馈赠我们一切吗？
65001018	Sin	他们曾向你们解释：在末世，必有喜欢嘲弄之人，追随自己的邪恶欲望。
45011018	Recommendation	所以你不能看低其他树枝。如果你忍不住想要吹嘘，请记住并非你在滋养树根，而是树根在滋养你。
47001024	Faith	我们不希望命令你们与上帝的信仰，而是希望帮助你们获得欢喜的体验，因为你们对上帝的信仰让你们更坚定。
43011001	Description	在伯大尼有一位名叫拉撒路的病人，与他的姐妹玛利亚和马大住在一起。
52004008	Sin	所以拒绝这命令的人，并不是拒绝其他人嘞所说的，而是在拒绝将其圣灵赐给你们的上帝。
62004002	Faith	你们如何识别上帝的灵？凡是承认耶稣基督以人类的身形来到这世界，那灵就是来自上帝。
65001008	Sin	同样，这些梦想家污染了自己的身体藐视权威，毁谤神圣之人。
60003011	Recommendation	要远离邪恶，要做善事，寻找并追求和平。
51001023	Faith	但你们对他的信念，必须如磐石般持久，不动摇。不受动摇对福音希望。这福音你们已经听过，已传遍世界，这也是我保罗所做的工作。
43008059	Violence	于是他们捡起石头要去砸他。耶稣躲开他们，离开了圣殿。
49004024	Recommendation	拥有上帝创造的新天性，这样你就会像他一样，获得真理的正义和圣洁。
66014012	Faith	这意味着，信徒必须耐心地忍耐，遵守上帝的诫命，信靠耶稣。
44013030	Description	但上帝却使他死而复活。
43010011	Description	我就是那善良的牧羊人，愿意为羊放弃自己的生命。
49003002	Grace	（我想你们可能听说过，上帝已经赋予我责任，要我与你们分享上帝的恩典），
56003010	Recommendation	警告哪些曾造成不和的人，就像之前说的那样，之后就不要在关注他们了。
43010019	Description	听完这番话，犹太人再次分成了两派意见。
43003033	Faith	接受他的见证，就代表你确认上帝的真实。
61003014	Recommendation	所以我的朋友们，既然你已经预料到这一切，请确保在看到你时，你是纯洁而无可指责的，与上帝和平相处。
53003001	Faith	最后，兄弟姐妹们，请为我们祷告，让主之道可以传开并被人们真正地接受，就像你们所做的那样。
47004014	Faith	因为知道上帝让主耶稣死而复生，也必定让我们与耶稣一同复活，将我们和你们一起呈献在他的面前。
59005014	Recommendation	你们中间有人患病吗？那就请教会的长老来，让他们奉主的名为他抹油祈祷。
44007023	Description	但到了四十岁那年，他决定去造访自己的同胞以色列人。
44023027	Violence	犹太人把这人捉住并打算杀害他，我听说他是罗马公民，就带领士兵把他救了出来。
44019029	Description	全城陷入大骚动，他们捉住了与保罗同行的马其顿人该犹和亚里达古，一起冲进了剧场。
44003014	Sin	你们拒绝接受一位善良的圣者，反倒要求释放一名杀人犯。
44015009	Faith	上帝绝不会将我们和他们区别对待。因为他们相信上帝，所以上帝洁净了他们的思想。
46011028	Recommendation	每个人在吃饼和饮这杯中酒时，都应该内省。
46015058	Faith	所以我亲爱的兄弟姐妹们：要坚强，不可动摇，要尽你所能服务于主。要知道，你所做的一切，在主那里都不会付诸东流。
46004016	Recommendation	所以我请求你们，一定要效法我。
46001021	Faith	既然上帝在他的智慧中允许世界在其智慧中不认识上帝，这是神的恩典计划，通过这愚昧的好消息，那些相信他的人将得到拯救。
60003001	Recommendation	妻子们，你们要以同样的方式接受丈夫的权威，只有这样，如果有些丈夫拒绝接受这个词，你仍然可以用无言的行为说服他们，
47005020	Recommendation	因此，我们就是基督的使者，上帝通过我们劝告世人：“请求你们，难道不希望回归、与上帝为友吗？”
44002024	Description	但上帝让他起死回生，无需遭受死亡的痛苦，因为死亡没有困住他的力量。
59002007	Sin	难道不是他们亵渎那个人的荣耀名字吗？是那个人向你们发出召唤，你们也属于他。
54003003	Description	他应该不好酒、不暴力，而是要温和，与人无争或者不贪财，
43004014	Grace	但如果喝了我给的水，就永远不会渴。我所赐的水会在他们的体内成为流淌的泉，让他们获得永恒。”
62002005	Faith	但那些遵守上帝之道的人，他的爱便把他们的头脑充满。这样我们就知道，我们便与他同在。
66016013	Description	我看见三个邪灵，好像青蛙从龙口、兽口和假先知的口中出来。
59002008	Recommendation	如果你们遵守经书的尊贵法律：“要爱邻如己”，你们就做对了。
47004005	Faith	我们并不是宣扬自己，而是在传播耶稣基督就是主，事实上，我们因耶稣的缘故成了你们的仆人。
46015033	Recommendation	不要再被欺骗了，“坏朋友会破坏好品德。”
58013020	Grace	那赐平安的上帝，是他用永恒约定的血让我们的伟大牧羊人、主耶稣死而复生。
50001027	Recommendation	只要确保你的生活方式符合基督的福音，无论我是否去看你们，都能听到你们在做什么——我知道你们彼此完全一致，因相信福音而共同努力，精神上就实现了团结一致。
46006014	Grace	上帝凭借其力量让主复活，也要用同样的力量让我们复活。
55001006	Recommendation	因此我想要提醒你，那时候我对你按手，你要把上帝借此赠给你的恩典礼物，赋予更多的力量。
60004006	Grace	这样虽然他们作为有罪之人受到正确的审判，但对上帝而言，他们可以活在灵中。
46007023	Recommendation	上帝已经买下了你们，所以不要做人的奴仆。
46010010	Recommendation	我们不要像他们中的某些人那样埋怨上帝，最终亡于毁灭天使手中。
47002017	Faith	我们不像大多数人那样，用上帝之道谋取利益。相反，我们真心诚意分享上帝之道，知晓上帝正在观察我们。
45015001	Recommendation	我们这样虔诚之人应该支持心灵软弱之人。而不只是取悦自己。
50002024	Faith	我相信主，很快我也能去。
66007001	Description	然后我看见四位天使站在地的四角，控制着四个方向的风，防止风吹在地面、海面和树上。
60004003	Sin	过去你已经用足够的时间追随世俗：不道德、性放纵、醉酒狂欢、聚会、酗酒和令人反感的偶像崇拜。
66011005	Violence	如果有人想要伤害他们，就有火从他们口中喷出，烧死他们的敌人。凡是想要伤害他们的，都会被杀死。
44023005	Recommendation	保罗说：“兄弟们，我不知道他是大祭司。因为经文中说：‘不可咒诅民众的统治者。’ ”
66022015	Sin	城外的就是狗，行巫术的，淫乱的，杀人的，拜神像的，以及一切爱编造谎言的人。
66002014	Sin	但有几件事我要责备你们：你们中有些人坚持巴兰的教义，这巴兰曾指使巴勒，让以色列的子孙吃祭过神像的食物，做淫乱之事，让他们掉入陷阱。
53001003	Faith	兄弟姐妹们，我们始终都因你们而感谢上帝，我们衷心地感谢你们。因为你们对上帝的信正在快速增加，你们彼此相爱的心也在增加。
46012002	Sin	你们知道，当你们还是异教徒的时候，你们总是受到欺骗，去膜拜那不能说话的神像。
49005025	Recommendation	丈夫应该爱自己的妻子，像基督爱教会并为教会舍弃自己的生命。
45012017	Recommendation	不要以恶报恶。向所有人展示你正在行善，
60005006	Recommendation	在上帝强大的手面前要谦卑，这样他就会在适当的时候把你举起来。
44014017	Grace	尽管如此，他仍然通过行善事留下证明，向你们送来天堂之雨和四季的作物，为你们提供所需的食物，为你们心中带来快乐。”
54003011	Recommendation	他们的妻子也要庄重，不应用闲话中伤他人，应该有节制，所做的一切都应该值得信任。
66002021	Sin	我曾给她时间悔改，她却不肯为其淫行悔改。
44012020	Description	此刻的希律对推罗和西顿人充满了愤怒。这两个地方的人派了一个联合代表团来见他，设法拉拢了国王的个人助理伯拉斯。这个代表团希望向希律求和，因为这两地在粮食供应商都依赖希律的国家。
43008049	Sin	耶稣回答：“我不是魔鬼附体。我尊敬我父，你们却侮辱我。
43006018	Description	忽然海上刮起狂风，巨浪翻滚。
45008018	Faith	但我深信，相比未来将显示给我们的荣耀，我们现在所受之苦根本不值一提。
62002012	Grace	亲爱的朋友们，我写信给你们这些孩子，因为你们的罪已通过主的名得到赦免。
55001009	Grace	他拯救了我们，呼唤我们过圣洁的生活，但不是通过我们的所作所为，而是通过上帝自己的计划，通过他的恩典。
43019006	Violence	牧师长和差役看见耶稣，就喊叫说：“把他钉上十字架！把他钉上十字架！”彼拉多对他们说：“你们自己把他带去钉十字架吧，我不认为他有什么罪。”
60001010	Grace	先知们说道为你们准备的恩典时，他们寻找和研究的也正是这样的救赎。
63001007	Sin	我告诉你们这些，是因为许多欺骗者已经离开，到外面的世界去了。他们不接受耶稣基督是以人的身份来的。任何像这样的人都是欺骗者和反基督者。
44024005	Sin	我们发现这个人就像瘟疫一样，他煽动普天下的犹太人叛乱，还是拿撒勒派的头目。
54003016	Grace	关于上帝所显化的真相真惊人，这一点毫无疑问。他以人的形态让我们知道他，灵是他的证明，天使看到他，向各国宣布，世界相信他，他为此获得荣耀。
66016021	Violence	大冰雹从天而落，每块重约五十公斤，砸在人身上。由于这冰雹的灾，人们便诅咒上帝，因为这灾太严重了。
61003013	Faith	但对我们而言，我们正在寻找上帝所承诺新天和新地，那里的一切都如此良善正直。
66006014	Description	天空退却如一本书卷起来；山峦和岛屿从原处移动。
58010010	Grace	我们通过这约定，借着耶稣基督一次献上他的身体，就已获得神圣。
52001002	Faith	我们始终因你们众人而感谢上帝，祷告的时候从未遗忘你们，
66006004	Violence	一匹红马出来，骑马之人获得一把大刀，还有从地上夺去和平的权力，让人们互相残杀。
54006001	Recommendation	作为奴仆，应当知道其主人值得尊重，避免玷污上帝之名和基督徒的信仰。
51003009	Recommendation	不要彼此说谎，因为你们已经摆脱旧我和旧行，
66002020	Sin	但有件事我要责备你们：你们允许那自称是先知的妇人耶洗别，教导和引诱我的仆人们行淫乱，吃祭过神像的食物。
48003008	Grace	经文中预言到，上帝会让那些信他的异族人成为正直善良之人。已经提前通过这句话向亚伯拉罕展示福音：“所有国家都因你获得祝福。”
58012005	Recommendation	你们可曾忘记上帝好像劝自己孩子的话，说：“我的孩子！不可轻看主的管教，受责备的时候也不要灰心；
58013017	Recommendation	遵从你的领导，按照他们的吩咐去做，因为他们关心你并为你负责。通过这种方式行事，让他们可以快乐——而不是悲伤地做这件事，因为这对你没有帮助！
44013019	Description	上帝在消灭了迦南七国后，就把那片土地分给以色列人的祖先，让他们代代继承，这样又过了 450 年。
54006003	Faith	有的人会传授不同的信仰，不听从善意建议，尤其是我们主耶稣基督纯之道，以及上帝的真正教诲。
63001010	Recommendation	如果有人来到你面前，没有展示基督教导的证据，不要接纳他们，也不要问候他；
47001005	Grace	我们越多承受基督所受的痛苦，就会获得更多基督的抚慰。
65001011	Sin	他们现在面对可怕的灾祸，因为他们走上了该隐的道路，就像巴兰和他的妄想，他们出于利益的动机而放弃了自己。就像可拉和他的叛乱，他们毁灭了自己。
65001010	Sin	但这些人嘲笑他们不理解的东西；而他们理解的东西却像不思考的动物一样本能地追随--这就是摧毁他们的原因。。
58011007	Faith	诺亚信上帝，所以上帝向他警告一些之前从未发生过的事情。因为诺亚非常重视上帝的话，所以建造了一艘方舟拯救自己的家人。通过信上帝，诺亚表明世界是错的，作为奖励，上帝确认他正直良善。
58009006	Description	这一切物件都这样预备好了，祭司会进入第一个圣幕房间，履行他的职责。
44007051	Sin	你们这些心肠冰冷的傲慢之人呐！你们从不聆听！你们总是抗拒圣灵！你们的行为就和你们的祖先一模一样！
54001009	Sin	我们也知道律法本来不是为良善正直的好人而设，而是为那些无法无天、忽视法律的人而设。它适用于那些不需要上帝、不虔诚、从不圣洁形式、完全不虔诚的人。它适用于那些弑父杀母的人、杀人犯、
46005009	Recommendation	我以前曾写信告诉你们，不可与淫乱之人来往。
48001015	Grace	但当上帝在我出生时就让我与他人有所区别，他通过其恩典呼唤我，并很高兴地
45007015	Description	我不明白自己在做什么，做着自己不想做和厌恶的事情，这就是我所做的！
61003018	Faith	愿我们的主以及救世主耶稣基督的恩典和知识，愿你们获得成长。愿荣耀归于他，无论现在还是永远！阿门。
46004010	Description	我们是基督的愚人，但与上帝同在的你却如此智慧。我们软弱，你们强壮！你们受人尊敬，我们被瞧不起！
60005009	Faith	要坚定地反对他，相信上帝。记住，世界各地其他和你一样的信徒，也正在经历类似的问题。
51003022	Recommendation	你们作仆人的要凡事听从人类主人，做事不要只是为了让主人看，而是要真诚地尊重主。
66017012	Description	你看见的那十角就是十个尚未开始统治的王。他们会获得与兽一起作为王统治的权力，持续一小时。
46002012	Grace	我们从上帝那里领取的不是人世之灵，而是来自上帝的灵，这样我们才能理解上帝的慷慨馈赠到底是什么。
59005001	Recommendation	你们富人哪！你们应为将降临你们头上的灾祸哭泣哀号。
66002010	Recommendation	不要害怕将要受到苦。是的！魔鬼将考验你们，把你们中的有些人投入监牢，你们要受患难十天。你们要保持忠诚，即使那意味着死亡，我就会把生命的冠冕赐给你。
54006011	Recommendation	但你是上帝之人，应该远离这些事，要追求做善良正直的事情，真正做到虔诚，相信上帝。要去爱，要忍耐和温柔。
59005005	Sin	你们在世上尽情享受奢华的生活，将自己变得肥胖，不过是等待屠宰之日的到来。
66004004	Description	宝座周围另有二十四个王座，上面坐着二十四位长老，身穿白衣，头戴金冠。
66018007	Description	就像她对自己的吹嘘和放纵自己的欲望一样，给她的回报也是一样的痛苦和悲伤。。她告诉自己：‘我如女王统治，我不是寡妇，决不会感到悲伤。’
60003007	Recommendation	丈夫们，同样当你和妻子生活在一起，要去体谅她们。虽然她可能没有你那么强有力，但应该尊重她，因为她将与你平等地继承上帝赐予的生命。一定要这样做，这样你在祈祷的时候就不会受到妨碍。
54002012	Recommendation	我不允许女人成为引导者，或去控制男人；她们应该保持安静。
46001009	Faith	上帝值得我们信赖，他呼唤你们，就是为了你与他的儿子、我们的主耶稣基督同在。
48005013	Recommendation	我的兄弟姐妹们，呼唤你们追寻自由！但不要用自由为借口来放纵你们有罪的人性——而是要在爱中互相服务。
59002012	Recommendation	你们的语言和行为，应该像那些受自由律法审判之人。
46012005	Faith	侍奉职责有很多种类，但都来自同一位主；
45009005	Description	他们就是我们的祖先，从人类角度来说就是基督的祖先，是掌管一切、永远受祝福的上帝。阿门。
47001006	Description	如果我们身处不幸，那是为了能获得抚慰和拯救。如果我们获得抚慰，你也会获得抚慰，让你能够耐心地熬过我们所受的痛苦。
47001021	Faith	上帝赐予你我所有人内在的力量，坚定地与基督同在。他已经指认了我们，
44010015	Recommendation	那声音又对他说：“上帝已让它洁净，不可称其不洁！”
66018009	Sin	地上的众王跟她一同行邪淫, 骄奢无度，看见焚烧她的烟，就会为她痛哭捶胸。
43014023	Faith	耶稣回答：“若爱我之人就会遵守我所说的话，我父必定也爱他，我们就会来此，他们的家就是我们的家。
62004010	Grace	这就是爱！不是我们爱上帝，而是上帝爱我们，派他的儿子与我们的罪达成和解，
62001007	Faith	但如果我们生活在光中，就像他在光中，我们就彼此分享友谊，他儿子耶稣的血就会让我们洁净，脱离所有罪。
48004007	Grace	你们现在已经不再是奴隶，而是孩子。如果你是上帝的孩子，上帝就已经让你们成为他的继承人。
58001008	Faith	但是说到他的儿子，他说：“上帝啊！你的宝座必将永恒存在，你王国的权杖是公平的权杖。
43010033	Sin	犹太人回答：“我们打你不是因为善事，而是因为你说了忤逆上帝之语；你不过凡人一个，竟敢自称上帝。”
66014011	Description	他们痛苦的烟向上冒，直到永远。那些膜拜野兽和兽像的，以及接受其名字记号的人，日夜得不到安宁。”
47004001	Faith	那么，上帝凭借其悲悯给予我们新方法，与他建立联系，我们就不能放弃。
58013006	Faith	所以我们可以自信地说：“主来帮助我，我决不害怕，别人能把我怎么样呢？”
45014003	Recommendation	什么都能吃的人不能小看吃素之人，吃素之人也不要批评什么都能吃之人——因为他们都可以被上帝所接纳。
45015005	Grace	在追随基督耶稣的过程中，愿那赐予我们忍耐和鼓励的上帝帮助你们团结一心，
58007027	Description	他不必像那些大祭司，天天先为自己的罪献祭，然后为人民的罪献祭；因为他献上了自己，就把这事一次而永远地做完了。
62003017	Sin	如果你们有人在这世上生活的很富有，看见其他基督徒兄弟姐妹生活穷乏，却从未显示怜悯，又怎能说你心中有上帝的爱呢？
47005008	Faith	正如我所说，我们充满信心地期盼着远离这身躯，与主同在。
60002011	Recommendation	我的朋友们，作为这个世界上的外族人和陌生人，我恳求你们不要屈服于那与灵冲突的物质欲望。
60002017	Recommendation	要尊重众人，向信徒社区表达你的爱，要尊重上帝，尊敬君王。
44007025	Description	摩西以为，他的以色列同胞们知道上帝将通过他拯救他们，但此时他们对此一无所知。
50003002	Violence	小心那些狗！警惕那些做坏事的人！小心那些切割身体之人！
56001016	Sin	他们声称知道上帝，行为却显示并非如此。他们是可憎的、悖逆的，做任何善事都毫无用处。
45010002	Faith	我可以证明他们对上帝的热情奉献，但这并未基于真正了解他。
47001004	Grace	上帝在我们经历的所有苦难中抚慰我们，让我们可以用他所赐的抚慰，抚慰其他置身苦难之人。
55002015	Recommendation	务必要努力工作，这样你就可以在上帝面前展示自己，获得他的称许。要做一名无愧的工人，正确地讲解真理之道。
53002004	Description	这样的人以上帝为敌，将自己抬高自己，高于被称为上帝和受人敬拜的一切。他甚至坐在上帝的宫殿中，自称为上帝。
49006004	Recommendation	父亲们，不要让你们的孩子变得疯狂，而是要管教他们，教导他们认识上帝，用这种方式照顾他们。
45008037	Grace	不会的。对于发生在我们身上的一切，爱我们的耶稣让我们可以战胜一切。
44026014	Violence	我们都伏倒在地，然后我听见有声音用希伯来语对我说：‘扫罗啊，扫罗！你为什么迫害我？你是很难对抗我的！’
66002009	Sin	我知道你们经历的困苦和贫穷，但你们却是富足的。我也知道那些自称犹太人说出的毁谤，其实他们不是犹太人，而是撒旦的党羽。
46013006	Faith	爱不会因罪恶而喜悦，只喜欢真理。
59001021	Recommendation	所以要摆脱一切污秽和邪恶，谦卑地接受植入你们心中的道，因为这道能拯救你们。
46003006	Grace	我负责栽种，亚波罗负责浇灌，但只有上帝才能让它生长！
66014008	Sin	又有第二位天使接着喊道：“伟大的巴比伦崩塌成废墟！她使所有的国家都喝了她的性罪之酒，使上帝愤怒地反对他们。。”
43015014	Recommendation	你们听从我的吩咐，就是我的朋友。
62005021	Recommendation	亲爱的朋友们，要远离那些神像崇拜。
55003006	Sin	他们这种人会偷偷潜入别人家中，操纵脆弱的妇女。这些妇女背负罪的负担，被各种私欲所累，
49004015	Faith	相反，要用爱心说实话，应该通过基督实现全面的成长，他就是我们的头。
49004003	Faith	通过将你们联系在一起的平安，尽其所能在灵里合而为一。
44009005	Description	他说：“主啊，你是谁？” 主说：“我就是你所迫害的耶稣。
60003015	Recommendation	你们的思想要专注于基督主。随时准备好，如果有人向你询问你所拥有的的希望，要向他们解释，以温和尊重的方式解释。
44007033	Recommendation	主对他说：‘脱掉你的鞋，因为你站在圣地。
62002024	Faith	至于你们，务必要始终生活在从最初便听到一切；如果你生活在从最初听见的一切，也就住在父和子之中。
43008051	Faith	告诉你们实话，遵守我的教导将永远不会死去。”
66020011	Description	然后我看到一个白色的大宝座，以及坐在上面的那位。天地都消失了，再也看不见了。
46006013	Recommendation	食物是为了肠胃，肠胃是为了食物，但上帝却会废掉这两者。同样，身体的存在不是为了淫乱，而是为了主而存在。同样，主也是为了身体而存在。
45006011	Faith	同样，你应该认为自己已因罪而死亡，通过基督耶稣因上帝而复活。
47002014	Faith	但赞美上帝，他总是在基督里带领我们进行胜利的游行。无论我们身在何处，都能通过我们传播上帝知识的芬芳气息。
62001005	Grace	上帝是光，在他那里完全没有黑暗。这就是我们从他那里获得的、现在向你们宣讲的信息。
43006037	Grace	天父赐给我之人必会走向我，我决不拒绝任何一人。
58013001	Recommendation	愿兄弟姐妹之间的爱永远保持！
58007025	Grace	因此，他能拯救那些通过他来到上帝面前之人；因为他永远活着，会为他们代求。
43019015	Violence	他们就喊叫起来：“杀了他！杀了他！把他钉上十字架！” 彼拉多问他们：“你们想要把你们的王钉上十字架吗？” 牧师长回答：“除了凯撒，我们没有王！”
45011005	Grace	如今也是同样的情况：仍然有虔诚之人留下来，那是上帝恩典所选之人。
66017002	Sin	地上的众王都曾与她行淫，住在地上的人也因喝她淫乱的酒而醉。”
45012010	Recommendation	像爱你的家人一样对彼此奉献，重视他人胜过自己。
45008014	Faith	所有被上帝之灵引导的人都是上帝之子。
66012003	Description	天上又出现了另一个景象。有一条巨大的七头十角红龙，头上戴着七个皇冠。
45008017	Faith	如果我们是他的孩子，便是他的继承人。我们是上帝的子孙，与基督一样的子孙。但如果你想分享基督的荣耀，就必须也分享他的痛苦。
54005017	Recommendation	那些引导教会的长老，他们的价值应该加倍，尤其是那些进行讲道和传授工作的长老
46008007	Sin	但并非所有人都有这种“知识”。有些人已经习惯了拜神像，所以当他们食用祭奉神像的食物时，他们软弱的良心就被污染了。
43015002	Grace	我的枝杈如果不结果子，他就会将其剪去，他修剪结果子的枝杈，让它结更多的果子。
60005003	Recommendation	不要狂妄自大，凌驾于被你照顾之人之上，而是要成为羊群的榜样。
52004013	Recommendation	兄弟姐妹们，关于人们死去后发生什么，我们不想让你们感到困扰，所以你们不用向其他没有希望的人那样感到悲伤。
58011029	Description	因为信上帝，他们走过了红海，好像走过旱地一样；埃及人也试着要过去，就被淹没了。
44007020	Description	就在那时候，摩西降生了。他生来俊美，在父亲家中被照顾了三个月。
58005002	Grace	大祭司理解那些无知和迷途之人的感受，因为他自己也曾体验那人类的软弱。
45013012	Recommendation	夜已深，白昼即将来临！让我们摆脱黑暗的行为，披上光明的盔甲。
49006009	Recommendation	主人应该以同样的方式对待你的仆人。不要威胁他们，记得天上的主是你的主人，也是他们的主人。他对人一视同仁，没有偏袒。
45012015	Recommendation	与快乐之人一起快乐，与哭泣之人一起哭泣。
45002005	Sin	因为你们的铁石心肠和不肯悔改，当上帝的审判彰显绝对良善正直的那一天，你们会让自己陷入更大的痛苦之中。
44014019	Violence	但有些来自安提阿和以哥念的犹太人，成功挑唆民众用石头打保罗，然后以为他死了，就把他拖到城外。
43013021	Description	耶稣说完这番话，深感难过，于是大声说：“告诉你们实话，你们中间有一个人要出卖我。”
48003022	Faith	但经文告诉我们，我们都是罪的囚徒。我们能接受上帝承诺的唯一方法，就是相信耶稣基督。
66011007	Violence	他们完成其见证时，那从深渊上来的野兽就会与他们作战，战胜他们并将其杀死。
58003014	Faith	如果我们把最初对上帝的信念坚持到底，我们就是基督的伙伴了。
45008010	Faith	但如果基督常驻你的心中，即使你的身体因罪恶而死去，这灵也会赐予你生命，因为上帝视你为正义。
44007052	Sin	哪位先知没有遭受你们祖先的迫害？先知预先告知那真正善良正义之人即将到来，于是就被杀害。现在，那善良正义之人又被你们背叛和谋杀。
48005021	Sin	嫉妒、醉酒、大吃大喝等等。我之前警告过你们，现在再次警告：任何做出这种行为的人，都无法继承上帝之国。
43012036	Faith	趁着还有光，你们应该相信他，这样你们就会成为光明的儿女。”说罢，耶稣就离开并躲开了他们。
58003002	Faith	在他被选去做的事情中，他忠于上帝，就像摩西在上帝之家忠于上帝。
56003006	Grace	通过我们的救世主耶稣基督，将圣灵大量倾注于我们身上。
44004036	Description	有一个叫做约瑟的利未人，生在塞浦路斯，使徒称他为巴拿巴（意为鼓励之子）。
48006009	Recommendation	要永不厌倦、永不放弃地行善，最终会获得收获。
48002019	Faith	通过律法，我因律法而死，这是为了上帝而活。
66011001	Recommendation	有人给我一根量尺，告诉我：“你起来量一量神的殿和祭坛，数一数在那里敬拜的人。
66014004	Description	这些人没有与妇女一起让自己玷污，他们在精神上是纯洁的。无论羊羔去哪里，他们都会跟随。这些人是从世人中兑换而来，作为初熟之果交给上帝和羊羔。
66009007	Description	蝗虫的样子就像一匹匹战马，头上戴的仿佛金冠冕，脸像人的面孔，
60002016	Recommendation	是的，你们是自由的人，但不要用自由掩饰邪恶，要像上帝的仆人一样生活。
54004010	Faith	我们工作和尽其所能的原因，就是因为我们的希望就在于永生的上帝。他是所有人的救世主，尤其对于那些相信他之人更是如此。
58010029	Sin	何况是践踏上帝之子，无视那让他圣洁的立约之血，把它当作俗物，滥用恩典之灵，你们想想，他会遭受怎样的惩罚？
43020021	Grace	耶稣又对他们说：“愿你们平安。天父怎样派我来，我也怎样派遣你们。”
65001016	Sin	这样的人总是在发牢骚，总是在抱怨。他们追随自己的邪恶欲望，自吹自擂，通过奉承他人获得他们想要的东西。
66006015	Description	地上的君王、领袖、富人、权贵和所有奴隶或自由之人，都藏在洞穴以及山峦的岩石之中。
66021008	Sin	但那些胆怯的、不信我的、做出可恶事情的、杀人的、淫乱的、行邪术的、拜神像的和所有说谎的人，他们选择的地点就是那烧着硫磺的火湖。这就是第二次的死亡。”
44022016	Recommendation	起来受洗去吧，呼唤他的名，洗净你的罪吧。’
66009008	Description	头发好像女人的长发，牙齿好像狮子；
55002024	Recommendation	但主的仆人决不能争斗，而是要温和对待所有人，能够教导，保持耐心，
51002005	Faith	我的身体虽然没有和你们在一起，灵却与你们同在。很高兴看见团结在一起，坚定地信基督。
60003012	Sin	因为主只会看到那些正确做事的人，他的耳朵会听到他们的祈祷；但主会反对那些作恶之人。”
53002013	Faith	但主所爱的兄弟姐妹们，我们应该一直感谢上帝，因为上帝从最初就选择了你们，通过其灵拯救你们，让你们变得正直良善，相信正道。
66022011	Recommendation	那些不做正确事情之人，让他们保持那样。那些不纯洁的人，让他们保持那样。那些做正确事情之人，让他们保持那样。那些圣洁的人，让他们保持那样。”
44002038	Faith	彼得说：“悔改！所有人都要以耶稣基督之名受洗，以便你们的罪获得救赎，这样就能获得圣灵馈赠。
52005015	Recommendation	任何人都不能以恶报恶，而是要始终对彼此、对所有其他人做善事。
45001027	Sin	同样，男人也放弃了与女人之间的性爱，转而对彼此燃起欲火，男人与男人做出可耻行径。他们堕落的后果必会令其遭受苦痛折磨。
50002018	Recommendation	就像你们有这样的欢喜，因为和我在一起而感到高兴。
44003019	Recommendation	所以你们应该忏悔，改邪归正，这样才能让你们的罪一笔勾销，主才能为你们送来治愈和恢复的机会，
66021025	Description	城门白天决不关闭。在那里并没有黑夜。
43006054	Faith	食我肉、饮我血才能永生，我会在末日让他们复活。
43019011	Sin	耶稣说：“如果不是从上天给你的权力，你就无权惩办我，因此，把我交给你的那人，罪更重。”
59002017	Faith	如果你事实上没有做良善正确的事情，你对上帝信的本身也是死的，毫无价值的。。
45008003	Sin	因我们的罪恶天性，律法也无能为力的，但上帝却能做到！他派来自己的儿子，以人类之形解决了所有的罪恶问题，摧毁我们罪恶人性中罪的力量。
60003014	Recommendation	就算你们因做了正确之事而受苦，也是有福的。不要害怕别人的威胁，不要畏惧。
51003021	Recommendation	你们作父亲的不要激怒儿女，免得他们丧失信心。
66018002	Sin	他用强有力的声音呼喊：“伟大的巴比伦倾倒为废墟！她已成为恶魔的住处，各样污灵的庇护所，一和一切不洁可憎之鸟的栖息地。
62002022	Sin	那么谁是在说谎？—— 就是那否认耶稣是基督的人。否认父和子，就是反基督。
46011027	Sin	因此，任何人如果以不光彩的方式吃主的饼，喝主的杯中酒，就是错对主的身体和主的血，应该感到罪恶感。
59002020	Faith	愚昧的人哪！你难道不知道，相信上帝却不做正义良善之事，并没有什么用处吗？
43018003	Description	这时候，犹大带着一队士兵，还有牧师长和法利赛人的守卫，拿着灯笼、火把、武器，来到园子里。
53003003	Grace	但主值得信赖，他将让你们更有力量，保护你们脱离邪恶之人。
44007021	Description	他被拋弃后，法老女儿把他捡了回去，当作儿子抚养。
66008005	Description	天使拿着香炉，用圣坛上的火把其填满，然后扔到大地；于是就有惊雷、闪电和可怕的地震。
66018003	Sin	因为各国都喝了她淫乱烈怒的酒，喝醉了；地上的君王与她行淫，世上的商人因她的挥霍发了财。”
44026021	Violence	犹太人就是因此在圣殿中捉拿我，想要杀我。
55004004	Sin	他们不再聆听真理，反倒流连于谬误。
43006064	Faith	但你们中却有人不信。”（耶稣从最开始就知道谁不信他，谁会背叛他）。
43013026	Description	耶稣回答：“我蘸一小块饼，把它给谁就是那个人了。”
54006020	Recommendation	提摩太，要保护好交给你的一切，不要关注那些冒充“知识”毫无意义空谈和争辩。
44017005	Violence	但犹太人却因此而倍感嫉妒，于是从集市中找来一群流氓，凑成团伙在城里面闹事。他们冲进耶孙的家中，到处寻找保罗和西拉，要把他们交给民众。
62005016	Sin	如果你看到其他基督徒兄弟姐妹犯下并不致命的罪，你应该祈祷，上帝会赐给有罪之人以生命。（但不能是致命的罪。有一种罪是致命的，我不是说人们应该这样祈祷。
43013020	Faith	告诉你们实话，迎接我所派遣的人，就是迎接我，迎接我，就是迎接派我来此之人。”
58012028	Faith	因此，我们既然获得了不能震动的国，就应该感恩，按照让上帝喜悦的方式，用虔诚敬畏的心事奉他；
44019013	Description	几个犹太人打着耶稣的名号四处驱鬼，向身上附着之人说：“我以保罗所言耶稣之名，命令你们出来。”
44015040	Grace	保罗则选了西拉，当他们离开时，信徒们将他们交托给主的恩典。
63001008	Recommendation	你们要小心，不要丢掉我们如此努力完成的工作，也不要丢掉你应该得到的一切。
66011006	Violence	他们有力量在其预言的时候关闭天空，不再下雨；有权力将水变成血，随时用各样灾难攻击大地，它们想要多少次都可以。
44008021	Sin	你不属于这里，这里的一切也不属于你，因为在上帝眼中，你的态度大错特错。
43017010	Faith	属于我的一切都属于你，你的一切也是我的，并且我因为他们获得了荣耀。
45003012	Sin	人人都背离了上帝，人人都在彻头彻尾地犯错。没有行善之人，一个都没有。
50002003	Recommendation	不要出于自私或骄傲的原因去做事，要谦虚地为他人着想，而不是为自己着想。
66001013	Description	灯台中间好像有一个人，看起来像是人子，身上穿着直垂双脚的长袍，胸间束着金带。
66022003	Faith	不再有任何咒诅。城里有上帝和羊羔的宝座，他的仆人都膜拜他。
60004007	Recommendation	一切即将结束！因此当你祈祷时，要清楚地思考并保持警觉。
44014026	Grace	从那里坐船返回安提阿，那里是他们旅程的起点，也是在那里受到上帝的恩典，致力于完成自己的使命，如今使命已经达成。
46007028	Recommendation	如果你已经结婚，这不是罪。如果处女出嫁，也不是罪。但在当今世界中，你可能会遇到很多困难，我不希望你们受这样的苦难。
49006012	Sin	我们不是在对抗人类的力量，而是在对抗超自然统治者和权力，它是这个世界的黑暗之主，是对抗天堂的邪恶精神力量。
59001005	Recommendation	你们如有人需要智慧，就询问上帝，他慷慨厚赐众人，从无保留。
52005019	Recommendation	不要遏制灵，
58009002	Description	会幕的第一个房间里有烛台、桌子和圣饼。这被称为 “圣地。”。
66003018	Recommendation	我建议你们从我这里购买由火精炼过得金子，这样你们才可能富足；穿上白衣，这样就能恰当地穿衣，不会赤身和感到羞耻；用药膏抹你们的眼睛，让你们可以看见。
62005013	Faith	我写这封信，就是要告诉那些相信上帝儿子之名的人，让你们可以确定自己拥有永恒的生命。
43007018	Faith	如果你讲述的是自己的想法，就是想要荣耀自己。但如果你只是为了让派你前来之人获得荣耀，这才是真诚，才不会存在谎言。
47004007	Grace	我们将这珍宝放在瓦罐中，显明这超强力量源自上帝而非我们。
45012019	Recommendation	亲爱的朋友们，不要想着报复，上帝自会审判。正如经文所说，“主说：‘我必伸张正义，我必报应。’ ”
43008054	Faith	耶稣回答：“如果我只获得自己的荣耀，那荣耀就不值一提；让我荣耀之人是上帝，正如你们所说的‘他就是上帝’。
45014020	Recommendation	不要因为食物争论不休，破坏上帝所做之事。万物皆洁净——错在因食物而冒犯别人。
43019040	Description	他们领走了耶稣的身体，照着犹太人的葬礼的规例，用细麻布和香料把他裹好。在耶稣钉上十字架的地方有一个园子，
58010034	Faith	你们同情那些遭监禁的人；你们的家业被抢夺的时候，又以欢喜的心接受，因为知道自己有更美长存的家业。
44013023	Grace	耶稣是大卫的后裔，是上帝之前承诺带给以色列的救世主。
46002009	Faith	正如经文所记：“上帝为爱他之人所准备的一切，乃眼不曾见过、双耳不曾听过、人思想未曾想过。”
45008011	Grace	如果你心中有那让耶稣死而复生的灵，让耶稣死而复生的上帝就会通过这灵，为你的死亡之躯赋予生命。
45008016	Faith	圣灵也同意我们就是上帝之子。
48006007	Recommendation	不要被愚弄，我们不能蔑视上帝，种瓜得瓜，种豆得豆。
45011022	Grace	你要知道上帝既良善又强硬。他对堕落之人非常严厉，但只要你相信他的良善，他就会良善对你，否则也会将你折断。
59005007	Recommendation	朋友们，耐心一些至主回归。想想农夫如何耐心等待田地中宝贵的收成，等着它们在秋霖春雨中生长。
55001016	Grace	愿主怜悯阿尼色弗一家，因为他多次照顾我，也不因我关入监牢而为耻；
62002028	Faith	我亲爱的孩子们，你们要住在主之中，以便在他出现时，我们就可以自信，不会在他到来的时候感到惭愧。
48005016	Recommendation	我建议你们跟随灵而行。不要满足你有罪的人性欲望。
54001015	Grace	你应该相信、所有人都应该接纳一句话。“基督耶稣降临世间，为了拯救罪人。”我就是其中最大的罪人。
49006010	Faith	最后，要通过主和他的能力保持强大。
46010012	Recommendation	所以如果你认为自己站得稳，要小心，免得跌倒！
58010014	Grace	因为他的一次献祭，就让那些圣洁之人永远成为正直良善。
43010031	Violence	犹太人再次拿起石头要打他。
46011003	Description	但是我希望你们理解，基督是男人的“头”，男人是女人的“头”，上帝是基督的“头。”
58011036	Violence	又有些人遭受了戏弄、鞭打，甚至捆锁、监禁；
58006019	Faith	这希望就像灵魂的锚，又确定又坚固，引领我们穿越帐幔走到上帝面前。
49005011	Recommendation	要与滋生于黑暗、毫无意义的事情撇清关系——要去揭露它们。
59004011	Recommendation	朋友们，不要互相毁谤；一个人如果批判其他信徒，谴责他们，就等于批判和谴责律法。如果你批判律法，就不会遵守律法，因为你扮演了审判律法的角色。
66021021	Description	十二个门由珍珠制成，每一个门都用一个珍珠打造。城里的街道是纯金的，好像透明的玻璃。
58003006	Faith	但是基督却是负责上帝之家的儿子。如果我们对所信仰的希望充满信心，我们就是神的家。。
45012009	Recommendation	爱必须真诚。憎恨一切邪恶，紧紧抓住善良。
66011013	Violence	就在那时，大地震发生了，那座城倒塌了十分之一，因地震而死的有七千人，其他人都很害怕，把荣耀归于天上的上帝。
48003020	Description	但如果只有一个人参与，就不需要中间人。上帝就是这个人！
43019010	Description	彼拉多对他说：“你不想对我说话吗？难道你不知道，我有权释放你，也有权把你钉上十字架吗？”
44008032	Description	他当时在读的那段经文是：“他像绵羊一样被牵走宰杀，又像羔羊一样在剪羊毛之人面前沉默无声，他一句话也不说。
44013021	Description	人们请求上帝为他们送来国王，上帝就把便雅悯部落中一个人派来为王，他是基士的儿子扫罗，统治了四十年。
56001010	Sin	因为周围有很多背叛者，他们说了很多没有意义的欺骗之语，尤其是来自奉行割礼的那群人。
44010012	Description	里面可以看到各种各样的动物、昆虫和飞鸟。
43017022	Grace	你赐给我的荣耀，我已经赐给了他们，使他们合而为一，像我们合而为一。
55001013	Faith	你从我这里学到好的建议，以之为模范予以效仿，心怀信任和爱耶稣基督的态度。
43002006	Description	附近有六口石罐，每口可盛 20 到 30 加仑的水，用于犹太人的洁净礼。
46015034	Recommendation	你们要保持理智，不要犯罪！你们中有的人不认识上帝，我这样说就是为了让你们羞愧。
49004002	Recommendation	不要为自己而自豪，要温柔且有耐心，通过爱表达对彼此的宽容。
65001023	Recommendation	在你力所能及的情况下，把他们从火中抢救出来。显示你的怜悯，但要非常小心，甚至要憎恨那些被罪恶人性污染的“衣服。”
45008028	Grace	我们知晓上帝已为爱他之人、蒙其召唤纳入其安排之人准备了一切。
45016019	Recommendation	人人都知道你们有多么忠诚，这让我满心欢喜。但我希望你们能知晓善良和纯洁，也能慧眼识别罪恶。
58009004	Description	里面有金香坛，有全部包金的“约柜”，柜里有盛着吗哪的金罐、亚伦那曾发芽的手杖和两块石头约板。
45003027	Faith	那么我们还有什么可夸耀的？绝对没有，没有任何解释的余地。那么为什么呢？难道是因为我们遵循了律法的要求？不是，是因为我们遵循了相信上帝的律法。
43014010	Faith	难道你不信我与天父彼此一体吗？我对你们所说的并非源于我，而是我体内的天父自己的言语。
44016022	Violence	民众纷纷攻击他们，裁判官剥去他们的衣服，下令对他们施以棍刑。
43013034	Recommendation	我现在要给你们一个新命令：要爱彼此，要像我爱你们的方式爱彼此。
47005001	Grace	我们知道，当我们所居住的人间“帐篷”被拆毁，我们就会获得上帝为我们准备的居所，并非人类建造，而是天上永存的居所。
43012044	Faith	耶稣大声说：“如果你相信我，那你所相信的不只是我，还有派我来此的上帝。
44009013	Description	但亚拿尼亚回答：“主啊，很多人都说起过这个人，他在耶路撒冷做了许多迫害你信徒的事，
55003002	Sin	那时人们只爱自己和钱财。他们会自夸、傲慢、亵渎、悖逆父母、忘恩负义、生活中不再有上帝。
45005009	Grace	既然他的死让我们成为良善正直之人，就可以确定，我们将在即将到来的审判中，因他而获得拯救。
45014014	Sin	在主耶稣的劝说下，我确信从礼仪的角度而言，任何食物都是洁净的。
54004006	Faith	如果你向兄弟姐妹们指出这些事，你就是基督耶稣的好仆人。相信真想，相信你所遵从的善行教诲，会让你获得力量。
