62003016	Faith	主為我們捨命，我們從此就知道何為愛；我們也當為弟兄捨命。
43013001	Grace	逾越節以前，耶穌知道自己離世歸父的時候到了。他既然愛世間屬自己的人，就愛他們到底。
58003017	Sin	上帝四十年之久，又厭煩誰呢？豈不是那些犯罪、屍首倒在曠野的人嗎？
60001014	Recommendation	你們既作順命的兒女，就不要效法從前蒙昧無知的時候那放縱私慾的樣子。
45011032	Grace	因為上帝將眾人都圈在不順服之中，特意要憐恤眾人。
66006006	Description	我聽見在四活物中似乎有聲音說：「一錢銀子買一升麥子，一錢銀子買三升大麥；油和酒不可糟蹋。」
59004010	Recommendation	務要在主面前自卑，主就必叫你們升高。
44017031	Grace	因為他已經定了日子，要藉着他所設立的人按公義審判天下，並且叫他從死裏復活，給萬人作可信的憑據。」
43019002	Description	兵丁用荊棘編做冠冕戴在他頭上，給他穿上紫袍，
54005014	Recommendation	所以我願意年輕的寡婦嫁人，生養兒女，治理家務，不給敵人辱罵的把柄。
43014011	Faith	你們當信我，我在父裏面，父在我裏面；即或不信，也當因我所做的事信我。
66020014	Violence	死亡和陰間也被扔在火湖裏；這火湖就是第二次的死。
58009026	Description	如果這樣，他從創世以來，就必多次受苦了。但如今在這末世顯現一次，把自己獻為祭，好除掉罪。
44013018	Description	又在曠野容忍他們，約有四十年。
46011033	Recommendation	所以我弟兄們，你們聚會吃的時候，要彼此等待。
66006012	Violence	揭開第六印的時候，我又看見地大震動，日頭變黑像毛布，滿月變紅像血，
58011035	Violence	有婦人得自己的死人復活。又有人忍受嚴刑，不肯苟且得釋放，為要得着更美的復活。
44016037	Violence	保羅卻說：「我們是羅馬人，並沒有定罪，他們就在眾人面前打了我們，又把我們下在監裏，現在要私下攆我們出去嗎？這是不行的。叫他們自己來領我們出去吧！」
45013009	Recommendation	像那不可姦淫，不可殺人，不可偷盜，不可貪婪，或有別的誡命，都包在愛人如己這一句話之內了。
62003003	Faith	凡向他有這指望的，就潔淨自己，像他潔淨一樣。
45007022	Faith	因為按着我裏面的意思，我是喜歡上帝的律；
50004004	Recommendation	你們要靠主常常喜樂。我再說，你們要喜樂。
66001012	Description	我轉過身來，要看是誰發聲與我說話；既轉過來，就看見七個金燈臺。
58003018	Sin	又向誰起誓，不容他們進入他的安息呢？豈不是向那些不信從的人嗎？
43010008	Sin	凡在我以先來的都是賊，是強盜；羊卻不聽他們。
60002018	Recommendation	你們作僕人的，凡事要存敬畏的心順服主人；不但順服那善良溫和的，就是那乖僻的也要順服。
44006013	Description	設下假見證，說：「這個人說話，不住地糟踐聖所和律法。
47005018	Faith	一切都是出於上帝；他藉着基督使我們與他和好，又將勸人與他和好的職分賜給我們。
59005010	Recommendation	弟兄們，你們要把那先前奉主名說話的眾先知當作能受苦能忍耐的榜樣。
44002021	Faith	到那時候， 凡求告主名的，就必得救。
66007012	Faith	說： 阿們！頌讚、榮耀、智慧、 感謝、尊貴、權柄、大力 都歸與我們的上帝， 直到永永遠遠。阿們！
60003003	Recommendation	你們不要以外面的辮頭髮，戴金飾，穿美衣為妝飾，
55001008	Faith	你不要以給我們的主作見證為恥，也不要以我這為主被囚的為恥；總要按上帝的能力，與我為福音同受苦難。
43017019	Description	我為他們的緣故，自己分別為聖，叫他們也因真理成聖。
66003002	Recommendation	你要警醒，堅固那剩下將要衰微的；因我見你的行為，在我上帝面前，沒有一樣是完全的。
66016004	Description	第三位天使把碗倒在江河與眾水的泉源裏，水就變成血了。
45005002	Faith	我們又藉着他，因信得進入現在所站的這恩典中，並且歡歡喜喜盼望上帝的榮耀。
49005005	Sin	因為你們確實地知道，無論是淫亂的，是污穢的，是有貪心的，在基督和上帝的國裏都是無分的。有貪心的，就與拜偶像的一樣。
58011008	Faith	亞伯拉罕因着信，蒙召的時候就遵命出去，往將來要得為業的地方去；出去的時候，還不知往哪裏去。
49005018	Recommendation	不要醉酒，酒能使人放蕩；乃要被聖靈充滿。
61002002	Sin	將有許多人隨從他們邪淫的行為，便叫真道因他們的緣故被毀謗。
49002018	Faith	因為我們兩下藉着他被一個聖靈所感，得以進到父面前。
44021025	Recommendation	至於信主的外邦人，我們已經寫信擬定，叫他們謹忌那祭偶像之物，和血，並勒死的牲畜，與姦淫。」
44005003	Sin	彼得說：「亞拿尼亞！為甚麼撒但充滿了你的心，叫你欺哄聖靈，把田地的價銀私自留下幾分呢？
49004014	Recommendation	使我們不再作小孩子，中了人的詭計和欺騙的法術，被一切異教之風搖動，飄來飄去，就隨從各樣的異端；
46006009	Sin	你們豈不知不義的人不能承受上帝的國嗎？不要自欺！無論是淫亂的、拜偶像的、姦淫的、作孌童的、親男色的、
58010025	Recommendation	你們不可停止聚會，好像那些停止慣了的人，倒要彼此勸勉，既知道那日子臨近，就更當如此。
51003005	Sin	所以，要治死你們在地上的肢體，就如淫亂、污穢、邪情、惡慾，和貪婪（貪婪就與拜偶像一樣）。
52005008	Faith	但我們既然屬乎白晝，就應當謹守，把信和愛當作護心鏡遮胸，把得救的盼望當作頭盔戴上。
55001007	Grace	因為上帝賜給我們，不是膽怯的心，乃是剛強、仁愛、謹守的心。
62002004	Sin	人若說「我認識他」，卻不遵守他的誡命，便是說謊話的，真理也不在他心裏了。
50002002	Faith	你們就要意念相同，愛心相同，有一樣的心思，有一樣的意念，使我的喜樂可以滿足。
43007030	Description	他們就想要捉拿耶穌；只是沒有人下手，因為他的時候還沒有到。
54006018	Recommendation	又要囑咐他們行善，在好事上富足，甘心施捨，樂意供給人，
43018030	Description	他們回答說：「這人若不是作惡的，我們就不把他交給你。」
45014006	Faith	守日的人是為主守的。吃的人是為主吃的，因他感謝上帝；不吃的人是為主不吃的，也感謝上帝。
45012012	Recommendation	在指望中要喜樂；在患難中要忍耐；禱告要恆切。
44024023	Description	於是吩咐百夫長看守保羅，並且寬待他，也不攔阻他的親友來供給他。
46013007	Description	凡事包容，凡事相信，凡事盼望，凡事忍耐。
47004013	Faith	但我們既有信心，正如經上記着說：「我因信，所以如此說話。」我們也信，所以也說話。
52005014	Recommendation	我們又勸弟兄們，要警戒不守規矩的人，勉勵灰心的人，扶助軟弱的人，也要向眾人忍耐。
66016010	Description	第五位天使把碗倒在獸的座位上，獸的國就黑暗了。人因疼痛就咬自己的舌頭；
48006016	Grace	凡照此理而行的，願平安、憐憫加給他們，和上帝的以色列民。
44018025	Faith	這人已經在主的道上受了教訓，心裏火熱，將耶穌的事詳細講論教訓人；只是他單曉得約翰的洗禮。
46010031	Recommendation	所以，你們或吃或喝，無論做甚麼，都要為榮耀上帝而行。
62002027	Recommendation	你們從主所受的恩膏常存在你們心裏，並不用人教訓你們，自有主的恩膏在凡事上教訓你們。這恩膏是真的，不是假的；你們要按這恩膏的教訓住在主裏面。
59002026	Faith	身體沒有靈魂是死的，信心沒有行為也是死的。
44027035	Description	保羅說了這話，就拿着餅，在眾人面前祝謝了上帝，擘開吃。
44015020	Sin	只要寫信，吩咐他們禁戒偶像的污穢和姦淫，並勒死的牲畜和血。
44023003	Sin	保羅對他說：「你這粉飾的牆，上帝要打你！你坐堂為的是按律法審問我，你竟違背律法，吩咐人打我嗎？」
45008001	Description	如今，那些在基督耶穌裏的就不定罪了。
52005009	Grace	因為上帝不是預定我們受刑，乃是預定我們藉着我們主耶穌基督得救。
66020008	Violence	出來要迷惑地上四方的列國，就是歌革和瑪各，叫他們聚集爭戰。他們的人數多如海沙。
46006011	Grace	你們中間也有人從前是這樣；但如今你們奉主耶穌基督的名，並藉着我們上帝的靈，已經洗淨，成聖，稱義了。
55001012	Faith	為這緣故，我也受這些苦難。然而我不以為恥；因為知道我所信的是誰，也深信他能保全我所交付他的，直到那日。
49006018	Faith	靠着聖靈，隨時多方禱告祈求；並要在此警醒不倦，為眾聖徒祈求，
52001001	Grace	保羅、西拉、提摩太寫信給帖撒羅尼迦在父上帝和主耶穌基督裏的教會。願恩惠、平安歸與你們！
50004005	Faith	當叫眾人知道你們謙讓的心。主已經近了。
46011026	Faith	你們每逢吃這餅，喝這杯，是表明主的死，直等到他來。
59005015	Faith	出於信心的祈禱要救那病人，主必叫他起來；他若犯了罪，也必蒙赦免。
55001003	Faith	我感謝上帝，就是我接續祖先用清潔的良心所事奉的上帝。祈禱的時候，不住的想念你，
66006016	Description	向山和巖石說：「倒在我們身上吧！把我們藏起來，躲避坐寶座者的面目和羔羊的忿怒；
66002017	Description	聖靈向眾教會所說的話，凡有耳的，就應當聽！得勝的，我必將那隱藏的嗎哪賜給他，並賜他一塊白石，石上寫着新名；除了那領受的以外，沒有人能認識。』」
61002003	Sin	他們因有貪心，要用捏造的言語在你們身上取利。他們的刑罰，自古以來並不遲延；他們的滅亡也必速速來到。
53002011	Sin	故此，上帝就給他們一個生發錯誤的心，叫他們信從虛謊，
45002024	Sin	上帝的名在外邦人中，因你們受了褻瀆，正如經上所記的。
55003008	Sin	從前雅尼和佯庇怎樣敵擋摩西，這等人也怎樣敵擋真道。他們的心地壞了，在真道上是可廢棄的。
66003019	Recommendation	凡我所疼愛的，我就責備管教他；所以你要發熱心，也要悔改。
45005001	Faith	我們既因信稱義，就藉着我們的主耶穌基督得與上帝相和。
54004016	Recommendation	你要謹慎自己和自己的教訓，要在這些事上恆心；因為這樣行，又能救自己，又能救聽你的人。
44026011	Violence	在各會堂，我屢次用刑強逼他們說褻瀆的話，又分外惱恨他們，甚至追逼他們，直到外邦的城邑。」
48005019	Sin	情慾的事都是顯而易見的，就如姦淫、污穢、邪蕩、
46003007	Grace	可見栽種的，算不得甚麼，澆灌的，也算不得甚麼；只在那叫他生長的上帝。
46001007	Faith	以致你們在恩賜上沒有一樣不及人的，等候我們的主耶穌基督顯現。
66014002	Description	我聽見從天上有聲音，像眾水的聲音和大雷的聲音，並且我所聽見的好像彈琴的所彈的琴聲。
44010043	Faith	眾先知也為他作見證說：『凡信他的人必因他的名得蒙赦罪。』」
45002007	Faith	凡恆心行善、尋求榮耀、尊貴和不能朽壞之福的，就以永生報應他們；
66001004	Grace	約翰寫信給亞細亞的七個教會。但願從那昔在、今在、以後永在的上帝，和他寶座前的七靈，
44019004	Faith	保羅說：「約翰所行的是悔改的洗，告訴百姓當信那在他以後要來的，就是耶穌。」
61002009	Violence	主知道搭救敬虔的人脫離試探，把不義的人留在刑罰之下，等候審判的日子。
58011016	Grace	他們卻羨慕一個更美的家鄉，就是在天上的。所以上帝被稱為他們的上帝，並不以為恥，因為他已經給他們預備了一座城。
54004007	Recommendation	只是要棄絕那世俗的言語和老婦荒渺的話，在敬虔上操練自己。
66020009	Violence	他們上來遍滿了全地，圍住聖徒的營與蒙愛的城，就有火從天降下，燒滅了他們。
44010048	Description	就吩咐奉耶穌基督的名給他們施洗。他們又請彼得住了幾天。
45002019	Grace	又深信自己是給瞎子領路的，是黑暗中人的光，
62002025	Grace	主所應許我們的就是永生。
59003017	Description	惟獨從上頭來的智慧，先是清潔，後是和平，溫良柔順，滿有憐憫，多結善果，沒有偏見，沒有假冒。
43003035	Faith	父愛子，已將萬有交在他手裏。
61003009	Grace	主所應許的尚未成就，有人以為他是耽延，其實不是耽延，乃是寬容你們，不願有一人沉淪，乃願人人都悔改。
46007007	Grace	我願意眾人像我一樣；只是各人領受上帝的恩賜，一個是這樣，一個是那樣。
46014001	Recommendation	你們要追求愛，也要切慕屬靈的恩賜，其中更要羨慕的，是作先知講道。
47004006	Grace	那吩咐光從黑暗裏照出來的上帝，已經照在我們心裏，叫我們得知上帝榮耀的光顯在耶穌基督的面上。
44018024	Description	有一個猶太人，名叫亞波羅，來到以弗所。他生在亞歷山大，是有學問的，最能講解聖經。
58013012	Grace	所以，耶穌要用自己的血叫百姓成聖，也就在城門外受苦。
56002015	Recommendation	這些事你要講明，勸戒人，用各等權柄責備人；不可叫人輕看你。
62004009	Grace	上帝差他獨生子到世間來，使我們藉着他得生，上帝愛我們的心在此就顯明了。
43017024	Grace	父啊，我在哪裏，願你所賜給我的人也同我在那裏，叫他們看見你所賜給我的榮耀；因為創立世界以前，你已經愛我了。
45003016	Sin	所經過的路便行殘害暴虐的事。
58004014	Faith	我們既然有一位已經升入高天尊榮的大祭司，就是上帝的兒子耶穌，便當持定所承認的道。
61001017	Grace	他從父上帝得尊貴榮耀的時候，從極大榮光之中有聲音出來，向他說：「這是我的愛子，我所喜悅的。」
46012011	Description	這一切都是這位聖靈所運行、隨己意分給各人的。
66008012	Description	第四位天使吹號，日頭的三分之一、月亮的三分之一、星辰的三分之一都被擊打，以致日月星的三分之一黑暗了，白晝的三分之一沒有光，黑夜也是這樣。
44018017	Violence	眾人便揪住管會堂的所提尼，在堂前打他。這些事迦流都不管。
43010039	Violence	他們又要拿他，他卻逃出他們的手走了。
47004016	Faith	所以，我們不喪膽。外體雖然毀壞，內心卻一天新似一天。
43012003	Description	馬利亞就拿着一斤極貴的真哪噠香膏，抹耶穌的腳，又用自己頭髮去擦，屋裏就滿了膏的香氣。
58011009	Faith	他因着信，就在所應許之地作客，好像在異地居住帳棚，與那同蒙一個應許的以撒、雅各一樣。
50003017	Recommendation	弟兄們，你們要一同效法我，也當留意看那些照我們榜樣行的人。
48006002	Recommendation	你們各人的重擔要互相擔當，如此，就完全了基督的律法。
59002024	Faith	這樣看來，人稱義是因着行為，不是單因着信。
45009014	Faith	這樣，我們可說甚麼呢？難道上帝有甚麼不公平嗎？斷乎沒有！
45014001	Recommendation	信心軟弱的，你們要接納，但不要辯論所疑惑的事。
66012007	Violence	在天上就有了爭戰。米迦勒同他的使者與龍爭戰，龍也同牠的使者去爭戰，
49004026	Recommendation	生氣卻不要犯罪；不可含怒到日落，
60003009	Recommendation	不以惡報惡，以辱罵還辱罵，倒要祝福；因你們是為此蒙召，好叫你們承受福氣。
43008029	Grace	那差我來的是與我同在；他沒有撇下我獨自在這裏，因為我常做他所喜悅的事。」
49006014	Recommendation	所以要站穩了，用真理當作帶子束腰，用公義當作護心鏡遮胸，
66001020	Description	論到你所看見、在我右手中的七星和七個金燈臺的奧祕，那七星就是七個教會的使者，七燈臺就是七個教會。」
58002009	Grace	惟獨見那成為比天使小一點的耶穌；因為受死的苦，就得了尊貴榮耀為冠冕，叫他因着上帝的恩，為人人嘗了死味。
50002013	Grace	因為你們立志行事都是上帝在你們心裏運行，為要成就他的美意。
43015011	Grace	「這些事我已經對你們說了，是要叫我的喜樂存在你們心裏，並叫你們的喜樂可以滿足。
54001001	Description	奉我們救主上帝和我們的盼望基督耶穌之命，作基督耶穌使徒的保羅
54002009	Recommendation	又願女人廉恥、自守，以正派衣裳為妝飾，不以編髮、黃金、珍珠，和貴價的衣裳為妝飾，
43002015	Violence	耶穌就拿繩子做成鞭子，把牛羊都趕出殿去，倒出兌換銀錢之人的銀錢，推翻他們的桌子，
49002010	Grace	我們原是他的工作，在基督耶穌裏造成的，為要叫我們行善，就是上帝所預備叫我們行的。
60004012	Recommendation	親愛的弟兄啊，有火煉的試驗臨到你們，不要以為奇怪（似乎是遭遇非常的事），
66019007	Recommendation	我們要歡喜快樂， 將榮耀歸給他。 因為，羔羊婚娶的時候到了； 新婦也自己預備好了，
49006017	Recommendation	並戴上救恩的頭盔，拿着聖靈的寶劍，就是上帝的道；
44007024	Violence	到了那裏，見他們一個人受冤屈，就護庇他，為那受欺壓的人報仇，打死了那埃及人。
53003013	Recommendation	弟兄們，你們行善不可喪志。
46016013	Faith	你們務要警醒，在真道上站立得穩，要作大丈夫，要剛強。
44007043	Sin	你們抬着摩洛的帳幕和理番神的星， 就是你們所造為要敬拜的像。 因此，我要把你們遷到巴比倫外去。
53002015	Recommendation	所以，弟兄們，你們要站立得穩，凡所領受的教訓，不拘是我們口傳的，是信上寫的，都要堅守。
47005005	Grace	為此，培植我們的就是上帝，他又賜給我們聖靈作憑據。
54002011	Recommendation	女人要沉靜學道，一味地順服。
54005019	Recommendation	控告長老的呈子，非有兩三個見證就不要收。
45016016	Recommendation	你們親嘴問安，彼此務要聖潔。基督的眾教會都問你們安。
66018019	Description	他們又把塵土撒在頭上，哭泣悲哀，喊着說： 哀哉！哀哉！這大城啊。 凡有船在海中的，都因她的珍寶成了富足！ 她在一時之間就成了荒場！
62003001	Grace	你看父賜給我們是何等的慈愛，使我們得稱為上帝的兒女；我們也真是他的兒女。世人所以不認識我們，是因未曾認識他。
60005005	Recommendation	你們年幼的，也要順服年長的。就是你們眾人也都要以謙卑束腰，彼此順服；因為 上帝阻擋驕傲的人， 賜恩給謙卑的人。
45003004	Faith	斷乎不能！不如說，上帝是真實的，人都是虛謊的。如經上所記： 你責備人的時候，顯為公義； 被人議論的時候，可以得勝。
44009014	Violence	並且他在這裏有從祭司長得來的權柄捆綁一切求告你名的人。」
61002001	Sin	從前在百姓中有假先知起來，將來在你們中間也必有假師傅，私自引進陷害人的異端，連買他們的主他們也不承認，自取速速地滅亡。
43005018	Violence	所以猶太人越發想要殺他；因他不但犯了安息日，並且稱上帝為他的父，將自己和上帝當作平等。
46011002	Faith	我稱讚你們，因你們凡事記念我，又堅守我所傳給你們的。
44002025	Faith	大衛指着他說： 我看見主常在我眼前； 他在我右邊，叫我不至於搖動。
60001023	Grace	你們蒙了重生，不是由於能壞的種子，乃是由於不能壞的種子，是藉着上帝活潑常存的道。
59005016	Recommendation	所以你們要彼此認罪，互相代求，使你們可以得醫治。義人祈禱所發的力量是大有功效的。
43006047	Faith	我實實在在地告訴你們，信的人有永生。
43014018	Grace	我不撇下你們為孤兒，我必到你們這裏來。
45003002	Grace	凡事大有好處：第一是上帝的聖言交託他們。
49006005	Recommendation	你們作僕人的，要懼怕戰兢，用誠實的心聽從你們肉身的主人，好像聽從基督一般。
45002004	Grace	還是你藐視他豐富的恩慈、寬容、忍耐，不曉得他的恩慈是領你悔改呢？
62005014	Faith	我們若照他的旨意求甚麼，他就聽我們，這是我們向他所存坦然無懼的心。
45015013	Faith	但願使人有盼望的上帝，因信將諸般的喜樂、平安充滿你們的心，使你們藉着聖靈的能力大有盼望！
43019041	Description	在耶穌釘十字架的地方有一個園子，園子裏有一座新墳墓，是從來沒有葬過人的。
66019020	Violence	那獸被擒拿；那在獸面前曾行奇事、迷惑受獸印記和拜獸像之人的假先知，也與獸同被擒拿。他們兩個就活活地被扔在燒着硫磺的火湖裏；
45012020	Recommendation	所以，「你的仇敵若餓了，就給他吃，若渴了，就給他喝；因為你這樣行就是把炭火堆在他的頭上。」
51003016	Recommendation	當用各樣的智慧，把基督的道理豐豐富富地存在心裏，用詩章、頌詞、靈歌，彼此教導，互相勸戒，心被恩感，歌頌上帝。
51003019	Recommendation	你們作丈夫的，要愛你們的妻子，不可苦待她們。
54005016	Recommendation	信主的婦女，若家中有寡婦，自己就當救濟她們，不可累着教會，好使教會能救濟那真無倚靠的寡婦。
62005011	Grace	這見證就是上帝賜給我們永生；這永生也是在他兒子裏面。
62005012	Faith	人有了上帝的兒子就有生命，沒有上帝的兒子就沒有生命。
43008036	Grace	所以天父的兒子若叫你們自由，你們就真自由了。
49003013	Faith	所以，我求你們不要因我為你們所受的患難喪膽，這原是你們的榮耀。
45016018	Sin	因為這樣的人不服事我們的主基督，只服事自己的肚腹，用花言巧語誘惑那些老實人的心。
45001029	Sin	裝滿了各樣不義、邪惡、貪婪、惡毒；滿心是嫉妒、凶殺、爭競、詭詐、毒恨；
55001014	Recommendation	從前所交託你的善道，你要靠着那住在我們裏面的聖靈牢牢地守着。
48006008	Faith	順着情慾撒種的，必從情慾收敗壞；順着聖靈撒種的，必從聖靈收永生。
46010009	Recommendation	也不要試探主，像他們有人試探的，就被蛇所滅。
46013005	Recommendation	不做害羞的事，不求自己的益處，不輕易發怒，不計算人的惡，
66009009	Description	胸前有甲，好像鐵甲。牠們翅膀的聲音，好像許多車馬奔跑上陣的聲音。
43015022	Sin	我若沒有來教訓他們，他們就沒有罪；但如今他們的罪無可推諉了。
51004005	Recommendation	你們要愛惜光陰，用智慧與外人交往。
45006006	Faith	因為知道我們的舊人和他同釘十字架，使罪身滅絕，叫我們不再作罪的奴僕；
62003010	Sin	從此就顯出誰是上帝的兒女，誰是魔鬼的兒女。凡不行義的就不屬上帝，不愛弟兄的也是如此。
45008007	Sin	原來體貼肉體的，就是與上帝為仇；因為不服上帝的律法，也是不能服，
44002026	Faith	所以，我心裏歡喜， 我的靈快樂； 並且我的肉身要安居在指望中。
46010020	Sin	我乃是說，外邦人所獻的祭是祭鬼，不是祭上帝。我不願意你們與鬼相交。
44013001	Description	在安提阿的教會中，有幾位先知和教師，就是巴拿巴和稱呼尼結的西面、古利奈人路求，與分封之王希律同養的馬念，並掃羅。
49005006	Recommendation	不要被人虛浮的話欺哄；因這些事，上帝的忿怒必臨到那悖逆之子。
56001011	Sin	這些人的口總要堵住。他們因貪不義之財，將不該教導的教導人，敗壞人的全家。
43013011	Sin	耶穌原知道要賣他的是誰，所以說：「你們不都是乾淨的。」
43010001	Sin	「我實實在在地告訴你們，人進羊圈，不從門進去，倒從別處爬進去，那人就是賊，就是強盜。
61002015	Sin	他們離棄正路，就走差了，隨從比珥之子巴蘭的路。巴蘭就是那貪愛不義之工價的先知，
44014005	Violence	那時，外邦人和猶太人，並他們的官長，一齊擁上來，要凌辱使徒，用石頭打他們。
43021017	Description	第三次對他說：「約翰的兒子西門，你愛我嗎？」彼得因為耶穌第三次對他說「你愛我嗎」，就憂愁，對耶穌說：「主啊，你是無所不知的；你知道我愛你。」耶穌說：「你餵養我的羊。
66021027	Sin	凡不潔淨的，並那行可憎與虛謊之事的，總不得進那城；只有名字寫在羔羊生命冊上的才得進去。
66017004	Sin	那女人穿着紫色和朱紅色的衣服，用金子、寶石、珍珠為妝飾；手拿金杯，杯中盛滿了可憎之物，就是她淫亂的污穢。
51003014	Recommendation	在這一切之外，要存着愛心，愛心就是聯絡全德的。
43012023	Description	耶穌說：「人子得榮耀的時候到了。
45002022	Sin	你說人不可姦淫，自己還姦淫嗎？你厭惡偶像，自己還偷竊廟中之物嗎？
45007008	Sin	然而，罪趁着機會， 就藉着誡命叫諸般的貪心在我裏頭發動；因為沒有律法，罪是死的。
44026017	Grace	我也要救你脫離百姓和外邦人的手。
56003003	Sin	我們從前也是無知、悖逆、受迷惑、服事各樣私慾，和宴樂，常存惡毒嫉妒的心，是可恨的，又是彼此相恨。
54005021	Recommendation	我在上帝和基督耶穌並蒙揀選的天使面前囑咐你：要遵守這些話，不可存成見，行事也不可有偏心。
58010035	Recommendation	所以，你們不可丟棄勇敢的心；存這樣的心必得大賞賜。
46004002	Faith	所求於管家的，是要他有忠心。
44009043	Description	此後，彼得在約帕一個硝皮匠西門的家裏住了多日。
46003016	Grace	豈不知你們是上帝的殿，上帝的靈住在你們裏頭嗎？
58010019	Faith	弟兄們，我們既因耶穌的血得以坦然進入至聖所，
43008021	Sin	耶穌又對他們說：「我要去了，你們要找我，並且你們要死在罪中。我所去的地方，你們不能到。」
51003012	Recommendation	所以，你們既是上帝的選民，聖潔蒙愛的人，就要存憐憫、恩慈、謙虛、溫柔、忍耐的心。
43012026	Faith	若有人服事我，就當跟從我；我在哪裏，服事我的人也要在那裏；若有人服事我，我父必尊重他。」
54003004	Description	好好管理自己的家，使兒女凡事端莊順服。
52005011	Recommendation	所以，你們該彼此勸慰，互相建立，正如你們素常所行的。
62003011	Recommendation	我們應當彼此相愛。這就是你們從起初所聽見的命令。
46007026	Recommendation	因現今的艱難，據我看來，人不如守素安常才好。
43003001	Description	有一個法利賽人，名叫尼哥德慕，是猶太人的官。
59002025	Description	妓女喇合接待使者，又放他們從別的路上出去，不也是一樣因行為稱義嗎？
54002015	Faith	然而，女人若常存信心、愛心，又聖潔自守，就必在生產上得救。
44013017	Grace	這以色列民的上帝揀選了我們的祖宗，當民寄居埃及的時候抬舉他們，用大能的手領他們出來；
44015008	Grace	知道人心的上帝也為他們作了見證，賜聖靈給他們，正如給我們一樣；
59002011	Sin	原來那說「不可姦淫」的，也說「不可殺人」；你就是不姦淫，卻殺人，仍是成了犯律法的。
43010028	Grace	我又賜給他們永生；他們永不滅亡，誰也不能從我手裏把他們奪去。
45016020	Grace	賜平安的上帝快要將撒但踐踏在你們腳下。願我主耶穌基督的恩常和你們同在！
55003005	Sin	有敬虔的外貌，卻背了敬虔的實意；這等人你要躲開。
45012005	Description	我們這許多人，在基督裏成為一身，互相聯絡作肢體，也是如此。
56003008	Faith	這話是可信的。 我也願你把這些事切切實實地講明，使那些已信上帝的人留心做正經事業。這都是美事，並且與人有益。
59002023	Faith	這就應驗經上所說：「亞伯拉罕信上帝，這就算為他的義。」他又得稱為上帝的朋友。
59002001	Faith	我的弟兄們，你們信奉我們榮耀的主耶穌基督，便不可按着外貌待人。
45003013	Sin	他們的喉嚨是敞開的墳墓； 他們用舌頭弄詭詐， 嘴唇裏有虺蛇的毒氣，
49005028	Recommendation	丈夫也當照樣愛妻子，如同愛自己的身子；愛妻子便是愛自己了。
45009030	Faith	這樣，我們可說甚麼呢？那本來不追求義的外邦人反得了義，就是因信而得的義。
54003009	Faith	要存清潔的良心，固守真道的奧祕。
54006002	Recommendation	僕人有信道的主人，不可因為與他是弟兄就輕看他；更要加意服事他；因為得服事之益處的，是信道蒙愛的。 你要以此教訓人，勸勉人。
45003003	Faith	即便有不信的，這有何妨呢？難道他們的不信就廢掉上帝的信嗎？
43019034	Violence	惟有一個兵拿槍扎他的肋旁，隨即有血和水流出來。
43015012	Recommendation	你們要彼此相愛，像我愛你們一樣；這就是我的命令。
45006013	Recommendation	也不要將你們的肢體獻給罪作不義的器具；倒要像從死裏復活的人，將自己獻給上帝，並將肢體作義的器具獻給上帝。
58010039	Faith	我們卻不是退後入沉淪的那等人，乃是有信心以致靈魂得救的人。
45011026	Grace	於是以色列全家都要得救。如經上所記： 必有一位救主從錫安出來， 要消除雅各家的一切罪惡；
52002015	Violence	這猶太人殺了主耶穌和先知，又把我們趕出去。他們不得上帝的喜悅，且與眾人為敵，
58010026	Sin	因為我們得知真道以後，若故意犯罪，贖罪的祭就再沒有了；
49002006	Grace	他又叫我們與基督耶穌一同復活，一同坐在天上，
49004025	Recommendation	所以，你們要棄絕謊言，各人與鄰舍說實話，因為我們是互相為肢體。
48002005	Faith	我們就是一刻的工夫也沒有容讓順服他們，為要叫福音的真理仍存在你們中間。
46014013	Recommendation	所以那說方言的，就當求着能翻出來。
44009001	Violence	掃羅仍然向主的門徒口吐威嚇凶煞的話，去見大祭司，
43017013	Description	現在我往你那裏去，我還在世上說這話，是叫他們心裏充滿我的喜樂。
60004013	Recommendation	倒要歡喜；因為你們是與基督一同受苦，使你們在他榮耀顯現的時候，也可以歡喜快樂。
44011006	Description	我定睛觀看，見內中有地上四足的牲畜和野獸、昆蟲，並天上的飛鳥。
51003008	Recommendation	但現在你們要棄絕這一切的事，以及惱恨、忿怒、惡毒、毀謗，並口中污穢的言語。
44018003	Description	他們本是製造帳棚為業。保羅因與他們同業，就和他們同住做工。
45006012	Sin	所以，不要容罪在你們必死的身上作王，使你們順從身子的私慾。
53003012	Recommendation	我們靠主耶穌基督吩咐、勸戒這樣的人，要安靜做工，吃自己的飯。
44007009	Sin	「先祖嫉妒約瑟，把他賣到埃及去；上帝卻與他同在，
44011028	Description	內中有一位，名叫亞迦布，站起來，藉着聖靈指明天下將有大饑荒。（這事到克勞第年間果然有了。）
44020036	Description	保羅說完了這話，就跪下同眾人禱告。
48005024	Faith	凡屬基督耶穌的人，是已經把肉體連肉體的邪情私慾同釘在十字架上了。
59001002	Recommendation	我的弟兄們，你們落在百般試煉中，都要以為大喜樂；
62001006	Sin	我們若說是與上帝相交，卻仍在黑暗裏行，就是說謊話，不行真理了。
44010011	Description	看見天開了，有一物降下，好像一塊大布，繫着四角，縋在地上，
44002009	Description	我們帕提亞人、米底亞人、以攔人，和住在美索不達米亞、猶太、加帕多家、本都、亞細亞、
51001010	Faith	好叫你們行事為人對得起主，凡事蒙他喜悅，在一切善事上結果子，漸漸地多知道上帝；
54001018	Recommendation	我兒提摩太啊，我照從前指着你的預言，將這命令交託你，叫你因此可以打那美好的仗。
66019001	Faith	此後，我聽見好像群眾在天上大聲說： 哈利路亞！ 救恩、榮耀、權能都屬乎我們的上帝！
49002001	Grace	你們死在過犯罪惡之中，他叫你們活過來。
46010021	Sin	你們不能喝主的杯又喝鬼的杯，不能吃主的筵席又吃鬼的筵席。
49005003	Recommendation	至於淫亂並一切污穢，或是貪婪，在你們中間連提都不可，方合聖徒的體統。
56001015	Sin	在潔淨的人，凡物都潔淨；在污穢不信的人，甚麼都不潔淨，連心地和天良也都污穢了。
44009021	Description	凡聽見的人都驚奇，說：「在耶路撒冷殘害求告這名的，不是這人嗎？並且他到這裏來，特要捆綁他們，帶到祭司長那裏。」
58008006	Description	如今耶穌所得的職任是更美的，正如他作更美之約的中保；這約原是憑更美之應許立的。
50001021	Faith	因我活着就是基督，我死了就有益處。
50001006	Faith	我深信那在你們心裏動了善工的，必成全這工，直到耶穌基督的日子。
62005020	Faith	我們也知道，上帝的兒子已經來到，且將智慧賜給我們，使我們認識那位真實的，我們也在那位真實的裏面，就是在他兒子耶穌基督裏面。這是真神，也是永生。
45012018	Recommendation	若是能行，總要盡力與眾人和睦。
58010023	Faith	也要堅守我們所承認的指望，不致搖動，因為那應許我們的是信實的。
43014027	Grace	我留下平安給你們；我將我的平安賜給你們。我所賜的，不像世人所賜的。你們心裏不要憂愁，也不要膽怯。
47005006	Faith	所以，我們時常坦然無懼，並且曉得我們住在身內，便與主相離。
43012047	Grace	若有人聽見我的話不遵守，我不審判他。我來本不是要審判世界，乃是要拯救世界。
62003012	Sin	不可像該隱；他是屬那惡者，殺了他的兄弟。為甚麼殺了他呢？因自己的行為是惡的，兄弟的行為是善的。
66016020	Description	各海島都逃避了，眾山也不見了。
58011012	Description	所以從一個彷彿已死的人就生出子孫，如同天上的星那樣眾多，海邊的沙那樣無數。
54001017	Faith	但願尊貴、榮耀歸與那不能朽壞、不能看見、永世的君王、獨一的上帝，直到永永遠遠。阿們！
66014007	Faith	他大聲說：「應當敬畏上帝，將榮耀歸給他！因他施行審判的時候已經到了。應當敬拜那創造天地海和眾水泉源的。」
44006001	Description	那時，門徒增多，有說希臘話的猶太人向希伯來人發怨言，因為在天天的供給上忽略了他們的寡婦。
60002021	Grace	你們蒙召原是為此；因基督也為你們受過苦，給你們留下榜樣，叫你們跟隨他的腳蹤行。
53003010	Recommendation	我們在你們那裏的時候，曾吩咐你們說，若有人不肯做工，就不可吃飯。
43003016	Grace	「上帝愛世人，甚至將他的獨生子賜給他們，叫一切信他的，不致滅亡，反得永生。
44019015	Description	惡鬼回答他們說：「耶穌我認識，保羅我也知道。你們卻是誰呢？」
66019019	Violence	我看見那獸和地上的君王，並他們的眾軍都聚集，要與騎白馬的並他的軍兵爭戰。
44027002	Description	有一隻亞大米田的船，要沿着亞細亞一帶地方的海邊走，我們就上了那船開行；有馬其頓的帖撒羅尼迦人亞里達古和我們同去。
58013003	Recommendation	你們要記念被捆綁的人，好像與他們同受捆綁；也要記念遭苦害的人，想到自己也在肉身之內。
51003017	Recommendation	無論做甚麼，或說話或行事，都要奉主耶穌的名，藉着他感謝父上帝。
48006006	Recommendation	在道理上受教的，當把一切需用的供給施教的人。
44007005	Description	在這地方，上帝並沒有給他產業，連立足之地也沒有給他；但應許要將這地賜給他和他的後裔為業；那時他還沒有兒子。
44007019	Description	他用詭計待我們的宗族，苦害我們的祖宗，叫他們丟棄嬰孩，使嬰孩不能存活。
43020003	Description	彼得和那門徒就出來，往墳墓那裏去。
44024016	Faith	我因此自己勉勵，對上帝對人，常存無虧的良心。
65001013	Description	是海裏的狂浪，湧出自己可恥的沫子來；是流蕩的星，有墨黑的幽暗為他們永遠存留。
48001012	Description	因為我不是從人領受的，也不是人教導我的，乃是從耶穌基督啟示來的。
45007005	Sin	因為我們屬肉體的時候，那因律法而生的惡慾就在我們肢體中發動，以致結成死亡的果子。
54002007	Faith	我為此奉派作傳道的，作使徒，作外邦人的師傅，教導他們相信，學習真道。我說的是真話，並不是謊言。
62003024	Faith	遵守上帝命令的，就住在上帝裏面，上帝也住在他裏面。我們所以知道上帝住在我們裏面是因他所賜給我們的聖靈。
46010024	Recommendation	無論何人，不要求自己的益處，乃要求別人的益處。
45012016	Recommendation	要彼此同心；不要志氣高大，倒要俯就卑微的人。不要自以為聰明。
49004031	Recommendation	一切苦毒、惱恨、忿怒、嚷鬧、毀謗，並一切的惡毒，都當從你們中間除掉；
51001025	Faith	我照上帝為你們所賜我的職分作了教會的執事，要把上帝的道理傳得全備，
66001014	Description	他的頭與髮皆白，如白羊毛，如雪；眼目如同火焰；
47004015	Grace	凡事都是為你們，好叫恩惠因人多越發加增，感謝格外顯多，以致榮耀歸與上帝。
43006056	Faith	吃我肉、喝我血的人常在我裏面，我也常在他裏面。
43011027	Faith	馬大說：「主啊，是的，我信你是基督，是上帝的兒子，就是那要臨到世界的。」
44002042	Faith	都恆心遵守使徒的教訓，彼此交接，擘餅，祈禱。
58001009	Grace	你喜愛公義，恨惡罪惡； 所以上帝，就是你的上帝，用喜樂油膏你， 勝過膏你的同伴；
44012002	Violence	用刀殺了約翰的哥哥雅各。
55002016	Recommendation	但要遠避世俗的虛談，因為這等人必進到更不敬虔的地步。
62003015	Sin	凡恨他弟兄的，就是殺人的；你們曉得凡殺人的，沒有永生存在他裏面。
43021015	Faith	他們吃完了早飯，耶穌對西門‧彼得說：「約翰的兒子西門，你愛我比這些更深嗎？」彼得說：「主啊，是的，你知道我愛你。」耶穌對他說：「你餵養我的小羊。」
46012008	Grace	這人蒙聖靈賜他智慧的言語，那人也蒙這位聖靈賜他知識的言語，
44007013	Description	第二次約瑟與弟兄們相認，他的親族也被法老知道了。
60003010	Recommendation	因為經上說： 人若愛生命， 願享美福， 須要禁止舌頭不出惡言， 嘴唇不說詭詐的話；
44004032	Description	那許多信的人都是一心一意的，沒有一人說他的東西有一樣是自己的，都是大家公用。
46015003	Grace	我當日所領受又傳給你們的：第一，就是基督照聖經所說，為我們的罪死了，
66018024	Violence	先知和聖徒，並地上一切被殺之人的血，都在這城裏看見了。
44013048	Faith	外邦人聽見這話，就歡喜了，讚美上帝的道；凡預定得永生的人都信了。
66022020	Description	證明這事的說：「是了，我必快來！」阿們！主耶穌啊，我願你來！
50004009	Recommendation	你們在我身上所學習的，所領受的，所聽見的，所看見的，這些事你們都要去行，賜平安的上帝就必與你們同在。
53003015	Recommendation	但不要以他為仇人，要勸他如弟兄。
51002008	Recommendation	你們要謹慎，恐怕有人用他的理學和虛空的妄言，不照着基督，乃照人間的遺傳和世上的小學就把你們擄去。
50003014	Faith	向着標竿直跑，要得上帝在基督耶穌裏從上面召我來得的獎賞。
56002014	Faith	他為我們捨了自己，要贖我們脫離一切罪惡，又潔淨我們，特作自己的子民，熱心為善。
43005024	Faith	我實實在在地告訴你們，那聽我話、又信差我來者的，就有永生；不至於定罪，是已經出死入生了。
66021015	Description	對我說話的，拿着金葦子當尺，要量那城和城門城牆。
50003019	Sin	他們的結局就是沉淪；他們的神就是自己的肚腹。他們以自己的羞辱為榮耀，專以地上的事為念。
54003006	Sin	初入教的不可作監督，恐怕他自高自大，就落在魔鬼所受的刑罰裏。
65001003	Recommendation	親愛的弟兄啊，我想盡心寫信給你們，論我們同得救恩的時候，就不得不寫信勸你們，要為從前一次交付聖徒的真道竭力地爭辯。
44004002	Description	因他們教訓百姓，本着耶穌，傳說死人復活，就很煩惱，
66018005	Sin	因她的罪惡滔天； 她的不義，上帝已經想起來了。
43004046	Description	耶穌又到了加利利的迦拿，就是他從前變水為酒的地方。有一個大臣，他的兒子在迦百農患病。
45012011	Recommendation	殷勤，不可懶惰；要心裏火熱，常常服事主。
60001008	Faith	你們雖然沒有見過他，卻是愛他；如今雖不得看見，卻因信他就有說不出來、滿有榮光的大喜樂；
62004013	Grace	上帝將他的靈賜給我們，從此就知道我們是住在他裏面，他也住在我們裏面。
43019029	Description	有一個器皿盛滿了醋，放在那裏；他們就拿海絨蘸滿了醋，綁在牛膝草上，送到他口。
51001013	Grace	他救了我們脫離黑暗的權勢，把我們遷到他愛子的國裏；
45016017	Recommendation	弟兄們，那些離間你們、叫你們跌倒、背乎所學之道的人，我勸你們要留意躲避他們。
45012007	Recommendation	或作執事，就當專一執事；或作教導的，就當專一教導；
43016023	Faith	到那日，你們甚麼也就不問我了。我實實在在地告訴你們，你們若向父求甚麼，他必因我的名賜給你們。
66021019	Description	城牆的根基是用各樣寶石修飾的：第一根基是碧玉；第二是藍寶石；第三是綠瑪瑙；第四是綠寶石；
59004017	Sin	人若知道行善，卻不去行，這就是他的罪了。
66019005	Faith	有聲音從寶座出來說： 上帝的眾僕人哪， 凡敬畏他的，無論大小， 都要讚美我們的上帝！
47005002	Faith	我們在這帳棚裏歎息，深想得那從天上來的房屋，好像穿上衣服；
48006004	Recommendation	各人應當察驗自己的行為；這樣，他所誇的就專在自己，不在別人了，
46007036	Recommendation	若有人以為自己待他的女兒不合宜，女兒也過了年歲，事又當行，他就可隨意辦理，不算有罪，叫二人成親就是了。
43016002	Violence	人要把你們趕出會堂，並且時候將到，凡殺你們的就以為是事奉上帝。
66015001	Description	我又看見在天上有異象，大而且奇，就是七位天使掌管末了的七災，因為上帝的大怒在這七災中發盡了。
43018023	Description	耶穌說：「我若說的不是，你可以指證那不是；我若說的是，你為甚麼打我呢？」
50004003	Recommendation	我也求你這真實同負一軛的，幫助這兩個女人，因為她們在福音上曾與我一同勞苦；還有革利免，並其餘和我一同做工的，他們的名字都在生命冊上。
66016006	Sin	他們曾流聖徒與先知的血， 現在你給他們血喝； 這是他們所該受的。
45006002	Sin	斷乎不可！我們在罪上死了的人豈可仍在罪中活着呢？
66017011	Violence	那先前有如今沒有的獸，就是第八位；他也和那七位同列，並且歸於沉淪。
48004030	Recommendation	然而經上是怎麼說的呢？是說：「把使女和她兒子趕出去！因為使女的兒子不可與自主婦人的兒子一同承受產業。」
54006009	Sin	但那些想要發財的人，就陷在迷惑、落在網羅和許多無知有害的私慾裏，叫人沉在敗壞和滅亡中。
66017016	Violence	你所看見的那十角與獸必恨這淫婦，使她冷落赤身，又要吃她的肉，用火將她燒盡。
46008003	Faith	若有人愛上帝，這人乃是上帝所知道的。
45003009	Sin	這卻怎麼樣呢？我們比他們強嗎？決不是的！因我們已經證明：猶太人和希臘人都在罪惡之下。
44007041	Sin	那時，他們造了一個牛犢，又拿祭物獻給那像，歡喜自己手中的工作。
66009020	Sin	其餘未曾被這些災所殺的人仍舊不悔改自己手所做的，還是去拜鬼魔和那些不能看、不能聽、不能走，金、銀、銅、木、石的偶像，
47005011	Faith	我們既知道主是可畏的，所以勸人。但我們在上帝面前是顯明的，盼望在你們的良心裏也是顯明的。
49002003	Sin	我們從前也都在他們中間，放縱肉體的私慾，隨着肉體和心中所喜好的去行，本為可怒之子，和別人一樣。
44002040	Recommendation	彼得還用許多話作見證，勸勉他們說：「你們當救自己脫離這彎曲的世代。」
45008013	Faith	你們若順從肉體活着，必要死；若靠着聖靈治死身體的惡行，必要活着。
45010011	Faith	經上說：「凡信他的人必不至於羞愧。」
45001008	Faith	第一，我靠着耶穌基督，為你們眾人感謝我的上帝，因你們的信德傳遍了天下。
52001004	Faith	被上帝所愛的弟兄啊，我知道你們是蒙揀選的；
60004008	Recommendation	最要緊的是彼此切實相愛，因為愛能遮掩許多的罪。
44027001	Description	非斯都既然定規了，叫我們坐船往意大利去，便將保羅和別的囚犯交給御營裏的一個百夫長，名叫猶流。
66015003	Faith	唱上帝僕人摩西的歌和羔羊的歌，說： 主上帝－全能者啊， 你的作為大哉！奇哉！ 萬世之王啊， 你的道途義哉！誠哉！
60002002	Faith	就要愛慕那純淨的靈奶，像才生的嬰孩愛慕奶一樣，叫你們因此漸長，以致得救。
66014013	Faith	我聽見從天上有聲音說：「你要寫下：從今以後，在主裏面而死的人有福了！」聖靈說：「是的，他們息了自己的勞苦，做工的果效也隨着他們。」
59001027	Faith	在上帝我們的父面前，那清潔沒有玷污的虔誠，就是看顧在患難中的孤兒寡婦，並且保守自己不沾染世俗。
51002004	Recommendation	我說這話，免得有人用花言巧語迷惑你們。
66005013	Description	我又聽見在天上、地上、地底下、滄海裏，和天地間一切所有被造之物，都說： 但願頌讚、尊貴、榮耀、權勢 都歸給坐寶座的和羔羊， 直到永永遠遠！
66008008	Description	第二位天使吹號，就有彷彿火燒着的大山扔在海中；海的三分之一變成血，
44007058	Violence	把他推到城外，用石頭打他。作見證的人把衣裳放在一個少年人名叫掃羅的腳前。
45015011	Faith	又說： 外邦啊，你們當讚美主！ 萬民哪，你們都當頌讚他！
45011036	Faith	因為萬有都是本於他， 倚靠他，歸於他。 願榮耀歸給他，直到永遠。阿們！
43001029	Faith	次日，約翰看見耶穌來到他那裏，就說：「看哪，上帝的羔羊，除去世人罪孽的！
58011031	Description	妓女喇合因着信，曾和和平平地接待探子，就不與那些不順從的人一同滅亡。
43010010	Grace	盜賊來，無非要偷竊，殺害，毀壞；我來了，是要叫羊得生命，並且得的更豐盛。
50003020	Faith	我們卻是天上的國民，並且等候救主，就是主耶穌基督從天上降臨。
45015007	Recommendation	所以，你們要彼此接納，如同基督接納你們一樣，使榮耀歸與上帝。
44021024	Recommendation	你帶他們去，與他們一同行潔淨的禮，替他們拿出規費，叫他們得以剃頭。這樣，眾人就可知道，先前所聽見你的事都是虛的；並可知道，你自己為人，循規蹈矩，遵行律法。
45004012	Faith	又作受割禮之人的父，就是那些不但受割禮，並且按我們的祖宗亞伯拉罕未受割禮而信之蹤跡去行的人。
44001026	Description	於是眾人為他們搖籤，搖出馬提亞來；他就和十一個使徒同列。
45004007	Grace	他說： 得赦免其過、遮蓋其罪的， 這人是有福的。
66011004	Description	他們就是那兩棵橄欖樹，兩個燈臺，立在世界之主面前的。
59004009	Recommendation	你們要愁苦、悲哀、哭泣，將喜笑變作悲哀，歡樂變作愁悶。
64001011	Recommendation	親愛的兄弟啊，不要效法惡，只要效法善。行善的屬乎上帝；行惡的未曾見過上帝。
45004011	Faith	並且他受了割禮的記號，作他未受割禮的時候因信稱義的印證，叫他作一切未受割禮而信之人的父，使他們也算為義；
45006007	Grace	因為已死的人是脫離了罪。
47004010	Faith	身上常帶着耶穌的死，使耶穌的生也顯明在我們身上。
50002021	Sin	別人都求自己的事，並不求耶穌基督的事。
58011011	Faith	因着信，連撒拉自己，雖然過了生育的歲數，還能懷孕，因她以為那應許她的是可信的。
43006039	Grace	差我來者的意思就是：他所賜給我的，叫我一個也不失落，在末日卻叫他復活。
46008006	Faith	然而我們只有一位上帝，就是父－萬物都本於他；我們也歸於他－並有一位主，就是耶穌基督－萬物都是藉着他有的；我們也是藉着他有的。
52003006	Description	但提摩太剛才從你們那裏回來，將你們信心和愛心的好消息報給我們，又說你們常常記念我們，切切地想見我們，如同我們想見你們一樣。
60005004	Grace	到了牧長顯現的時候，你們必得那永不衰殘的榮耀冠冕。
47003012	Faith	我們既有這樣的盼望，就大膽講說，
61002012	Sin	但這些人好像沒有靈性，生來就是畜類，以備捉拿宰殺的。他們毀謗所不曉得的事，正在敗壞人的時候，自己必遭遇敗壞。
43012006	Sin	他說這話，並不是掛念窮人，乃因他是個賊，又帶着錢囊，常取其中所存的。
62004016	Faith	上帝愛我們的心，我們也知道也信。 上帝就是愛；住在愛裏面的，就是住在上帝裏面，上帝也住在他裏面。
44011019	Description	那些因司提反的事遭患難四散的門徒直走到腓尼基和塞浦路斯，並安提阿；他們不向別人講道，只向猶太人講。
54006006	Faith	然而，敬虔加上知足的心便是大利了；
66013007	Violence	又任憑牠與聖徒爭戰，並且得勝；也把權柄賜給牠，制伏各族、各民、各方、各國。
60002020	Faith	你們若因犯罪受責打，能忍耐，有甚麼可誇的呢？但你們若因行善受苦，能忍耐，這在上帝看是可喜愛的。
58009015	Grace	為此，他作了新約的中保，既然受死贖了人在前約之時所犯的罪過，便叫蒙召之人得着所應許永遠的產業。
45006001	Sin	這樣，怎麼說呢？我們可以仍在罪中、叫恩典顯多嗎？
49005004	Recommendation	淫詞、妄語，和戲笑的話都不相宜；總要說感謝的話。
66006008	Violence	我就觀看，見有一匹灰色馬；騎在馬上的，名字叫作死，陰府也隨着他；有權柄賜給他們，可以用刀劍、饑荒、瘟疫、野獸，殺害地上四分之一的人。
45004016	Faith	所以人得為後嗣是本乎信，因此就屬乎恩，叫應許定然歸給一切後裔；不但歸給那屬乎律法的，也歸給那效法亞伯拉罕之信的。
44028018	Description	他們審問了我，就願意釋放我；因為在我身上，並沒有該死的罪。
45009016	Grace	據此看來，這不在乎那定意的，也不在乎那奔跑的，只在乎發憐憫的上帝。
46010008	Sin	我們也不要行姦淫，像他們有人行的，一天就倒斃了二萬三千人；
45007023	Sin	但我覺得肢體中另有個律和我心中的律交戰，把我擄去，叫我附從那肢體中犯罪的律。
58006001	Faith	所以，我們應當離開基督道理的開端，竭力進到完全的地步，不必再立根基，就如那懊悔死行、信靠上帝、
46016011	Recommendation	所以，無論誰都不可藐視他，只要送他平安前行，叫他到我這裏來，因我指望他和弟兄們同來。
59002014	Faith	我的弟兄們，若有人說自己有信心，卻沒有行為，有甚麼益處呢？這信心能救他嗎？
43007025	Description	耶路撒冷人中有的說：「這不是他們想要殺的人嗎？
43020022	Faith	說了這話，就向他們吹一口氣，說：「你們受聖靈！
45010003	Sin	因為不知道上帝的義，想要立自己的義，就不服上帝的義了。
62005010	Faith	信上帝兒子的，就有這見證在他心裏；不信上帝的，就是將上帝當作說謊的，因不信上帝為他兒子作的見證。
43014012	Faith	我實實在在地告訴你們，我所做的事，信我的人也要做，並且要做比這更大的事，因為我往父那裏去。
56002009	Recommendation	勸僕人要順服自己的主人，凡事討他的喜歡，不可頂撞他，
58012015	Recommendation	又要謹慎，恐怕有人失了上帝的恩；恐怕有毒根生出來擾亂你們，因此叫眾人沾染污穢；
54003007	Recommendation	監督也必須在教外有好名聲，恐怕被人毀謗，落在魔鬼的網羅裏。
49004007	Grace	我們各人蒙恩，都是照基督所量給各人的恩賜。
66016003	Description	第二位天使把碗倒在海裏，海就變成血，好像死人的血，海中的活物都死了。
49006006	Recommendation	不要只在眼前事奉，像是討人喜歡的，要像基督的僕人，從心裏遵行上帝的旨意。
60003016	Recommendation	存着無虧的良心，叫你們在何事上被毀謗，就在何事上可以叫那誣賴你們在基督裏有好品行的人自覺羞愧。
43006040	Faith	因為我父的意思是叫一切見子而信的人得永生，並且在末日我要叫他復活。」
44012023	Violence	希律不歸榮耀給上帝，所以主的使者立刻罰他，他被蟲所咬，氣就絕了。
47001003	Grace	願頌讚歸與我們的主耶穌基督的父上帝，就是發慈悲的父，賜各樣安慰的上帝。
54001006	Sin	有人偏離這些，反去講虛浮的話，
45001016	Faith	我不以福音為恥；這福音本是上帝的大能，要救一切相信的，先是猶太人，後是希臘人。
46003011	Description	因為那已經立好的根基就是耶穌基督，此外沒有人能立別的根基。
49005033	Recommendation	然而，你們各人都當愛妻子，如同愛自己一樣。妻子也當敬重她的丈夫。
51002013	Grace	你們從前在過犯和未受割禮的肉體中死了，上帝赦免了你們一切過犯，便叫你們與基督一同活過來；
54004014	Recommendation	你不要輕忽所得的恩賜，就是從前藉着預言、在眾長老按手的時候賜給你的。
66021001	Description	我又看見一個新天新地；因為先前的天地已經過去了，海也不再有了。
52005016	Recommendation	要常常喜樂，
66009006	Description	在那些日子，人要求死，決不得死；願意死，死卻遠避他們。
52004014	Faith	我們若信耶穌死而復活了，那已經在耶穌裏睡了的人，上帝也必將他們與耶穌一同帶來。
62004015	Faith	凡認耶穌為上帝兒子的，上帝就住在他裏面，他也住在上帝裏面。
49004022	Recommendation	就要脫去你們從前行為上的舊人，這舊人是因私慾的迷惑漸漸變壞的；
43010009	Grace	我就是門；凡從我進來的，必然得救，並且出入得草吃。
58011037	Violence	被石頭打死，被鋸鋸死，受試探，被刀殺，披着綿羊、山羊的皮各處奔跑，受窮乏、患難、苦害，
62002029	Faith	你們若知道他是公義的，就知道凡行公義之人都是他所生的。
44013047	Grace	因為主曾這樣吩咐我們說： 我已經立你作外邦人的光， 叫你施行救恩，直到地極。」
47004002	Faith	乃將那些暗昧可恥的事棄絕了；不行詭詐，不謬講上帝的道理，只將真理表明出來，好在上帝面前把自己薦與各人的良心。
44002033	Description	他既被上帝的右手高舉，又從父受了所應許的聖靈，就把你們所看見所聽見的，澆灌下來。
51003010	Recommendation	穿上了新人。這新人在知識上漸漸更新，正如造他主的形像。
43011004	Faith	耶穌聽見，就說：「這病不至於死，乃是為上帝的榮耀，叫上帝的兒子因此得榮耀。」
45001017	Faith	因為上帝的義正在這福音上顯明出來；這義是本於信，以至於信。如經上所記：「義人必因信得生。」
43019017	Description	他們就把耶穌帶了去。耶穌背着自己的十字架出來，到了一個地方，名叫「髑髏地」，希伯來話叫各各他。
45012006	Faith	按我們所得的恩賜，各有不同。或說預言，就當照着信心的程度說預言；
66004007	Description	第一個活物像獅子，第二個像牛犢，第三個臉面像人，第四個像飛鷹。
49005015	Recommendation	你們要謹慎行事，不要像愚昧人，當像智慧人。
45010012	Grace	猶太人和希臘人並沒有分別，因為眾人同有一位主；他也厚待一切求告他的人。
45010004	Faith	律法的總結就是基督，使凡信他的都得着義。
50004006	Recommendation	應當一無掛慮，只要凡事藉着禱告、祈求，和感謝，將你們所要的告訴上帝。
46010006	Faith	這些事都是我們的鑑戒，叫我們不要貪戀惡事，像他們那樣貪戀的；
66009002	Description	它開了無底坑，便有煙從坑裏往上冒，好像大火爐的煙；日頭和天空都因這煙昏暗了。
52004006	Recommendation	不要一個人在這事上越分，欺負他的弟兄；因為這一類的事，主必報應，正如我預先對你們說過、又切切囑咐你們的。
47005017	Faith	若有人在基督裏，他就是新造的人，舊事已過，都變成新的了。
43005020	Faith	父愛子，將自己所做的一切事指給他看，還要將比這更大的事指給他看，叫你們希奇。
49004028	Recommendation	從前偷竊的，不要再偷；總要勞力，親手做正經事，就可有餘分給那缺少的人。
57001022	Recommendation	此外你還要給我預備住處；因為我盼望藉着你們的禱告，必蒙恩到你們那裏去。
58013009	Recommendation	你們不要被那諸般怪異的教訓勾引了去；因為人心靠恩得堅固才是好的，並不是靠飲食。那在飲食上專心的從來沒有得着益處。
52005012	Recommendation	弟兄們，我們勸你們敬重那在你們中間勞苦的人，就是在主裏面治理你們、勸戒你們的；
43009022	Description	他父母說這話，是怕猶太人；因為猶太人已經商議定了，若有認耶穌是基督的，要把他趕出會堂。
50003003	Faith	因為真受割禮的，乃是我們這以上帝的靈敬拜、在基督耶穌裏誇口、不靠着肉體的。
62003023	Faith	上帝的命令就是叫我們信他兒子耶穌基督的名，且照他所賜給我們的命令彼此相愛。
66013011	Description	我又看見另有一個獸從地中上來，有兩角如同羊羔，說話好像龍。
46014020	Recommendation	弟兄們，在心志上不要作小孩子。然而，在惡事上要作嬰孩，在心志上總要作大人。
59005013	Recommendation	你們中間有受苦的呢，他就該禱告；有喜樂的呢，他就該歌頌。
58012012	Recommendation	所以，你們要把下垂的手、發酸的腿挺起來；
60001017	Recommendation	你們既稱那不偏待人、按各人行為審判人的主為父，就當存敬畏的心度你們在世寄居的日子，
58010036	Recommendation	你們必須忍耐，使你們行完了上帝的旨意，就可以得着所應許的。
58011001	Faith	信就是所望之事的實底，是未見之事的確據。
49004017	Recommendation	所以我說，且在主裏確實地說，你們行事不要再像外邦人存虛妄的心行事。
51002016	Recommendation	所以，不拘在飲食上，或節期、月朔、安息日都不可讓人論斷你們。
66007015	Faith	所以，他們在上帝寶座前，晝夜在他殿中事奉他。坐寶座的要用帳幕覆庇他們。
44020010	Description	保羅下去，伏在他身上，抱着他，說：「你們不要發慌，他的靈魂還在身上。」
55002010	Faith	所以，我為選民凡事忍耐，叫他們也可以得着那在基督耶穌裏的救恩和永遠的榮耀。
60005014	Recommendation	你們要用愛心彼此親嘴問安。願平安歸與你們凡在基督裏的人！
49005021	Recommendation	又當存敬畏基督的心，彼此順服。
61003017	Recommendation	親愛的弟兄啊，你們既然預先知道這事，就當防備，恐怕被惡人的錯謬誘惑，就從自己堅固的地步上墜落。
51003018	Recommendation	你們作妻子的，當順服自己的丈夫，這在主裏面是相宜的。
54005020	Recommendation	犯罪的人，當在眾人面前責備他，叫其餘的人也可以懼怕。
45014013	Recommendation	所以，我們不可再彼此論斷，寧可定意誰也不給弟兄放下絆腳跌人之物。
45002010	Grace	卻將榮耀、尊貴、平安加給一切行善的人，先是猶太人，後是希臘人。
58011034	Violence	滅了烈火的猛勢，脫了刀劍的鋒刃；軟弱變為剛強，爭戰顯出勇敢，打退外邦的全軍。
48006017	Faith	從今以後，人都不要攪擾我，因為我身上帶着耶穌的印記。
66018021	Violence	有一位大力的天使舉起一塊石頭，好像大磨石，扔在海裏，說： 巴比倫大城也必這樣猛力地被扔下去， 決不能再見了。
65001020	Faith	親愛的弟兄啊，你們卻要在至聖的真道上造就自己，在聖靈裏禱告，
45012002	Recommendation	不要效法這個世界，只要心意更新而變化，叫你們察驗何為上帝的善良、純全、可喜悅的旨意。
46015009	Sin	我原是使徒中最小的，不配稱為使徒，因為我從前逼迫上帝的教會。
62002015	Recommendation	不要愛世界和世界上的事。人若愛世界，愛父的心就不在他裏面了。
45002001	Sin	你這論斷人的，無論你是誰，也無可推諉。你在甚麼事上論斷人，就在甚麼事上定自己的罪；因你這論斷人的，自己所行卻和別人一樣。
48002009	Description	又知道所賜給我的恩典，那稱為教會柱石的雅各、磯法、約翰，就向我和巴拿巴用右手行相交之禮，叫我們往外邦人那裏去，他們往受割禮的人那裏去。
43019023	Description	兵丁既然將耶穌釘在十字架上，就拿他的衣服分為四分，每兵一分；又拿他的裏衣，這件裏衣原來沒有縫兒，是上下一片織成的。
45002021	Sin	你既是教導別人，還不教導自己嗎？你講說人不可偷竊，自己還偷竊嗎？
46006019	Faith	豈不知你們的身子就是聖靈的殿嗎？這聖靈是從上帝而來，住在你們裏頭的；並且你們不是自己的人，
47005014	Grace	原來基督的愛激勵我們；因我們想，一人既替眾人死，眾人就都死了；
58003001	Faith	同蒙天召的聖潔弟兄啊，你們應當思想我們所認為使者、為大祭司的耶穌。
44020035	Recommendation	我凡事給你們作榜樣，叫你們知道應當這樣勞苦，扶助軟弱的人，又當記念主耶穌的話，說：『施比受更為有福。』」
58013004	Recommendation	婚姻，人人都當尊重，床也不可污穢；因為苟合行淫的人，上帝必要審判。
43020005	Description	低頭往裏看，就見細麻布還放在那裏，只是沒有進去。
66016018	Description	又有閃電、聲音、雷轟、大地震，自從地上有人以來，沒有這樣大、這樣厲害的地震。
66019010	Faith	我就俯伏在他腳前要拜他。他說：「千萬不可！我和你，並你那些為耶穌作見證的弟兄同是作僕人的，你要敬拜上帝。」因為預言中的靈意乃是為耶穌作見證。
46002010	Grace	只有上帝藉着聖靈向我們顯明了，因為聖靈參透萬事，就是上帝深奧的事也參透了。
50002029	Recommendation	故此，你們要在主裏歡歡樂樂地接待他，而且要尊重這樣的人；
51003020	Recommendation	你們作兒女的，要凡事聽從父母，因為這是主所喜悅的。
47001012	Faith	我們所誇的是自己的良心，見證我們憑着上帝的聖潔和誠實；在世為人不靠人的聰明，乃靠上帝的恩惠，向你們更是這樣。
43014021	Faith	有了我的命令又遵守的，這人就是愛我的；愛我的必蒙我父愛他，我也要愛他，並且要向他顯現。」
51002023	Sin	這些規條使人徒有智慧之名，用私意崇拜，自表謙卑，苦待己身，其實在克制肉體的情慾上是毫無功效。
64001006	Recommendation	他們在教會面前證明了你的愛；你若配得過上帝，幫助他們往前行，這就好了。
55002023	Recommendation	惟有那愚拙無學問的辯論，總要棄絕，因為知道這等事是起爭競的。
47003018	Faith	我們眾人既然敞着臉得以看見主的榮光，好像從鏡子裏返照，就變成主的形狀，榮上加榮，如同從主的靈變成的。
58009014	Grace	何況基督藉着永遠的靈，將自己無瑕無疵獻給上帝，他的血豈不更能洗淨你們的心，除去你們的死行，使你們事奉那永生上帝嗎？
44011017	Grace	上帝既然給他們恩賜，像在我們信主耶穌基督的時候給了我們一樣；我是誰，能攔阻上帝呢？」
49004030	Faith	不要叫上帝的聖靈擔憂；你們原是受了他的印記，等候得贖的日子來到。
66003003	Recommendation	所以要回想你是怎樣領受、怎樣聽見的，又要遵守，並要悔改。若不警醒，我必臨到你那裏，如同賊一樣。我幾時臨到，你也決不能知道。
62003007	Recommendation	小子們哪，不要被人誘惑。行義的才是義人，正如主是義的一樣。
62004001	Recommendation	親愛的弟兄啊，一切的靈，你們不可都信，總要試驗那些靈是出於上帝的不是，因為世上有許多假先知已經出來了。
44013038	Grace	所以，弟兄們，你們當曉得：赦罪的道是由這人傳給你們的。
50003001	Recommendation	弟兄們，我還有話說，你們要靠主喜樂。我把這話再寫給你們，於我並不為難，於你們卻是妥當。
46011034	Recommendation	若有人飢餓，可以在家裏先吃，免得你們聚會，自己取罪。其餘的事，我來的時候再安排。
43018031	Description	彼拉多說：「你們自己帶他去，按着你們的律法審問他吧。」猶太人說：「我們沒有殺人的權柄。」
46012031	Faith	你們要切切地求那更大的恩賜。 我現今把最妙的道指示你們。
58007026	Description	像這樣聖潔、無邪惡、無玷污、遠離罪人、高過諸天的大祭司，原是與我們合宜的。
50004013	Faith	我靠着那加給我力量的，凡事都能做。
52004003	Recommendation	上帝的旨意就是要你們成為聖潔，遠避淫行；
51004002	Recommendation	你們要恆切禱告，在此警醒感恩。
44007029	Description	摩西聽見這話就逃走了，寄居於米甸；在那裏生了兩個兒子。
46011007	Description	男人本不該蒙着頭，因為他是上帝的形像和榮耀；但女人是男人的榮耀。
51003015	Faith	又要叫基督的平安在你們心裏作主；你們也為此蒙召，歸為一體；且要存感謝的心。
58002010	Grace	原來那為萬物所屬、為萬物所本的，要領許多的兒子進榮耀裏去，使救他們的元帥，因受苦難得以完全，本是合宜的。
59004001	Sin	你們中間的爭戰鬥毆是從哪裏來的呢？不是從你們百體中戰鬥之私慾來的嗎？
46005001	Sin	風聞在你們中間有淫亂的事。這樣的淫亂連外邦人中也沒有，就是有人收了他的繼母。
46010013	Faith	你們所遇見的試探，無非是人所能受的。上帝是信實的，必不叫你們受試探過於所能受的；在受試探的時候，總要給你們開一條出路，叫你們能忍受得住。
44020029	Violence	我知道，我去之後必有兇暴的豺狼進入你們中間，不愛惜羊群。
53001004	Faith	甚至我們在上帝的各教會裏為你們誇口，都因你們在所受的一切逼迫患難中，仍舊存忍耐和信心。
62004012	Faith	從來沒有人見過上帝，我們若彼此相愛，上帝就住在我們裏面，愛他的心在我們裏面得以完全了。
48001001	Description	作使徒的保羅（不是由於人，也不是藉着人，乃是藉着耶穌基督，與叫他從死裏復活的父上帝）
58012003	Recommendation	那忍受罪人這樣頂撞的，你們要思想，免得疲倦灰心。
45006005	Faith	我們若在他死的形狀上與他聯合，也要在他復活的形狀上與他聯合；
45015010	Recommendation	又說： 你們外邦人當與主的百姓一同歡樂；
54004001	Sin	聖靈明說，在後來的時候，必有人離棄真道，聽從那引誘人的邪靈和鬼魔的道理。
56003001	Recommendation	你要提醒眾人，叫他們順服作官的、掌權的，遵他的命，預備行各樣的善事。
61003005	Sin	他們故意忘記，從太古，憑上帝的命有了天，並從水而出、藉水而成的地。
60003018	Grace	因基督也曾一次為罪受苦，就是義的代替不義的，為要引我們到上帝面前。按着肉體說，他被治死；按着靈性說，他復活了。
61002021	Sin	他們曉得義路，竟背棄了傳給他們的聖命，倒不如不曉得為妙。
53003006	Recommendation	弟兄們，我們奉主耶穌基督的名吩咐你們，凡有弟兄不按規矩而行，不遵守從我們所受的教訓，就當遠離他。
45005012	Sin	這就如罪是從一人入了世界，死又是從罪來的，於是死就臨到眾人，因為眾人都犯了罪。
58011033	Faith	他們因着信，制伏了敵國，行了公義，得了應許，堵了獅子的口，
47004009	Faith	遭逼迫，卻不被丟棄；打倒了，卻不致死亡。
59004004	Sin	你們這些淫亂的人哪，豈不知與世俗為友就是與上帝為敵嗎？所以凡想要與世俗為友的，就是與上帝為敵了。
44016006	Description	聖靈既然禁止他們在亞細亞講道，他們就經過弗呂家、加拉太一帶地方。
45010006	Faith	惟有出於信心的義如此說：「你不要心裏說：誰要升到天上去呢？（就是要領下基督來；）
66016002	Violence	第一位天使便去，把碗倒在地上，就有惡而且毒的瘡生在那些有獸印記、拜獸像的人身上。
66005008	Description	他既拿了書卷，四活物和二十四位長老就俯伏在羔羊面前，各拿着琴和盛滿了香的金爐；這香就是眾聖徒的祈禱。
62005001	Faith	凡信耶穌是基督的，都是從上帝而生，凡愛生他之上帝的，也必愛從上帝生的。
48005026	Recommendation	不要貪圖虛名，彼此惹氣，互相嫉妒。
54005001	Recommendation	不可嚴責老年人，只要勸他如同父親；勸少年人如同弟兄；
60002012	Recommendation	你們在外邦人中，應當品行端正，叫那些毀謗你們是作惡的，因看見你們的好行為，便在鑒察的日子歸榮耀給上帝。
50003006	Sin	就熱心說，我是逼迫教會的；就律法上的義說，我是無可指摘的。
43004052	Description	他就問甚麼時候見好的。他們說：「昨日未時熱就退了。」
43019031	Violence	猶太人因這日是預備日，又因那安息日是個大日，就求彼拉多叫人打斷他們的腿，把他們拿去，免得屍首當安息日留在十字架上。
43019012	Description	從此，彼拉多想要釋放耶穌，無奈猶太人喊着說：「你若釋放這個人，就不是凱撒的忠臣。凡以自己為王的，就是背叛凱撒了。」
43014001	Faith	「你們心裏不要憂愁；你們信上帝，也當信我。
50001028	Faith	凡事不怕敵人的驚嚇，這是證明他們沉淪，你們得救都是出於上帝。
43015016	Grace	不是你們揀選了我，是我揀選了你們，並且分派你們去結果子，叫你們的果子常存，使你們奉我的名，無論向父求甚麼，他就賜給你們。
58011004	Faith	亞伯因着信，獻祭與上帝，比該隱所獻的更美，因此便得了稱義的見證，就是上帝指他禮物作的見證。他雖然死了，卻因這信，仍舊說話。
46004001	Recommendation	人應當以我們為基督的執事，為上帝奧祕事的管家。
66006013	Description	天上的星辰墜落於地，如同無花果樹被大風搖動，落下未熟的果子一樣。
46010014	Recommendation	我所親愛的弟兄啊，你們要逃避拜偶像的事。
45012021	Recommendation	你不可為惡所勝，反要以善勝惡。
55002014	Recommendation	你要使眾人回想這些事，在主面前囑咐他們：不可為言語爭辯；這是沒有益處的，只能敗壞聽見的人。
59004008	Recommendation	你們親近上帝，上帝就必親近你們。有罪的人哪，要潔淨你們的手！心懷二意的人哪，要清潔你們的心！
59002009	Sin	但你們若按外貌待人，便是犯罪，被律法定為犯法的。
52004007	Grace	上帝召我們，本不是要我們沾染污穢，乃是要我們成為聖潔。
45001018	Sin	原來，上帝的忿怒從天上顯明在一切不虔不義的人身上，就是那些行不義阻擋真理的人。
62004007	Faith	親愛的弟兄啊，我們應當彼此相愛，因為愛是從上帝來的。凡有愛心的，都是由上帝而生，並且認識上帝。
62002009	Sin	人若說自己在光明中，卻恨他的弟兄，他到如今還是在黑暗裏。
60004014	Grace	你們若為基督的名受辱罵，便是有福的；因為上帝榮耀的靈常住在你們身上。
44021019	Grace	保羅問了他們安，便將上帝用他傳教，在外邦人中間所行之事，一一地述說了。
43008046	Sin	你們中間誰能指證我有罪呢？我既然將真理告訴你們，為甚麼不信我呢？
58010017	Grace	以後就說： 我不再記念他們的罪愆和他們的過犯。
46001005	Grace	又因你們在他裏面凡事富足，口才、知識都全備，
45015030	Recommendation	弟兄們，我藉着我們主耶穌基督，又藉着聖靈的愛，勸你們與我一同竭力，為我祈求上帝，
43007020	Violence	眾人回答說：「你是被鬼附着了！誰想要殺你？」
45003025	Grace	上帝設立耶穌作挽回祭，是憑着耶穌的血，藉着人的信，要顯明上帝的義；因為他用忍耐的心寬容人先時所犯的罪，
43018018	Description	僕人和差役因為天冷，就生了炭火，站在那裏烤火；彼得也同他們站着烤火。
49006011	Recommendation	要穿戴上帝所賜的全副軍裝，就能抵擋魔鬼的詭計。
43013037	Faith	彼得說：「主啊，我為甚麼現在不能跟你去？我願意為你捨命！」
50004007	Faith	上帝所賜、出人意外的平安必在基督耶穌裏保守你們的心懷意念。
59003009	Faith	我們用舌頭頌讚那為主、為父的，又用舌頭咒詛那照着上帝形像被造的人。
46005010	Sin	此話不是指這世上一概行淫亂的，或貪婪的，勒索的，或拜偶像的；若是這樣，你們除非離開世界方可。
44026009	Sin	從前我自己以為應當多方攻擊拿撒勒人耶穌的名，
61002014	Sin	他們滿眼是淫色，止不住犯罪，引誘那心不堅固的人，心中習慣了貪婪，正是被咒詛的種類。
43010012	Description	若是雇工，不是牧人，羊也不是他自己的，他看見狼來，就撇下羊逃走；狼抓住羊，趕散了羊群。
59001019	Recommendation	我親愛的弟兄們，這是你們所知道的。但你們各人要快快地聽，慢慢地說，慢慢地動怒，
46009014	Recommendation	主也是這樣命定，叫傳福音的靠着福音養生。
43012046	Grace	我到世上來，乃是光，叫凡信我的，不住在黑暗裏。
43005014	Description	後來耶穌在殿裏遇見他，對他說：「你已經痊癒了，不要再犯罪，恐怕你遭遇的更加利害。」
46016014	Recommendation	凡你們所做的都要憑愛心而做。
43014015	Recommendation	「你們若愛我，就必遵守我的命令。
58012025	Recommendation	你們總要謹慎，不可棄絕那向你們說話的。因為，那些棄絕在地上警戒他們的尚且不能逃罪，何況我們違背那從天上警戒我們的呢？
48004008	Sin	但從前你們不認識上帝的時候，是給那些本來不是神的作奴僕；
44003026	Grace	上帝既興起他的僕人，就先差他到你們這裏來，賜福給你們，叫你們各人回轉，離開罪惡。」
44010039	Violence	他在猶太人之地，並耶路撒冷所行的一切事，有我們作見證。他們竟把他掛在木頭上殺了。
46001010	Recommendation	弟兄們，我藉我們主耶穌基督的名勸你們都說一樣的話。你們中間也不可分黨，只要一心一意，彼此相合。
51001021	Sin	你們從前與上帝隔絕，因着惡行，心裏與他為敵。
55002022	Recommendation	你要逃避少年的私慾，同那清心禱告主的人追求公義、信德、仁愛、和平。
51003001	Faith	所以，你們若真與基督一同復活，就當求在上面的事；那裏有基督坐在上帝的右邊。
66008007	Violence	第一位天使吹號，就有雹子與火攙着血丟在地上；地的三分之一和樹的三分之一被燒了，一切的青草也被燒了。
66011017	Faith	說： 昔在、今在的主上帝－ 全能者啊，我們感謝你！ 因你執掌大權作王了。
43004010	Grace	耶穌回答說：「你若知道上帝的恩賜，和對你說『給我水喝』的是誰，你必早求他，他也必早給了你活水。」
51003004	Grace	基督是我們的生命，他顯現的時候，你們也要與他一同顯現在榮耀裏。
43020031	Faith	但記這些事要叫你們信耶穌是基督，是上帝的兒子，並且叫你們信了他，就可以因他的名得生命。
62004006	Faith	我們是屬上帝的，認識上帝的就聽從我們；不屬上帝的就不聽從我們。從此我們可以認出真理的靈和謬妄的靈來。
65001012	Description	這樣的人在你們的愛席上與你們同吃的時候，正是礁石。他們作牧人，只知餵養自己，無所懼怕；是沒有雨的雲彩，被風飄蕩；是秋天沒有果子的樹，死而又死，連根被拔出來；
44005015	Description	甚至有人將病人抬到街上，放在床上或褥子上，指望彼得過來的時候，或者得他的影兒照在甚麼人身上。
49006016	Faith	此外，又拿着信德當作盾牌，可以滅盡那惡者一切的火箭；
51003023	Recommendation	無論做甚麼，都要從心裏做，像是給主做的，不是給人做的，
58012016	Recommendation	恐怕有淫亂的，有貪戀世俗如以掃的，他因一點食物把自己長子的名分賣了。
43018040	Sin	他們又喊着說：「不要這人，要巴拉巴！」這巴拉巴是個強盜。
55003004	Sin	賣主賣友，任意妄為，自高自大，愛宴樂，不愛上帝，
50002009	Grace	所以，上帝將他升為至高， 又賜給他那超乎萬名之上的名，
61001016	Description	我們從前將我們主耶穌基督的大能和他降臨的事告訴你們，並不是隨從乖巧捏造的虛言，乃是親眼見過他的威榮。
61003016	Sin	他一切的信上也都是講論這事。信中有些難明白的，那無學問、不堅固的人強解，如強解別的經書一樣，就自取沉淪。
44014014	Description	巴拿巴、保羅二使徒聽見，就撕開衣裳，跳進眾人中間，喊着說：
45015008	Faith	我說，基督是為上帝真理作了受割禮人的執事，要證實所應許列祖的話，
59001026	Sin	若有人自以為虔誠，卻不勒住他的舌頭，反欺哄自己的心，這人的虔誠是虛的。
43015020	Recommendation	你們要記念我從前對你們所說的話：『僕人不能大於主人。』他們若逼迫了我，也要逼迫你們；若遵守了我的話，也要遵守你們的話。
43008031	Faith	耶穌對信他的猶太人說：「你們若常常遵守我的道，就真是我的門徒；
44007011	Description	後來埃及和迦南全地遭遇饑荒，大受艱難，我們的祖宗就絕了糧。
63001004	Faith	我見你的兒女，有照我們從父所受之命令遵行真理的，就甚歡喜。
54005008	Faith	人若不看顧親屬，就是背了真道，比不信的人還不好，不看顧自己家裏的人，更是如此。
58010022	Faith	並我們心中天良的虧欠已經灑去，身體用清水洗淨了，就當存着誠心和充足的信心來到上帝面前；
48001023	Description	不過聽說那從前逼迫我們的，現在傳揚他原先所殘害的真道。
44027034	Recommendation	所以我勸你們吃飯，這是關乎你們救命的事；因為你們各人連一根頭髮也不至於損壞。」
66002003	Faith	你也能忍耐，曾為我的名勞苦，並不乏倦。
56002002	Recommendation	勸老年人要有節制、端莊、自守，在信心、愛心、忍耐上都要純全無疵。
44017030	Recommendation	世人蒙昧無知的時候，上帝並不監察，如今卻吩咐各處的人都要悔改。
43019025	Description	站在耶穌十字架旁邊的，有他母親與他母親的姊妹，並革羅罷的妻子馬利亞，和抹大拉的馬利亞。
66019013	Description	他穿着濺了血的衣服；他的名稱為上帝之道。
46008009	Recommendation	只是你們要謹慎，恐怕你們這自由竟成了那軟弱人的絆腳石。
44013034	Grace	論到上帝叫他從死裏復活，不再歸於朽壞，就這樣說： 我必將所應許大衛那聖潔、 可靠的恩典賜給你們。
43014020	Faith	到那日，你們就知道我在父裏面，你們在我裏面，我也在你們裏面。
62002003	Faith	我們若遵守他的誡命，就曉得是認識他。
43008024	Sin	所以我對你們說，你們要死在罪中。你們若不信我是基督，必要死在罪中。」
66017006	Sin	我又看見那女人喝醉了聖徒的血和為耶穌作見證之人的血。 我看見她，就大大地希奇。
58012017	Description	後來想要承受父所祝的福，竟被棄絕，雖然號哭切求，卻得不着門路使他父親的心意回轉。這是你們知道的。
43007012	Description	眾人為他紛紛議論，有的說：「他是好人。」有的說：「不然，他是迷惑眾人的。」
44011021	Faith	主與他們同在，信而歸主的人就很多了。
52002004	Faith	但上帝既然驗中了我們，把福音託付我們，我們就照樣講，不是要討人喜歡，乃是要討那察驗我們心的上帝喜歡。
46015057	Grace	感謝上帝，使我們藉着我們的主耶穌基督得勝。
54005005	Faith	那獨居無靠、真為寡婦的，是仰賴上帝，晝夜不住地祈求禱告。
43016024	Grace	向來你們沒有奉我的名求甚麼，如今你們求，就必得着，叫你們的喜樂可以滿足。」
46007021	Recommendation	你是作奴隸蒙召的嗎？不要因此憂慮；若能以自由，就求自由更好。
65001019	Sin	這就是那些引人結黨、屬乎血氣、沒有聖靈的人。
48001006	Sin	我希奇你們這麼快離開那藉着基督之恩召你們的，去從別的福音。
58012014	Recommendation	你們要追求與眾人和睦，並要追求聖潔；非聖潔沒有人能見主。
43021006	Description	耶穌說：「你們把網撒在船的右邊，就必得着。」他們便撒下網去，竟拉不上來了，因為魚甚多。
46007019	Recommendation	受割禮算不得甚麼，不受割禮也算不得甚麼，只要守上帝的誡命就是了。
45012008	Recommendation	或作勸化的，就當專一勸化；施捨的，就當誠實；治理的，就當殷勤；憐憫人的，就當甘心。
44019002	Faith	問他們說：「你們信的時候受了聖靈沒有？」他們回答說：「沒有，也未曾聽見有聖靈賜下來。」
53003014	Recommendation	若有人不聽從我們這信上的話，要記下他，不和他交往，叫他自覺羞愧。
46015050	Sin	弟兄們，我告訴你們說，血肉之體不能承受上帝的國，必朽壞的不能承受不朽壞的。
43006027	Recommendation	不要為那必壞的食物勞力，要為那存到永生的食物勞力，就是人子要賜給你們的，因為人子是父上帝所印證的。」
59004003	Sin	你們求也得不着，是因為你們妄求，要浪費在你們的宴樂中。
49005020	Faith	凡事要奉我們主耶穌基督的名常常感謝父上帝。
48003006	Faith	正如「亞伯拉罕信上帝，這就算為他的義」。
66021023	Grace	那城內又不用日月光照；因有上帝的榮耀光照，又有羔羊為城的燈。
45008009	Faith	如果上帝的靈住在你們心裏，你們就不屬肉體，乃屬聖靈了。人若沒有基督的靈，就不是屬基督的。
45011023	Faith	而且他們若不是長久不信，仍要被接上，因為上帝能夠把他們重新接上。
66014005	Description	在他們口中察不出謊言來；他們是沒有瑕疵的。
44024014	Faith	但有一件事，我向你承認，就是他們所稱為異端的道，我正按着那道事奉我祖宗的上帝，又信合乎律法的和先知書上一切所記載的，
45013008	Recommendation	凡事都不可虧欠人，惟有彼此相愛要常以為虧欠，因為愛人的就完全了律法。
66016009	Sin	人被大熱所烤，就褻瀆那有權掌管這些災的上帝之名，並不悔改將榮耀歸給上帝。
66021012	Description	有高大的牆，有十二個門，門上有十二位天使，門上又寫着以色列十二個支派的名字。
48003013	Grace	基督既為我們受了咒詛，就贖出我們脫離律法的咒詛；因為經上記着：「凡掛在木頭上都是被咒詛的。」
48001013	Sin	你們聽見我從前在猶太教中所行的事，怎樣極力逼迫殘害上帝的教會。
66020002	Description	他捉住那龍，就是古蛇，又叫魔鬼，也叫撒但，把牠捆綁一千年，
44008009	Description	有一個人，名叫西門，向來在那城裏行邪術，妄自尊大，使撒馬利亞的百姓驚奇；
50003010	Faith	使我認識基督，曉得他復活的大能，並且曉得和他一同受苦，效法他的死，
54005022	Recommendation	給人行按手的禮，不可急促；不要在別人的罪上有分，要保守自己清潔。
56002003	Recommendation	又勸老年婦人，舉止行動要恭敬，不說讒言，不給酒作奴僕，用善道教訓人，
46007038	Recommendation	這樣看來，叫自己的女兒出嫁是好，不叫她出嫁更是好。
59001022	Recommendation	只是你們要行道，不要單單聽道，自己欺哄自己。
43007001	Violence	這事以後，耶穌在加利利遊行，不願在猶太遊行，因為猶太人想要殺他。
46001030	Grace	但你們得在基督耶穌裏是本乎上帝，上帝又使他成為我們的智慧、公義、聖潔、救贖。
43013005	Description	隨後把水倒在盆裏，就洗門徒的腳，並用自己所束的手巾擦乾。
44022004	Violence	我也曾逼迫奉這道的人，直到死地，無論男女都鎖拿下監。
43007043	Description	於是眾人因着耶穌起了紛爭。
60005002	Recommendation	務要牧養在你們中間上帝的群羊，按着上帝旨意照管他們；不是出於勉強，乃是出於甘心；也不是因為貪財，乃是出於樂意；
46015056	Sin	死的毒鉤就是罪，罪的權勢就是律法。
59005004	Sin	工人給你們收割莊稼，你們虧欠他們的工錢，這工錢有聲音呼叫，並且那收割之人的冤聲已經入了萬軍之主的耳了。
60002001	Recommendation	所以，你們既除去一切的惡毒、詭詐，並假善、嫉妒，和一切毀謗的話，
46007039	Recommendation	丈夫活着的時候，妻子是被約束的；丈夫若死了，妻子就可以自由，隨意再嫁，只是要嫁這在主裏面的人。
55002018	Sin	他們偏離了真道，說復活的事已過，就敗壞好些人的信心。
48005006	Faith	原來在基督耶穌裏，受割禮不受割禮全無功效，惟獨使人生發仁愛的信心才有功效。
58005009	Grace	他既得以完全，就為凡順從他的人成了永遠得救的根源，
46016001	Recommendation	論到為聖徒捐錢，我從前怎樣吩咐加拉太的眾教會，你們也當怎樣行。
49005022	Recommendation	你們作妻子的，當順服自己的丈夫，如同順服主。
43008012	Faith	耶穌又對眾人說：「我是世界的光。跟從我的，就不在黑暗裏走，必要得着生命的光。」
65001017	Recommendation	親愛的弟兄啊，你們要記念我們主耶穌基督之使徒從前所說的話。
44017025	Grace	也不用人手服事，好像缺少甚麼；自己倒將生命、氣息、萬物，賜給萬人。
62005009	Faith	我們既領受人的見證，上帝的見證更該領受了，因上帝的見證是為他兒子作的。
45013014	Faith	總要披戴主耶穌基督，不要為肉體安排，去放縱私慾。
58011030	Description	以色列人因着信，圍繞耶利哥城七日，城牆就倒塌了。
44019011	Grace	上帝藉保羅的手行了些非常的奇事；
43008034	Sin	耶穌回答說：「我實實在在地告訴你們，所有犯罪的就是罪的奴僕。
62004011	Faith	親愛的弟兄啊，上帝既是這樣愛我們，我們也當彼此相愛。
44002028	Grace	你已將生命的道路指示我， 必叫我因見你的面 得着滿足的快樂。
54004013	Recommendation	你要以宣讀、勸勉、教導為念，直等到我來。
47004008	Description	我們四面受敵，卻不被困住；心裏作難，卻不致失望；
44002013	Description	還有人譏誚說：「他們無非是新酒灌滿了。」
66021018	Description	牆是碧玉造的；城是精金的，如同明淨的玻璃。
66015006	Description	那掌管七災的七位天使從殿中出來，穿着潔白光明的細麻衣，胸間束着金帶。
45012014	Recommendation	逼迫你們的，要給他們祝福；只要祝福，不可咒詛。
66001015	Description	腳好像在爐中鍛鍊光明的銅；聲音如同眾水的聲音。
43017026	Grace	我已將你的名指示他們，還要指示他們，使你所愛我的愛在他們裏面，我也在他們裏面。」
45008032	Grace	上帝既不愛惜自己的兒子，為我們眾人捨了，豈不也把萬物和他一同白白地賜給我們嗎？
65001018	Sin	他們曾對你們說過，末世必有好譏誚的人隨從自己不敬虔的私慾而行。
45011018	Recommendation	你就不可向舊枝子誇口；若是誇口，當知道不是你托着根，乃是根托着你。
47001024	Faith	我們並不是轄管你們的信心，乃是幫助你們的快樂，因為你們憑信才站立得住。
43011001	Description	有一個患病的人，名叫拉撒路，住在伯大尼，就是馬利亞和她姊姊馬大的村莊。
52004008	Sin	所以，那棄絕的，不是棄絕人，乃是棄絕那賜聖靈給你們的上帝。
62004002	Faith	凡靈認耶穌基督是成了肉身來的，就是出於上帝的；從此你們可以認出上帝的靈來。
65001008	Sin	這些做夢的人也像他們污穢身體，輕慢主治的，毀謗在尊位的。
60003011	Recommendation	也要離惡行善， 尋求和睦，一心追趕。
51001023	Faith	只要你們在所信的道上恆心，根基穩固，堅定不移，不致被引動失去福音的盼望。這福音就是你們所聽過的，也是傳與普天下萬人聽的，我－保羅也作了這福音的執事。
43008059	Violence	於是他們拿石頭要打他；耶穌卻躲藏，從殿裏出去了。
49004024	Recommendation	並且穿上新人；這新人是照着上帝的形像造的，有真理的仁義和聖潔。
66014012	Faith	聖徒的忍耐就在此；他們是守上帝誡命和耶穌真道的。
44013030	Description	上帝卻叫他從死裏復活。
43010011	Description	我是好牧人；好牧人為羊捨命。
49003002	Grace	諒必你們曾聽見上帝賜恩給我，將關切你們的職分託付我，
56003010	Recommendation	分門結黨的人，警戒過一兩次，就要棄絕他。
43010019	Description	猶太人為這些話又起了紛爭。
43003033	Faith	那領受他見證的，就印上印，證明上帝是真的。
61003014	Recommendation	親愛的弟兄啊，你們既盼望這些事，就當殷勤，使自己沒有玷污，無可指摘，安然見主；
53003001	Faith	弟兄們，我還有話說：請你們為我們禱告，好叫主的道理快快行開，得着榮耀，正如在你們中間一樣，
47004014	Faith	自己知道那叫主耶穌復活的，也必叫我們與耶穌一同復活，並且叫我們與你們一同站在他面前。
59005014	Recommendation	你們中間有病了的呢，他就該請教會的長老來；他們可以奉主的名用油抹他，為他禱告。
44007023	Description	「他將到四十歲，心中起意去看望他的弟兄以色列人；
44023027	Violence	這人被猶太人拿住，將要殺害，我得知他是羅馬人，就帶兵丁下去救他出來。
44019029	Description	滿城都轟動起來。眾人拿住與保羅同行的馬其頓人該猶和亞里達古，齊心擁進戲園裏去。
44003014	Sin	你們棄絕了那聖潔公義者，反求着釋放一個兇手給你們。
44015009	Faith	又藉着信潔淨了他們的心，並不分他們我們。
46011028	Recommendation	人應當自己省察，然後吃這餅、喝這杯。
46015058	Faith	所以，我親愛的弟兄們，你們務要堅固，不可搖動，常常竭力多做主工；因為知道，你們的勞苦在主裏面不是徒然的。
46004016	Recommendation	所以，我求你們效法我。
46001021	Faith	世人憑自己的智慧，既不認識上帝，上帝就樂意用人所當作愚拙的道理拯救那些信的人；這就是上帝的智慧了。
60003001	Recommendation	你們作妻子的要順服自己的丈夫；這樣，若有不信從道理的丈夫，他們雖然不聽道，也可以因妻子的品行被感化過來；
47005020	Recommendation	所以，我們作基督的使者，就好像上帝藉我們勸你們一般。我們替基督求你們與上帝和好。
44002024	Description	上帝卻將死的痛苦解釋了，叫他復活，因為他原不能被死拘禁。
59002007	Sin	他們不是褻瀆你們所敬奉的尊名嗎？
54003003	Description	不因酒滋事，不打人，只要溫和，不爭競，不貪財；
43004014	Grace	人若喝我所賜的水就永遠不渴。我所賜的水要在他裏頭成為泉源，直湧到永生。」
62002005	Faith	凡遵守主道的，愛上帝的心在他裏面實在是完全的。從此，我們知道我們是在主裏面。
66016013	Description	我又看見三個污穢的靈，好像青蛙，從龍口、獸口並假先知的口中出來。
59002008	Recommendation	經上記着說：「要愛人如己。」你們若全守這至尊的律法才是好的。
47004005	Faith	我們原不是傳自己，乃是傳基督耶穌為主，並且自己因耶穌作你們的僕人。
46015033	Recommendation	你們不要自欺；濫交是敗壞善行。
58013020	Grace	但願賜平安的上帝，就是那憑永約之血、使群羊的大牧人－我主耶穌從死裏復活的上帝，
50001027	Recommendation	只要你們行事為人與基督的福音相稱，叫我或來見你們，或不在你們那裏，可以聽見你們的景況，知道你們同有一個心志，站立得穩，為所信的福音齊心努力。
46006014	Grace	並且上帝已經叫主復活，也要用自己的能力叫我們復活。
55001006	Recommendation	為此我提醒你，使你將上帝藉我按手所給你的恩賜再如火挑旺起來。
60004006	Grace	為此，就是死人也曾有福音傳給他們，要叫他們的肉體按着人受審判，他們的靈性卻靠上帝活着。
46007023	Recommendation	你們是重價買來的，不要作人的奴僕。
46010010	Recommendation	你們也不要發怨言，像他們有發怨言的，就被滅命的所滅。
47002017	Faith	我們不像那許多人，為利混亂上帝的道；乃是由於誠實，由於上帝，在上帝面前憑着基督講道。
45015001	Recommendation	我們堅固的人應該擔代不堅固人的軟弱，不求自己的喜悅。
50002024	Faith	但我靠着主自信我也必快去。
66007001	Description	此後，我看見四位天使站在地的四角，執掌地上四方的風，叫風不吹在地上、海上，和樹上。
60004003	Sin	因為往日隨從外邦人的心意行邪淫、惡慾、醉酒、荒宴、群飲，並可惡拜偶像的事，時候已經夠了。
66011005	Violence	若有人想要害他們，就有火從他們口中出來，燒滅仇敵。凡想要害他們的都必這樣被殺。
44023005	Recommendation	保羅說：「弟兄們，我不曉得他是大祭司；經上記着說：『不可毀謗你百姓的官長。』」
66022015	Sin	城外有那些犬類、行邪術的、淫亂的、殺人的、拜偶像的，並一切喜好說謊言、編造虛謊的。
66002014	Sin	然而，有幾件事我要責備你：因為在你那裏有人服從了巴蘭的教訓；這巴蘭曾教導巴勒將絆腳石放在以色列人面前，叫他們吃祭偶像之物，行姦淫的事。
53001003	Faith	弟兄們，我們該為你們常常感謝上帝，這本是合宜的；因你們的信心格外增長，並且你們眾人彼此相愛的心也都充足。
46012002	Sin	你們作外邦人的時候，隨事被牽引，受迷惑，去服事那啞巴偶像，這是你們知道的。
49005025	Recommendation	你們作丈夫的，要愛你們的妻子，正如基督愛教會，為教會捨己。
45012017	Recommendation	不要以惡報惡；眾人以為美的事要留心去做。
60005006	Recommendation	所以，你們要自卑，服在上帝大能的手下，到了時候，他必叫你們升高。
44014017	Grace	然而為自己未嘗不顯出證據來，就如常施恩惠，從天降雨，賞賜豐年，叫你們飲食飽足，滿心喜樂。」
54003011	Recommendation	女執事也是如此：必須端莊，不說讒言，有節制，凡事忠心。
66002021	Sin	我曾給她悔改的機會，她卻不肯悔改她的淫行。
44012020	Description	希律惱怒泰爾、西頓的人。他們那一帶地方是從王的地土得糧，因此就託了王的內侍臣伯拉斯都的情，一心來求和。
43008049	Sin	耶穌說：「我不是鬼附着的；我尊敬我的父，你們倒輕慢我。
43006018	Description	忽然狂風大作，海就翻騰起來。
45008018	Faith	我想，現在的苦楚若比起將來要顯於我們的榮耀就不足介意了。
62002012	Grace	小子們哪，我寫信給你們， 因為你們的罪藉着主名得了赦免。
55001009	Grace	上帝救了我們，以聖召召我們，不是按我們的行為，乃是按他的旨意和恩典；這恩典是萬古之先，在基督耶穌裏賜給我們的，
43019006	Violence	祭司長和差役看見他，就喊着說：「釘他十字架！釘他十字架！」彼拉多說：「你們自己把他釘十字架吧！我查不出他有甚麼罪來。」
60001010	Grace	論到這救恩，那預先說你們要得恩典的眾先知早已詳細地尋求考察，
63001007	Sin	因為世上有許多迷惑人的出來，他們不認耶穌基督是成了肉身來的；這就是那迷惑人、敵基督的。
44024005	Sin	我們看這個人，如同瘟疫一般，是鼓動普天下眾猶太人生亂的，又是拿撒勒教黨裏的一個頭目，
54003016	Grace	大哉，敬虔的奧祕，無人不以為然！ 就是上帝在肉身顯現， 被聖靈稱義， 被天使看見， 被傳於外邦， 被世人信服， 被接在榮耀裏。
66016021	Violence	又有大雹子從天落在人身上，每一個約重一他連得。為這雹子的災極大，人就褻瀆上帝。
61003013	Faith	但我們照他的應許，盼望新天新地，有義居在其中。
66006014	Description	天就挪移，好像書卷被捲起來；山嶺海島都被挪移離開本位。
58010010	Grace	我們憑這旨意，靠耶穌基督，只一次獻上他的身體，就得以成聖。
52001002	Faith	我們為你們眾人常常感謝上帝，禱告的時候提到你們，
66006004	Violence	就另有一匹馬出來，是紅的，有權柄給了那騎馬的，可以從地上奪去太平，使人彼此相殺；又有一把大刀賜給他。
54006001	Recommendation	凡在軛下作僕人的，當以自己主人配受十分的恭敬，免得上帝的名和道理被人褻瀆。
51003009	Recommendation	不要彼此說謊；因你們已經脫去舊人和舊人的行為，
66002020	Sin	然而，有一件事我要責備你，就是你容讓那自稱是先知的婦人耶洗別教導我的僕人，引誘他們行姦淫，吃祭偶像之物。
48003008	Grace	並且聖經既然預先看明，上帝要叫外邦人因信稱義，就早已傳福音給亞伯拉罕，說：「萬國都必因你得福。」
58012005	Recommendation	你們又忘了那勸你們如同勸兒子的話，說： 我兒，你不可輕看主的管教， 被他責備的時候也不可灰心；
58013017	Recommendation	你們要依從那些引導你們的，且要順服；因他們為你們的靈魂時刻警醒，好像那將來交帳的人。你們要使他們交的時候有快樂，不致憂愁；若憂愁就與你們無益了。
44013019	Description	既滅了迦南地七族的人，就把那地分給他們為業；
54006003	Faith	若有人傳異教，不服從我們主耶穌基督純正的話與那合乎敬虔的道理，
63001010	Recommendation	若有人到你們那裏，不是傳這教訓，不要接他到家裏，也不要問他的安；
47001005	Grace	我們既多受基督的苦楚，就靠基督多得安慰。
65001011	Sin	他們有禍了！因為走了該隱的道路，又為利往巴蘭的錯謬裏直奔，並在可拉的背叛中滅亡了。
65001010	Sin	但這些人毀謗他們所不知道的。他們本性所知道的事與那沒有靈性的畜類一樣，在這事上竟敗壞了自己。
58011007	Faith	挪亞因着信，既蒙上帝指示他未見的事，動了敬畏的心，預備了一隻方舟，使他全家得救。因此就定了那世代的罪，自己也承受了那從信而來的義。
58009006	Description	這些物件既如此預備齊了，眾祭司就常進頭一層帳幕，行拜上帝的禮。
44007051	Sin	「你們這硬着頸項、心與耳未受割禮的人，常時抗拒聖靈！你們的祖宗怎樣，你們也怎樣。
54001009	Sin	因為律法不是為義人設立的，乃是為不法和不服的，不虔誠和犯罪的，不聖潔和戀世俗的，弒父母和殺人的，
46005009	Recommendation	我先前寫信給你們說，不可與淫亂的人相交。
48001015	Grace	然而，那把我從母腹裏分別出來、又施恩召我的上帝，
45007015	Description	因為我所做的，我自己不明白；我所願意的，我並不做；我所恨惡的，我倒去做。
61003018	Faith	你們卻要在我們主－救主耶穌基督的恩典和知識上有長進。願榮耀歸給他，從今直到永遠。阿們！
46004010	Description	我們為基督的緣故算是愚拙的，你們在基督裏倒是聰明的；我們軟弱，你們倒強壯；你們有榮耀，我們倒被藐視。
60005009	Faith	你們要用堅固的信心抵擋他，因為知道你們在世上的眾弟兄也是經歷這樣的苦難。
51003022	Recommendation	你們作僕人的，要凡事聽從你們肉身的主人，不要只在眼前事奉，像是討人喜歡的，總要存心誠實敬畏主。
66017012	Description	你所看見的那十角就是十王；他們還沒有得國，但他們一時之間要和獸同得權柄，與王一樣。
46002012	Grace	我們所領受的，並不是世上的靈，乃是從上帝來的靈，叫我們能知道上帝開恩賜給我們的事。
59005001	Recommendation	嗐！你們這些富足人哪，應當哭泣、號咷，因為將有苦難臨到你們身上。
66002010	Recommendation	你將要受的苦你不用怕。魔鬼要把你們中間幾個人下在監裏，叫你們被試煉，你們必受患難十日。你務要至死忠心，我就賜給你那生命的冠冕。
54006011	Recommendation	但你這屬上帝的人要逃避這些事，追求公義、敬虔、信心、愛心、忍耐、溫柔。
59005005	Sin	你們在世上享美福，好宴樂，當宰殺的日子竟嬌養你們的心。
66004004	Description	寶座的周圍又有二十四個座位；其上坐着二十四位長老，身穿白衣，頭上戴着金冠冕。
66018007	Description	她怎樣榮耀自己，怎樣奢華， 也當叫她照樣痛苦悲哀， 因她心裏說： 我坐了皇后的位， 並不是寡婦， 決不至於悲哀。
60003007	Recommendation	你們作丈夫的也要按情理和妻子同住；因她比你軟弱，與你一同承受生命之恩的，所以要敬重她。這樣，便叫你們的禱告沒有阻礙。
54002012	Recommendation	我不許女人講道，也不許她轄管男人，只要沉靜。
46001009	Faith	上帝是信實的，你們原是被他所召，好與他兒子－我們的主耶穌基督一同得分。
48005013	Recommendation	弟兄們，你們蒙召是要得自由，只是不可將你們的自由當作放縱情慾的機會，總要用愛心互相服事。
59002012	Recommendation	你們既然要按使人自由的律法受審判，就該照這律法說話行事。
46012005	Faith	職事也有分別，主卻是一位。
45009005	Description	列祖就是他們的祖宗；按肉體說，基督也是從他們出來的。他是在萬有之上，永遠可稱頌的上帝。阿們！
47001006	Description	我們受患難呢，是為叫你們得安慰，得拯救；我們得安慰呢，也是為叫你們得安慰；這安慰能叫你們忍受我們所受的那樣苦楚。
47001021	Faith	那在基督裏堅固我們和你們，並且膏我們的就是上帝。
44010015	Recommendation	第二次有聲音向他說：「上帝所潔淨的，你不可當作俗物。」
66018009	Sin	地上的君王，素來與她行淫、一同奢華的，看見燒她的煙，就必為她哭泣哀號。
43014023	Faith	耶穌回答說：「人若愛我，就必遵守我的道；我父也必愛他，並且我們要到他那裏去，與他同住。
62004010	Grace	不是我們愛上帝，乃是上帝愛我們，差他的兒子為我們的罪作了挽回祭，這就是愛了。
62001007	Faith	我們若在光明中行，如同上帝在光明中，就彼此相交，他兒子耶穌的血也洗淨我們一切的罪。
48004007	Grace	可見，從此以後，你不是奴僕，乃是兒子了；既是兒子，就靠着上帝為後嗣。
58001008	Faith	論到子卻說： 上帝啊，你的寶座是永永遠遠的； 你的國權是正直的。
43010033	Sin	猶太人回答說：「我們不是為善事拿石頭打你，是為你說僭妄的話；又為你是個人，反將自己當作上帝。」
66014011	Description	他受痛苦的煙往上冒，直到永永遠遠。那些拜獸和獸像，受牠名之印記的，晝夜不得安寧。」
47004001	Faith	我們既然蒙憐憫，受了這職分，就不喪膽，
58013006	Faith	所以我們可以放膽說： 主是幫助我的，我必不懼怕； 人能把我怎麼樣呢？
45014003	Recommendation	吃的人不可輕看不吃的人；不吃的人不可論斷吃的人；因為上帝已經收納他了。
45015005	Grace	但願賜忍耐安慰的上帝叫你們彼此同心，效法基督耶穌，
58007027	Description	他不像那些大祭司，每日必須先為自己的罪，後為百姓的罪獻祭；因為他只一次將自己獻上，就把這事成全了。
62003017	Sin	凡有世上財物的，看見弟兄窮乏，卻塞住憐恤的心，愛上帝的心怎能存在他裏面呢？
47005008	Faith	我們坦然無懼，是更願意離開身體與主同住。
60002011	Recommendation	親愛的弟兄啊，你們是客旅，是寄居的。我勸你們要禁戒肉體的私慾；這私慾是與靈魂爭戰的。
60002017	Recommendation	務要尊敬眾人，親愛教中的弟兄，敬畏上帝，尊敬君王。
44007025	Description	他以為弟兄必明白上帝是藉他的手搭救他們；他們卻不明白。
50003002	Violence	應當防備犬類，防備作惡的，防備妄自行割的。
56001016	Sin	他們說是認識上帝，行事卻和他相背；本是可憎惡的，是悖逆的，在各樣善事上是可廢棄的。
45010002	Faith	我可以證明，他們向上帝有熱心，但不是按着真知識；
47001004	Grace	我們在一切患難中，他就安慰我們，叫我們能用上帝所賜的安慰去安慰那遭各樣患難的人。
55002015	Recommendation	你當竭力在上帝面前得蒙喜悅，作無愧的工人，按着正意分解真理的道。
53002004	Description	他是抵擋主，高抬自己，超過一切稱為神的和一切受人敬拜的，甚至坐在上帝的殿裏，自稱是上帝。
49006004	Recommendation	你們作父親的，不要惹兒女的氣，只要照着主的教訓和警戒養育他們。
45008037	Grace	然而，靠着愛我們的主，在這一切的事上已經得勝有餘了。
44026014	Violence	我們都仆倒在地，我就聽見有聲音用希伯來話向我說：『掃羅！掃羅！為甚麼逼迫我？你用腳踢刺是難的！』
66002009	Sin	我知道你的患難，你的貧窮（你卻是富足的），也知道那自稱是猶太人所說的毀謗話，其實他們不是猶太人，乃是撒但一會的人。
46013006	Faith	不喜歡不義，只喜歡真理；
59001021	Recommendation	所以，你們要脫去一切的污穢和盈餘的邪惡，存溫柔的心領受那所栽種的道，就是能救你們靈魂的道。
46003006	Grace	我栽種了，亞波羅澆灌了，惟有上帝叫他生長。
66014008	Sin	又有第二位天使接着說：「叫萬民喝邪淫、大怒之酒的巴比倫大城傾倒了！傾倒了！」
43015014	Recommendation	你們若遵行我所吩咐的，就是我的朋友了。
62005021	Recommendation	小子們哪，你們要自守，遠避偶像！
55003006	Sin	那偷進人家、牢籠無知婦女的，正是這等人。這些婦女擔負罪惡，被各樣的私慾引誘，
49004015	Faith	惟用愛心說誠實話，凡事長進，連於元首基督，
49004003	Faith	用和平彼此聯絡，竭力保守聖靈所賜合而為一的心。
44009005	Description	他說：「主啊！你是誰？」主說：「我就是你所逼迫的耶穌。
60003015	Recommendation	只要心裏尊主基督為聖。有人問你們心中盼望的緣由，就要常作準備，以溫柔、敬畏的心回答各人；
44007033	Recommendation	主對他說：『把你腳上的鞋脫下來，因為你所站之地是聖地。
62002024	Faith	論到你們，務要將那從起初所聽見的，常存在心裏。若將從起初所聽見的存在心裏，你們就必住在子裏面，也必住在父裏面。
43008051	Faith	我實實在在地告訴你們，人若遵守我的道，就永遠不見死。」
66020011	Description	我又看見一個白色的大寶座與坐在上面的；從他面前天地都逃避，再無可見之處了。
46006013	Recommendation	食物是為肚腹，肚腹是為食物；但上帝要叫這兩樣都廢壞。身子不是為淫亂，乃是為主；主也是為身子。
45006011	Faith	這樣，你們向罪也當看自己是死的；向上帝在基督耶穌裏，卻當看自己是活的。
47002014	Faith	感謝上帝！常率領我們在基督裏誇勝，並藉着我們在各處顯揚那因認識基督而有的香氣。
62001005	Grace	上帝就是光，在他毫無黑暗。這是我們從主所聽見、又報給你們的信息。
43006037	Grace	凡父所賜給我的人必到我這裏來；到我這裏來的，我總不丟棄他。
58013001	Recommendation	你們務要常存弟兄相愛的心。
58007025	Grace	凡靠着他進到上帝面前的人，他都能拯救到底；因為他是長遠活着，替他們祈求。
43019015	Violence	他們喊着說：「除掉他！除掉他！釘他在十字架上！」彼拉多說：「我可以把你們的王釘十字架嗎？」祭司長回答說：「除了凱撒，我們沒有王。」
45011005	Grace	如今也是這樣，照着揀選的恩典，還有所留的餘數。
66017002	Sin	地上的君王與她行淫，住在地上的人喝醉了她淫亂的酒。」
45012010	Recommendation	愛弟兄，要彼此親熱；恭敬人，要彼此推讓。
45008014	Faith	因為凡被上帝的靈引導的，都是上帝的兒子。
66012003	Description	天上又現出異象來：有一條大紅龍，七頭十角；七頭上戴着七個冠冕。
45008017	Faith	既是兒女，便是後嗣，就是上帝的後嗣，和基督同作後嗣。如果我們和他一同受苦，也必和他一同得榮耀。
54005017	Recommendation	那善於管理教會的長老，當以為配受加倍的敬奉；那勞苦傳道教導人的，更當如此。
46008007	Sin	但人不都有這等知識。有人到如今因拜慣了偶像，就以為所吃的是祭偶像之物。他們的良心既然軟弱，也就污穢了。
43015002	Grace	凡屬我不結果子的枝子，他就剪去；凡結果子的，他就修理乾淨，使枝子結果子更多。
60005003	Recommendation	也不是轄制所託付你們的，乃是作群羊的榜樣。
52004013	Recommendation	論到睡了的人，我們不願意弟兄們不知道，恐怕你們憂傷，像那些沒有指望的人一樣。
58011029	Description	他們因着信，過紅海如行乾地；埃及人試着要過去，就被吞滅了。
44007020	Description	那時，摩西生下來，俊美非凡，在他父親家裏撫養了三個月。
58005002	Grace	他能體諒那愚蒙的和失迷的人，因為他自己也是被軟弱所困。
45013012	Recommendation	黑夜已深，白晝將近。我們就當脫去暗昧的行為，帶上光明的兵器。
49006009	Recommendation	你們作主人的，待僕人也是一理，不要威嚇他們。因為知道，他們和你們同有一位主在天上；他並不偏待人。
45012015	Recommendation	與喜樂的人要同樂；與哀哭的人要同哭。
45002005	Sin	你竟任着你剛硬不悔改的心，為自己積蓄忿怒，以致上帝震怒，顯他公義審判的日子來到。
44014019	Violence	但有些猶太人從安提阿和以哥念來，挑唆眾人，就用石頭打保羅，以為他是死了，便拖到城外。
43013021	Description	耶穌說了這話，心裏憂愁，就明說：「我實實在在地告訴你們，你們中間有一個人要賣我了。」
48003022	Faith	但聖經把眾人都圈在罪裏，使所應許的福因信耶穌基督，歸給那信的人。
66011007	Violence	他們作完見證的時候，那從無底坑裏上來的獸必與他們交戰，並且得勝，把他們殺了。
58003014	Faith	我們若將起初確實的信心堅持到底，就在基督裏有分了。
45008010	Faith	基督若在你們心裏，身體就因罪而死，心靈卻因義而活。
44007052	Sin	哪一個先知不是你們祖宗逼迫呢？他們也把預先傳說那義者要來的人殺了；如今你們又把那義者賣了，殺了。
48005021	Sin	嫉妒、醉酒、荒宴等類。我從前告訴你們，現在又告訴你們，行這樣事的人必不能承受上帝的國。
43012036	Faith	你們應當趁着有光，信從這光，使你們成為光明之子。」 耶穌說了這話，就離開他們隱藏了。
58003002	Faith	他為那設立他的盡忠，如同摩西在上帝的全家盡忠一樣。
56003006	Grace	聖靈就是上帝藉着耶穌基督－我們救主厚厚澆灌在我們身上的，
44004036	Description	有一個利未人，生在塞浦路斯，名叫約瑟，使徒稱他為巴拿巴（巴拿巴翻出來就是勸慰子）。
48006009	Recommendation	我們行善，不可喪志；若不灰心，到了時候就要收成。
48002019	Faith	我因律法，就向律法死了，叫我可以向上帝活着。
66011001	Recommendation	有一根葦子賜給我，當作量度的杖；且有話說：「起來！將上帝的殿和祭壇，並在殿中禮拜的人都量一量。
66014004	Description	這些人未曾沾染婦女，他們原是童身。羔羊無論往哪裏去，他們都跟隨他。他們是從人間買來的，作初熟的果子歸與上帝和羔羊。
66009007	Description	蝗蟲的形狀，好像預備出戰的馬一樣，頭上戴的好像金冠冕，臉面好像男人的臉面，
60002016	Recommendation	你們雖是自由的，卻不可藉着自由遮蓋惡毒，總要作上帝的僕人。
54004010	Faith	我們勞苦努力，正是為此，因我們的指望在乎永生的上帝；他是萬人的救主，更是信徒的救主。
58010029	Sin	何況人踐踏上帝的兒子，將那使他成聖之約的血當作平常，又褻慢施恩的聖靈，你們想，他要受的刑罰該怎樣加重呢！
43020021	Grace	耶穌又對他們說：「願你們平安！父怎樣差遣了我，我也照樣差遣你們。」
65001016	Sin	這些人是私下議論，常發怨言的，隨從自己的情慾而行，口中說誇大的話，為得便宜諂媚人。
66006015	Description	地上的君王、臣宰、將軍、富戶、壯士，和一切為奴的、自主的，都藏在山洞和巖石穴裏，
66021008	Sin	惟有膽怯的、不信的、可憎的、殺人的、淫亂的、行邪術的、拜偶像的，和一切說謊話的，他們的分就在燒着硫磺的火湖裏；這是第二次的死。」
44022016	Recommendation	現在你為甚麼耽延呢？起來，求告他的名受洗，洗去你的罪。』」
66009008	Description	頭髮像女人的頭髮，牙齒像獅子的牙齒。
55002024	Recommendation	然而主的僕人不可爭競，只要溫溫和和地待眾人，善於教導，存心忍耐，
51002005	Faith	我身子雖與你們相離，心卻與你們同在，見你們循規蹈矩，信基督的心也堅固，我就歡喜了。
60003012	Sin	因為，主的眼看顧義人； 主的耳聽他們的祈禱。 惟有行惡的人，主向他們變臉。
53002013	Faith	主所愛的弟兄們哪，我們本該常為你們感謝上帝；因為他從起初揀選了你們，叫你們因信真道，又被聖靈感動，成為聖潔，能以得救。
66022011	Recommendation	不義的，叫他仍舊不義；污穢的，叫他仍舊污穢；為義的，叫他仍舊為義；聖潔的，叫他仍舊聖潔。」
44002038	Faith	彼得說：「你們各人要悔改，奉耶穌基督的名受洗，叫你們的罪得赦，就必領受所賜的聖靈；
52005015	Recommendation	你們要謹慎，無論是誰都不可以惡報惡；或是彼此相待，或是待眾人，常要追求良善。
45001027	Sin	男人也是如此，棄了女人順性的用處，慾火攻心，彼此貪戀，男和男行可羞恥的事，就在自己身上受這妄為當得的報應。
50002018	Recommendation	你們也要照樣喜樂，並且與我一同喜樂。
44003019	Recommendation	所以，你們當悔改歸正，使你們的罪得以塗抹，
66021025	Description	城門白晝總不關閉，在那裏原沒有黑夜。
43006054	Faith	吃我肉、喝我血的人就有永生，在末日我要叫他復活。
43019011	Sin	耶穌回答說：「若不是從上頭賜給你的，你就毫無權柄辦我。所以，把我交給你的那人罪更重了。」
59002017	Faith	這樣，信心若沒有行為就是死的。
45008003	Sin	律法既因肉體軟弱，有所不能行的，上帝就差遣自己的兒子，成為罪身的形狀，作了贖罪祭，在肉體中定了罪案，
60003014	Recommendation	你們就是為義受苦，也是有福的。不要怕人的威嚇，也不要驚慌；
51003021	Recommendation	你們作父親的，不要惹兒女的氣，恐怕他們失了志氣。
66018002	Sin	他大聲喊着說： 巴比倫大城傾倒了！傾倒了！ 成了鬼魔的住處 和各樣污穢之靈的巢穴， 並各樣污穢可憎之雀鳥的巢穴。
62002022	Sin	誰是說謊話的呢？不是那不認耶穌為基督的嗎？不認父與子的，這就是敵基督的。
46011027	Sin	所以，無論何人，不按理吃主的餅，喝主的杯，就是干犯主的身、主的血了。
59002020	Faith	虛浮的人哪，你願意知道沒有行為的信心是死的嗎？
43018003	Description	猶大領了一隊兵，和祭司長並法利賽人的差役，拿着燈籠、火把、兵器，就來到園裏。
53003003	Grace	但主是信實的，要堅固你們，保護你們脫離那惡者。
44007021	Description	他被丟棄的時候，法老的女兒拾了去，養為自己的兒子。
66008005	Description	天使拿着香爐，盛滿了壇上的火，倒在地上；隨有雷轟、大聲、閃電、地震。
66018003	Sin	因為列國都被她邪淫大怒的酒傾倒了。 地上的君王與她行淫； 地上的客商因她奢華太過就發了財。
44026021	Violence	因此，猶太人在殿裏拿住我，想要殺我。
55004004	Sin	並且掩耳不聽真道，偏向荒渺的言語。
43006064	Faith	只是你們中間有不信的人。」耶穌從起頭就知道誰不信他，誰要賣他。
43013026	Description	耶穌回答說：「我蘸一點餅給誰，就是誰。」耶穌就蘸了一點餅，遞給加略人西門的兒子猶大。
54006020	Recommendation	提摩太啊，你要保守所託付你的，躲避世俗的虛談和那敵真道、似是而非的學問。
44017005	Violence	但那不信的猶太人心裏嫉妒，招聚了些市井匪類，搭夥成群，聳動合城的人闖進耶孫 的家，要將保羅、西拉帶到百姓那裏。
62005016	Sin	人若看見弟兄犯了不至於死的罪，就當為他祈求，上帝必將生命賜給他；有至於死的罪，我不說當為這罪祈求。
43013020	Faith	我實實在在地告訴你們，有人接待我所差遣的，就是接待我；接待我，就是接待那差遣我的。」
58012028	Faith	所以我們既得了不能震動的國，就當感恩，照上帝所喜悅的，用虔誠、敬畏的心事奉上帝。
44019013	Description	那時，有幾個遊行各處、念咒趕鬼的猶太人，向那被惡鬼附的人擅自稱主耶穌的名，說：「我奉保羅所傳的耶穌觢令你們出來！」
44015040	Grace	保羅揀選了西拉，也出去，蒙弟兄們把他交於主的恩中。
63001008	Recommendation	你們要小心，不要失去你們所做的工，乃要得着滿足的賞賜。
66011006	Violence	這二人有權柄，在他們傳道的日子叫天閉塞不下雨；又有權柄叫水變為血，並且能隨時隨意用各樣的災殃攻擊世界。
44008021	Sin	你在這道上無分無關；因為在上帝面前，你的心不正。
43017010	Faith	凡是我的，都是你的；你的也是我的，並且我因他們得了榮耀。
45003012	Sin	都是偏離正路， 一同變為無用。 沒有行善的，連一個也沒有。
50002003	Recommendation	凡事不可結黨，不可貪圖虛浮的榮耀；只要存心謙卑，各人看別人比自己強。
66001013	Description	燈臺中間有一位好像人子，身穿長衣，直垂到腳，胸間束着金帶。
66022003	Faith	以後再沒有咒詛；在城裏有上帝和羔羊的寶座；他的僕人都要事奉他，
60004007	Recommendation	萬物的結局近了。所以，你們要謹慎自守，警醒禱告。
44014026	Grace	從那裏坐船，往安提阿去。當初，他們被眾人所託、蒙上帝之恩、要辦現在所做之工，就是在這地方。
46007028	Recommendation	你若娶妻，並不是犯罪；處女若出嫁，也不是犯罪。然而這等人肉身必受苦難，我卻願意你們免這苦難。
49006012	Sin	因我們並不是與屬血氣的爭戰，乃是與那些執政的、掌權的、管轄這幽暗世界的，以及天空屬靈氣的惡魔爭戰。
59001005	Recommendation	你們中間若有缺少智慧的，應當求那厚賜與眾人、也不斥責人的上帝，主就必賜給他。
52005019	Recommendation	不要消滅聖靈的感動；
58009002	Description	因為有預備的帳幕，頭一層叫作聖所，裏面有燈臺、桌子，和陳設餅。
66003018	Recommendation	我勸你向我買火煉的金子，叫你富足；又買白衣穿上，叫你赤身的羞恥不露出來；又買眼藥擦你的眼睛，使你能看見。
62005013	Faith	我將這些話寫給你們信奉上帝兒子之名的人，要叫你們知道自己有永生。
43007018	Faith	人憑着自己說，是求自己的榮耀；惟有求那差他來者的榮耀，這人是真的，在他心裏沒有不義。
47004007	Grace	我們有這寶貝放在瓦器裏，要顯明這莫大的能力是出於上帝，不是出於我們。
45012019	Recommendation	親愛的弟兄，不要自己伸冤，寧可讓步，聽憑主怒；因為經上記着：「主說：『伸冤在我，我必報應。』」
43008054	Faith	耶穌回答說：「我若榮耀自己，我的榮耀就算不得甚麼；榮耀我的乃是我的父，就是你們所說是你們的上帝。
45014020	Recommendation	不可因食物毀壞上帝的工程。凡物固然潔淨，但有人因食物叫人跌倒，就是他的罪了。
43019040	Description	他們就照猶太人殯葬的規矩，把耶穌的身體用細麻布加上香料裹好了。
58010034	Faith	因為你們體恤了那些被捆鎖的人，並且你們的家業被人搶去，也甘心忍受，知道自己有更美長存的家業。
44013023	Grace	從這人的後裔中，上帝已經照着所應許的，為以色列人立了一位救主，就是耶穌。
46002009	Faith	如經上所記： 上帝為愛他的人所預備的 是眼睛未曾看見， 耳朵未曾聽見， 人心也未曾想到的。
45008011	Grace	然而，叫耶穌從死裏復活者的靈若住在你們心裏，那叫基督耶穌從死裏復活的，也必藉着住在你們心裏的聖靈，使你們必死的身體又活過來。
45008016	Faith	聖靈與我們的心同證我們是上帝的兒女；
48006007	Recommendation	不要自欺，上帝是輕慢不得的。人種的是甚麼，收的也是甚麼。
45011022	Grace	可見，上帝的恩慈和嚴厲向那跌倒的人是嚴厲的，向你是有恩慈的，只要你長久在他的恩慈裏；不然，你也要被砍下來。
59005007	Recommendation	弟兄們哪，你們要忍耐，直到主來。看哪，農夫忍耐等候地裏寶貴的出產，直到得了秋雨春雨。
55001016	Grace	願主憐憫阿尼色弗一家的人；因他屢次使我暢快，不以我的鎖鍊為恥，
62002028	Faith	小子們哪，你們要住在主裏面。這樣，他若顯現，我們就可以坦然無懼；當他來的時候，在他面前也不至於慚愧。
48005016	Recommendation	我說，你們當順着聖靈而行，就不放縱肉體的情慾了。
54001015	Grace	「基督耶穌降世，為要拯救罪人。」這話是可信的，是十分可佩服的。在罪人中我是個罪魁。
49006010	Faith	我還有末了的話：你們要靠着主，倚賴他的大能大力作剛強的人。
46010012	Recommendation	所以，自己以為站得穩的，須要謹慎，免得跌倒。
58010014	Grace	因為他一次獻祭，便叫那得以成聖的人永遠完全。
43010031	Violence	猶太人又拿起石頭來要打他。
46011003	Description	我願意你們知道，基督是各人的頭；男人是女人的頭；上帝是基督的頭。
58011036	Violence	又有人忍受戲弄、鞭打、捆鎖、監禁、各等的磨煉，
58006019	Faith	我們有這指望，如同靈魂的錨，又堅固又牢靠，且通入幔內。
49005011	Recommendation	那暗昧無益的事，不要與人同行，倒要責備行這事的人；
59004011	Recommendation	弟兄們，你們不可彼此批評。人若批評弟兄，論斷弟兄，就是批評律法，論斷律法。你若論斷律法，就不是遵行律法，乃是判斷人的。
66021021	Description	十二個門是十二顆珍珠，每門是一顆珍珠。城內的街道是精金，好像明透的玻璃。
58003006	Faith	但基督為兒子，治理上帝的家；我們若將可誇的盼望和膽量堅持到底，便是他的家了。
45012009	Recommendation	愛人不可虛假。惡，要厭惡；善，要親近。
66011013	Violence	正在那時候，地大震動，城就倒塌了十分之一，因地震而死的有七千人；其餘的都恐懼，歸榮耀給天上的上帝。
48003020	Description	但中保本不是為一面作的；上帝卻是一位。
43019010	Description	彼拉多說：「你不對我說話嗎？你豈不知我有權柄釋放你，也有權柄把你釘十字架嗎？」
44008032	Description	他所念的那段經，說： 他像羊被牽到宰殺之地， 又像羊羔在剪毛的人手下無聲； 他也是這樣不開口。
44013021	Description	後來他們求一個王，上帝就將便雅憫支派中基士的兒子掃羅，給他們作王四十年。
56001010	Sin	因為有許多人不服約束，說虛空話欺哄人；那奉割禮的更是這樣。
44010012	Description	裏面有地上各樣四足的走獸和昆蟲，並天上的飛鳥；
43017022	Grace	你所賜給我的榮耀，我已賜給他們，使他們合而為一，像我們合而為一。
55001013	Faith	你從我聽的那純正話語的規模，要用在基督耶穌裏的信心和愛心，常常守着。
43002006	Description	照猶太人潔淨的規矩，有六口石缸擺在那裏，每口可以盛兩三桶水。
46015034	Recommendation	你們要醒悟為善，不要犯罪，因為有人不認識上帝。我說這話是要叫你們羞愧。
49004002	Recommendation	凡事謙虛、溫柔、忍耐，用愛心互相寬容，
65001023	Recommendation	有些人你們要從火中搶出來，搭救他們；有些人你們要存懼怕的心憐憫他們，連那被情慾沾染的衣服也當厭惡。
45008028	Grace	我們曉得萬事都互相效力，叫愛上帝的人得益處，就是按他旨意被召的人。
45016019	Recommendation	你們的順服已經傳於眾人，所以我為你們歡喜；但我願意你們在善上聰明，在惡上愚拙。
58009004	Description	有金香爐，有包金的約櫃，櫃裏有盛嗎哪的金罐和亞倫發過芽的杖，並兩塊約版；
45003027	Faith	既是這樣，哪裏能誇口呢？沒有可誇的了。用何法沒有的呢？是用立功之法嗎？不是，乃用信主之法。
43014010	Faith	我在父裏面，父在我裏面，你不信嗎？我對你們所說的話，不是憑着自己說的，乃是住在我裏面的父做他自己的事。
44016022	Violence	眾人就一同起來攻擊他們。官長吩咐剝了他們的衣裳，用棍打；
43013034	Recommendation	我賜給你們一條新命令，乃是叫你們彼此相愛；我怎樣愛你們，你們也要怎樣相愛。
47005001	Grace	我們原知道，我們這地上的帳棚若拆毀了，必得上帝所造，不是人手所造，在天上永存的房屋。
43012044	Faith	耶穌大聲說：「信我的，不是信我，乃是信那差我來的。
44009013	Description	亞拿尼亞回答說：「主啊，我聽見許多人說，這人怎樣在耶路撒冷多多苦害你的聖徒，
55003002	Sin	因為那時，人要專顧自己，貪愛錢財，自誇，狂傲，謗讟，違背父母，忘恩負義，心不聖潔，
45005009	Grace	現在我們既靠着他的血稱義，就更要藉着他免去上帝的忿怒。
45014014	Sin	我憑着主耶穌確知深信，凡物本來沒有不潔淨的；惟獨人以為不潔淨的，在他就不潔淨了。
54004006	Faith	你若將這些事提醒弟兄們，便是基督耶穌的好執事，在真道的話語和你向來所服從的善道上得了教育。
