62003016	Faith	Ia avalua o me ita kilakila va vaalue ia niaielousi eteva : Iesu ghe tau vella maamauluaane etaita , me ita , ita mene tau velu maamauluaaita tale tueita me nengaita atoa .
43013001	Grace	Nau Pasova ngateva karika ghe mae , me Iesu angghe kilala va nauna ange aakalakala tani kasu vuli kosa ateva , me emene sae ta Tamane . Ghe aielousiangaili kapuna atoa tale kosa ateva oia . Aielousiaane etaira ghe laa ghasio nau ghe mate vululala .
59004010	Recommendation	Am siua nannaaimim ta matane Vau ngepona ateva , me aue asaesae arariimim .
43019002	Description	Me soldia ngatoa laghe navitaala uasa rorroana tani ghelei unna kou nguru eteva , me laghe atokaie saela ta uruna , me laghe amolumoluela tale aisoe ateva ghuaghuanna ia .
54005014	Recommendation	Liuna avalua o me atautaula masi ninannaa ta aliki vause atoa raue vulu ila va la mene lai , me la ssu aliki , me la ghaitaraa tanganueira , me karika aue la taula righi nauna tau ngai ssateeita atoa tani aulia saasakia teeila .
43014011	Faith	Am aiesoa nau eteva aue va aghi ta Tamaghi , me ia etaghi . Arova karika , am annaa niuungu aghe gheleila me aue eakorokorongana uneimim niaikaaia .
46011033	Recommendation	Liuna avalua o , kapughu etoa , me nau am mae aitaua tani namanama , am toi mene katoa .
62003003	Faith	Lo atoa la aatoka tuutuliira etana , la gheeghelei eraarangisanaila nongina ia raarangisana ia .
50004004	Recommendation	Nau ekapa atoa am masimasi ta Vau ngepona ateva , me amene ue va am masimasi .
43010008	Sin	Lo atoa laghe muemue mae akasina sio etaghi , tau niainao ila me aisari ghinna ila , me sipsipi etoa karika laghe nongo kilailala .
59005010	Recommendation	Kapughu etoa , am anna ngamasina uunguaane nitam mangoo tale nimmarikana , am annaa propete atoa laghe aippooa tale ararina ateae Vau ngepona .
43017019	Description	Mausiira me aghe tau ekapa aatu sio maamauluaaghi etam , me ila tee aue la tau ekoronna lao maamauluaaira etam .
49005005	Sin	Me tale isaa oia voto am rooroo tani kila amasina va : lo ateva eailai rorrou , me lo ateva etam raarangisana , me lo ateva esaasaii voto ( nim aikkaua tootoo goto ia ) , isaa o taumattu karika aue la ghaa righi masi voto tale ararimangalina ateva Karisto me God .
49005018	Recommendation	Karika am mene ropi oroieili uaeni va eghelei esavisavilaa nannaaimim , me aue ekatulainiem lao tale voto sesaaili . Karika , ta am pasu tale Spirit Manga ateva .
49002018	Faith	Poli tale matemateaane ita akapa ita rooroo tani mae ta Tamaita ateva God tale kateva nonga Spiriti .
49004014	Recommendation	Me karika ita mene nongina natu ngaliki etoa , va ila o lo atoa muenna ila tani aikamea la toka kamekameta see nongina koto ateva me kuukuu eteva ebebbeita see , me la gheelei asease inangari etoa tani apasunga me tani kame mene katoa taumattu .
46006009	Sin	Karika am kilakila va lo ateva egheelei sesa voto karika aue eghaa niarangise tale ararimangalina ateva God ? Am rau mene aikameainam : Lo atoa la gheelei uungua niailai see ateae , me la kakkaua voto tale kosa ateva oia , me lo atoa la lailai sari maneira katoa , me lo atoa taita la asoaso tee mene katoa taita ,
51003005	Sin	Liuna avalua o me am ghelei emate sesa ninanna me sesa voto tale kosa ateva oia : uungua niaso tee vause me taita karika lailai , karika am mene kune taita me vause , me am rau mene ghelei llo voto sesa taumattu ngatoa la paapalata , me aloaloanaimim korokoronganaaili tani kune vause me taita tani ghelei ssavoto , me nikuruetu , nim nongina va am kakkaua tootoo .
52005008	Faith	Me poli ita tau ngellaa ita , nannaaita emasalike . Ita atoka niaikaaia me niaielousi nongina sioto ateva , gheeleia tale kapa aisou vaalau ia , eaakou kassauita ateva , me nitaatara lao emua tale nisaanga enongina kou nguru eteva , gheeleia tale kapa .
62002004	Sin	Lo ateva taumattu eue va , “ Aghi akilakilaia , ” me karika enongonongo usila tee llo eauliaa , tau nikamekame ia , me voto koronna karika isaa etana .
50002002	Faith	am ghelei eroorooa masimasiaaghi nau ekateva nonga nannaaimim , me eisaa aitaua niaielousi kateva nonga iem tale spiriti me tani uungu eitaua .
43007030	Description	Katoa taumattu laghe anna tani kuneia , me karika laghe roola tani kuneia , poli nauna karika ghe mae .
54006018	Recommendation	Uaulia ngasarasarakana etaira tani ghelei oroieili masi niuungu , me la aitaua peiira me la masimasi tani aiparrui .
43018030	Description	Me laghe uela va , “ Arova karika ghe gheelei righi sesa voto , karika aue ami ghele maeainia etam . ”
46013007	Description	Taumattu ngateva eaaielousi karika esio asoasoaa , me karika eruuruu tani aiesoa , ta eaatoka tuutulina ta God , me etokatoka akorokorongana tale sesa nau .
52005014	Recommendation	Ami aasarasarakanaiem , kapuimami etoa , tani aulia kieira lo atoa ngila tokatoka me karika la uungu emasina , me am ppooa inangari nissausi ta lo atoa ngila la siosio euu tale ninanna , me am sausi lo atoa ngila saasaghuighuina , me erau mene sessai parasiem tale taumattu ngakapa atoa .
48006016	Grace	Lo akapa atoa la aimuli tee llo aghe auliaala aue la ghaa luei me masi niaielousi , tee me lo atoa Israeli kapuna ila God .
46010031	Recommendation	Liuna avalua o me nau am namanama , o am ropi , o saa ateva am gheleia , am ghelei tani tau sae ararina ateae God .
62002027	Recommendation	Karisto ghe amangaiemla , liuna avalua o me karika am tuutukuna tale alomasaanga , ta poli Spirit Manga ateva , ia etaimim , eaapasunga ngakapaaili voto etaimim me inangarina akapaaili koronna , karika righi kamena . Liuna avalua o me am tokatoka aitaua tee Karisto , nongina Spirit Manga ateva ghe apasungaala etaimim .
59002026	Faith	Nongina taumattu ngateva arova karika eaainoana , matena ia , liuna avalua o me arova niaikaaia nonga me karika righi niuungu , isaa tee o voto matena .
52005009	Grace	Ta karika God ghe suitoongainitala va ita ghaa sessaiaane , ta nisaanga ta kapuita Vau ngepona ateva Iesu Karisto ,
46006011	Grace	Tale nau ang ghe lao sio , katoa etaimim am avalua o , me isaa oia ngam ghe raarangisanala tale uungua ssavoto ateva , me God ghe amangaiemla , me Spiriti eteva kanna ia kapuita God ateva ghe ghelei eghulughuluenaiemla tale ararina ateae Vau ngepona ateva Iesu Karisto .
49006018	Faith	Am rau mene ainoana tani looloo sae mausi mene kasina taumattu . Nau ekapaaili am looloo sae tale asease nilooloo sae akapa , nongina Spirit Manga ekatulainiem . Am atae nau ekapaaili me am looloo sae mausi kapuna taumattu ngatoa God .
52001001	Grace	Aghi Pol , Saelas me Timoti , Ami pitipiti aatu etaimim taumattu ngatoa tale ale manga ateva ona eTesalonika ta God Tamaita ia , me Vau ngepona ateva Iesu Karisto . Ami looloo sae va maamasinaane God me luei aue etoka etaimim .
50004005	Faith	Am tau velu va taumattu ngakapa atoa la tara va karika am saasavala inangari , poli Vau ngepona ateva ange aakalakalaa .
46011026	Faith	Tale nau ekapaaili , nau am nama ia oia verete ateva me am ropi ia oia kapa ateva , am aaulia ngaotu matemateaane Vau eteva lomosina ta esio .
59005015	Faith	Me nilooloo sae tale niaikaaia aue ghelei emasina tau ngisiki eteva , me aue Vau ngepona ateva etotua , me arova ghe gheleila righi sesa voto , God aue kalua .
53002011	Sin	Liuna avalua o me God aue ghelei savisavila nannaaira , me aue la aikaaia tale llo kamena .
54004016	Recommendation	Utani aitoka tee maamauluaam me tale voto uapasunga . Arova utam oghi vulu isaa o voto , aue easaangio me lo atoa tee la nongonongo .
48005019	Sin	Uungua sesa ninannaa masalike avalua toko va : llo niailai see , me voto karika raarangisana , me tani nim anna tani ghelei sesa voto ,
46003007	Grace	Liuna avalua o me lo ateva epasapasa me lo ateva eaaitara katu ue ngai eteva , karika righi arariirarua , ta God nonga ararina ateae , ta ia eaapinosa ue ngai eteva .
46001007	Faith	Liuna avalua o , karika am tuutukuna tale voto God etautau mae tani ghelei uunguaane , nau earieriem tani toi kapuita Vau ngepona ateva Iesu Karisto nau ekauerekati .
54004007	Recommendation	Urau mene aimuli tee kiukiu marripana me kiukiu kaluira vause namu ngatoa , karika la oneonea God . Ta ugheleio nonga tani ghaa gheleiaane God .
62002025	Grace	Inangari nialokoi ia ghe auliaala , va maulue ateva tokatoka liu ia .
59003017	Description	Me alomasaanga ekasukasu epona liu , aitiutiu eteva raarangisana , me ealoana luei eteva , me tani nnaa mene kateva , me tani nongo mene katoa , me pasu ia tale niaelousi me masi uene , me karika niaimassia me karika ekamekame .
43003035	Faith	Tamane eailousiaa Natuna , liuna avalua o me ghe taula isaa akapa voto ta ngetana .
46007007	Grace	Aloannaaghi va marova am akapaaili am ghele rau mene lai nongina aghi , me karika , ta kateva kateva taumattu eghaaghaa voto God ghe nim tautau lao sio ; katoa la lai , me mene katoa karika .
46014001	Recommendation	Am usila salana tani aielousi , me am aloannaaili niuungu kanna Spirit Manga enim tautau mae . Me mata ngemua ateva tale isaa o niuungu , niaulia inangarina God .
56002015	Recommendation	Me isaa toko voto utani apasunga . Uaippooaa teeila tani asarasarakanaila me ukisoila tale inangari matuutuliena . Urau mene tau velu teva va etaraa loio sio euu .
62004009	Grace	God ghe apasungaala aielousiaane ateva etaita avalua toko : va ghe suula kateva nonga ia Natuna ateva ghe mae sio tale kosa ateva , me mausina avalua o me ita maamaulue .
43017024	Grace	“ Tamaghi , aghaloannaaili va taumattu ughe tau mae sio etaghi , la toka teeieghi tale masaliki eteae alaa toka etana , me aue la tara sarasarakana ughe tau mae sio etaghi nau ughe tam ghelei kosa ateva , poli ughe ailousieinaghi .
46012011	Description	Kateva nonga ia Spiriti eteva , ia egheelei ekapaaili isaa o niuungu , me tale aloanaane etautaula ta kateva kateva taumattu .
43010039	Violence	Laghe mene anna tani kuneia , me karika laghe roola .
43012003	Description	Meri ghe ghaala botolo ateva ghe kaakaai voto masi ngusungusuaane laghe aseasea va nad me aipolina namungaili , me ghe kaoala ta kkena Iesu , me ghe uluulu kekena tale uu nguruna , me masi neina ateva ghe rooala ale ateva tani aoo .
50003017	Recommendation	Kapughu etoa , am mae aitaua me am usilaa gheeleiaaghi , me am tani tara amasina lo atoa la kasukasu nongina vaalua ami , ami ghe kasukasu .
48006002	Recommendation	Am sausi tani sau voto maateaili tale mene kateva maamauluaane me tale isaa o voto , am rooroo tani ghelei ekapa voto tale inangari nimae aitaua kanna Karisto .
59002024	Faith	Am tara va taumattu ngateva eghulughuluena poli voto egheelei , karika va eaikaaia nonga .
49004026	Recommendation	“ Nau ange sessaiola , urau mene tau velu sessaiam va egheleio me ukupi sso tale ssavoto , ” me erau mene toka sessaio ta kateva nau lomose ta sinaka ateva esuu ,
43008029	Grace	Lo ateva ghe sungieghila etokatoka teeieghi . Karika etautau velueghi va aghi nonga atokatoka , poli nau ekapa atoa agheeghelei llo voto ealoanna . ”
49006014	Recommendation	Liuna avalua me o am tingina akorokorongana me am iriem tale ai-iri eteae tale voto koronna nonga etalia usueimim , me am asae tee tuku kapa ateva eaakou runga kassauimim , eaimatoonga niuungu ghulughuluena .
50002013	Grace	
43015011	Grace	Aghannaaili va lo ateva nimasimasi kalughu ia etoka etaimim , me epasu tale maamauluaaimim . Liuna avalua o me aghaaulia isaa oia inangari etaimim .
54001001	Description	Pol kapuna apostolo ia Karisto Iesu ta niaulia ngasarasarakana ta God tau ngai asaangiita ia me Karisto Iesu ita aatoka tuutuliita etana .
54002009	Recommendation	Tale isaa o salana , aghanna va vause atoa la molu tale ase nimolu emasina tale tummatavanga me taatara taumattu . Karika va tani rungiaa viliki veu tani poli asease voto tani ghelei emasina taatara uu nguruira o tani asae gol o pels o ghinna aipolina isaa arau epona .
43002015	Violence	Iesu ghe ghaala uasa me ghe gheleila uip ateva , me ghe ameti velu ghoala taumattu ngatoa tale ale manga ateva , tee me kieira ghaata kkena , me ghe sau etakila uneira tevoo ateva lo atoa laghe aikolikoliaa viliki veu , me uneira viliki veu ghe kao reerekataala .
49002010	Grace	Poli ita God ghe gheleitala , ghe tau mae sio maulue etaita ta Iesu Karisto tani ghelei masi niuungu God ghe aimonomonosia ngalokoila etaita tani ghelei .
49006017	Recommendation	Am ghaa kou nguru eteva egheelei runga uruimim ateva , eaimatoonga niasaangi , me am ghaa baenata ateva unna ia Spiriti , ia o inangarina ia God .
53003013	Recommendation	Me ta ngetaimim , kapuimami etoa , am rau mene mangoo vulu tani ghelei voto masina .
46016013	Faith	Am paniem me am tingina akorokorongana tale niaiesoa . Am rau mene matautu me am korokorongana .
53002015	Recommendation	Liuna avalua o , kapuimami etoa , me am tingina akorokorongana , me am poso parasi voto ami ghe apasungaala etaimim , tale inangari am ghe nongola ta paaimami me tale uru ngai ami ghe pitila .
54002011	Recommendation	Vause ateva ekila voto tale uungua nimatua ngatoka me tani nongo inangari me tani oneonea lo ateva eaapasunga .
54005019	Recommendation	Urau mene nongo teva taumattu eauliaa tee teva elda . Arova evira ghalua o kotolu taumattu la vira aulia teeia ta ie nonga o voto ateva .
62003001	Grace	Karika pisike ia niaielousi eteva God Tamaita ghe gheleiela etaita , ta ghe kolotala va ita natuna ita , me koronna ia . Taumattu tale kosa ateva karika la kilakila God , liuna avalua o me karika la kilakilaita .
43005018	Violence	AJiu etoa laghe aloannaaili tani uvi emate Iesu , poli karika va ghe elei laelaeaa nonga nau manga ateva , me poli ghe ue tee va Tamane ta God , ghe eeleia va lalu ghe airoaa me God .
46011002	Faith	Amasimasieinam ta am annainaghi tale voto akapa , me am posoposo parasi voto aghe apasungaala etaimim .
59005016	Recommendation	Liuna avalua o me am aulia ngaotu sesa gheeleiaaimim ta mene katoa me am looloo sae ta mene katoa , me aue am masina . Unna nilooloo sae ghulughuluena ateva taumattu sarasarakana ia me erooroo tani ghelei voto .
43006047	Faith	Aghaaulia ngakoronna etaimim va lo ateva eaikaaia etaghi , maulue ateva etokatoka etana .
43014018	Grace	Karika aue anim kasu vuliem arova aliki rau evulu etoa ; aue amene mae taraiem .
49006005	Recommendation	Tau ngai uungu etoa karika am tokatoka tale aloannaimim , am nongo usila lo atoa la aitoieiniem tale kosa ateva oia , me am oneoneainila tale urunguitaniimim akapa ateva nongina va am nongonongo usila Karisto .
62005014	Faith	Ita atoka tuutuuliita ta God va arova ita kolomi righi voto tale aloaloanaane , aue enongota .
43019041	Description	Voto ateva laghe avukala saela Iesu etana tale aikoto , utana atingiu ta ngetana , me liengani niaikaia ngateae ouna ia etana , karika laghe alokoi teva taumattu ta ngetana .
51003016	Recommendation	Am tau velu inangarina ateva Karisto etoka elome etaimim me eapasunga ta kateva kateva alomasaanga tani kinari tau sae emaemae ta Spiriti eteva , me kinari tee nimasimasi tani tau sae God tale urunguitaniimim .
51003019	Recommendation	Taita atoa lailai iem am aielousia vausenimm atoa karika am mene soriena teeila .
54005016	Recommendation	Arova teva vause tau ngaiesoaa ia , me teva raue vulu etokatoka teeila , eaitarainia me esausia tani ghelei me ale manga ateva erau mene maate . Me ale manga ateva aue sausi nonga lo atoa vause raue vulu la tani tuutukuna tani ghaa aaloanaira .
62005011	Grace	Me inangari koronna isaa avalua toko , va God angghe tau mae sio etaita maulue ateva tokatoka liu ia , me ia o maulue ateva , ie ta Natuna .
62005012	Faith	Lo ateva eaighui tee Natuna , eghaaghaa maulue ateva . Me lo ateva karika eaighui tee Natuna ateva God , karika aue ghaa maulue ateva .
43008036	Grace	Arova natuna ateva egheleiem am ruu tani uungu ta katoa , aue am vira ruu tani uungu ta katoa .
49003013	Faith	Liuna avalua o , akookolomiem va am rau mene sio asoasoaa tale voto maate aghaaghaa mausiimim , poli isaa o nonga voto me aue am roo tani asake .
48006008	Faith	Lo ateva epasapasa voto sesa tale maamauluaane tani amasimasi nannaane sesa , tale isaa o voto sesa aue muke voto sesaaili . Lo ateva epasapasa voto masina tani amasimasi Spiriti eteva , aue muke maulue ateva tokatoka liu ia tale Spiriti eteva .
46010009	Recommendation	Ita rau mene tootoonga Karisto nongina katoa etaira laghe gheelei , me katu ngatoa laghe katakata amatela .
46013005	Recommendation	Karika eaamakatakata , me karika enannainia nonga , karika eaaiuvi , me ekakkalua voto ang ghe lao sio .
43015022	Sin	Arova aghe tam sio mae tani aulia inangari etaira , karika aue laghele tara kila va gheegheleiaaira sesa , me ia oia karika la rooroo tani ue va la tam kilakila va gheegheleiaaira sesa .
51004005	Recommendation	Nau am tokatoka tee taumattu karika la aikaaia ta Iesu , am tani aitoka tee llo voto am gheeghelei me am rau mene tau velu kasina voto va enim peisaane .
62003010	Sin	Ia avalua o me aue ita tara kila va see ila natuna atoa God me see ila natuna atoa Satana : lo atoa gheegheleiaaira karika masina karika va natuna ila God , tee me lo ateva karika eailousia tuena o nengane .
46010020	Sin	Ta uneira aiaavusuvusuena lo atoa la tam aiesoa , la gheelei lao ta raroai etoa , me karika va ta God , me karika aghalona va am aighui tee raroai etoa .
49005006	Recommendation	Karika am mene tau veluem va la kameam tale inangari karika koronna , poli sessaiaane God ange maemae ta lo atoa karika la nongonongo usila .
56001011	Sin	Uaulia etaira va karika la mene apasunga , poli ngila ghe gheleila katoa taumattu me tee natuira atoa tale kateva kateva ale , ngila ghe oghi vulula inangari koronna , laghe nim gheelei isaa o niapasunga tani ghaa uneira viliki veu .
43013011	Sin	Poli Iesu ghe kilakila va see aue etau elao ta tau ngai ssateena atoa , liuna avalua o me ghe uela va , “ Karika va am akapa raarangisana am . ”
43010001	Sin	“ Aghaulia ngakoronna etaimim va lo ateva taumattu , karika ekupikupi sso tale atamani valavala sipsipi eteae , ta etattakole tale valavala ateae , tau niainao ia , me aisari katoa ghinnaniira ia .
43021017	Description	Aiaakotonna ta Iesu ghe mene uela etana va , “ Saemon natuna io Jon , uailousieinaghi ? ” Pita ghe tam masimasila poli ghe mene kolomiela aiaakotonnata ateva va koronna va eaielousia Iesu . Pita ghe liula me ghe uela va , “ Vau eteva , ukilakila akapa voto , me ukilakila va aghaailousieinio . ” Iesu ghe uela etana va , “ Uangini kieghi sipsipi .
51003014	Recommendation	Me tale llo voto matuutuliena , am ailousia ngakoronna me aue am toka amasina tee mene kateva .
43012023	Description	Iesu ghe liula me ghe uela va , “ Ange ghaala nauna God tani tau sae ararina ateae Natuna ateva Taumattu ngateva .
56003003	Sin	Poli ita tee tale nau to ang ghe lao sio , alokapakapa ita me karika ita ghe nongonongo usila me laghe kametala me ita ghe nim uungu tale ase niateatea sarasarakanaaili me ase nimasmasi . Ita ghe tokatoka tale ninannaa tani ghelei saasakiaa kateva me tani sessaita ta lo atoa peiira me uunguaaira me ita karika . Laghe sessa teeita me ita , ita ghe sessa tee mene katoa .
54005021	Recommendation	Ngatautau aatu isaa o voto tani aitara isaa oia inangari niloeloe , ta matana God me Karisto Iesu me ensolo atoa suisuitoongainila . Urau mene aimassia .
46004002	Faith	Kateva voto tau ngai uungu eteva etani gheeleia , va etani ghelei emasina uunguaane vauna ateva .
46003016	Grace	Karika am kilakila va am alena ale manga am God , me kapuna Spiriti eteva etokatoka elome etaimim ?
43008021	Sin	Iesu ghe mene uela etaira va , “ Aue akasu vuliem , me aue am pae poieghi , me am mate tee kaluimim ssavoto . Karika am rooroo tani lao nongina aue alao . ”
51003012	Recommendation	Nongina God ange suitoongainamla va am manga am , me eailousiangailiem , am amolumoluem tale isaa o niuungu : am aisausia lo atoa karika righi peiira , me niaisausi etani mae tale urunguitaniimim , me am sioa nannaaimim ta katoa , me am nnaa mene kateva , me karika emene sessai parasiem ta mene kateva .
43012026	Faith	Lo ateva taumattu esaasausieghi , eaimuli teeieghi me voto ateva atokatoka etana , ie tee aue etoka aitaua teeieghi etana . Lo ateva taumattu esaasausieghi , Tamaghi etautau sae ararina ateae .
54003004	Description	Etani aaitara ngamasina vausenna ateva me natuna atoa , me etara va natuna atoa la nongonongo usilainia me la gheelei masi nioneoneaa etana .
52005011	Recommendation	Liuna avalua o me am asarasarakana kateva kateva etaimim , me am aisueieinam , nongina am gheelei .
62003011	Recommendation	Inangari eteva ngam ghe nongoala tale aitiutiu va ita aielousia kateva kateva .
46007026	Recommendation	Poli tale isaa oia nau , ange aanasaaili me aghannaa va masina etaimim tani nim toka va karika lailai iem .
43003001	Description	Kateva taumattu , ararina ateae ta Nikodimas , Paresi ia me namuu ia ta aJiu etoa .
59002025	Description	Nim nongina Reiab aipae taita ia me God ghe aseala va ghulughuluena ia tale voto ghe gheleila nau ghe aitaraala tau nilloso atoa me ghe apasungaala katikirighi ppae salana me laghe usilainiela .
54002015	Faith	Me vause atoa aue la saanga poli la kaakaai aliki , arova la tam mangoo vulu niaikaaia , niaielousi me nimanga tee tale taatara taumattu .
59002011	Sin	Poli God ghe uela va , “ Urau mene lai sari kateva vausenna ateva , ” ghe ue teela va , “ Urau mene aiuvi emate . ” Me arova utam lai sari kateva vausenna ateva me uaaiuvi emate nonga , angu ghelei saasakiaala inangari nipaopao .
43010028	Grace	Atautaula maulue ateva etokatoka nau ekapa atoa , me karika aue la mate . Karika teva erooroo tani ghaa vella ta nimaghi .
56003008	Faith	Ita aatoka tuutuliita tale isaa oia inangari . Me aghanna va utani aulia ngakorokorongana isaa oia voto me lo atoa la ghaiesoa ta God , la ainangananga tani taula lao tani ghelei masi niuungu . Isaa o voto masinaaili me esausi taumattu ngakapa atoa .
59002023	Faith	Me inangari tale Uru ngai Manga ateva ghe koronnala nau ghe uela va , “ Abraham ghe atokala tuutulina ta God , liuna avalua o me ghe aseala va ia ghulughuluena ia , ” me laghe kolokoloa va kapuna ia God .
59002001	Faith	Masi kapughu etoa , poli ita aiesoa ta Vau ngepona ateva Iesu Karisto iaaili epona , liuna avalua o me am rau mene aimassia .
49005028	Recommendation	Tale ia o ase salana atikirighi , taita atoa am tani aielousia vauseniim atoa , nonginaaili va am aielousia vaulaniimim . See eaielousia vausenna ateva , eaielousieinia .
54003009	Faith	La poso parasi voto eaaisulia tale niaikaaia , tee tale ninannaa masalike .
54006002	Recommendation	Lo atoa vauira atoa la ghaiesoa , la rau mene ghelei va oneoneaira etaira episike poli la kakkaua ngaitaua . La tani uungu emasinaaili etaira , poli lo atoa la ghaaghaa voto etaira nau la uungu , tau ngaiesoaa ila me masinaaili ila etaira . Uapasunga isaa o voto etaira me uaulia ngasarasarakana va la ghelei .
43019034	Violence	Kateva soldia ghe soala kativilau ta Iesu tale vaalau eteva , me arovaeaata ta rae me manu ghe akalala .
43015012	Recommendation	Inangarighi niloeloe isaa avalua toko : am aielousia mene kateva elome etaimim nongina aghi aghe aielousieinamla .
52002015	Violence	laghe uvi ematela Vau ngepona ateva ta Iesu me propete atoa , me laghe ameti veluemamila , me laghe ssatee akapa teela taumattu . Laghe gheleila God ghe tam masimasila .
49002006	Grace	Ghe totutala tani maulue tee Karisto , me ghe atoka aitaueinitala me Karisto Iesu epona liu .
49004025	Recommendation	Liuna avalua o me kateva kateva etaimim eghaa velu nikamekame , me eaippoa ngakoronna tee lo atoa ita aiesoa ngaitaua ta Karisto , poli ita akapaaili kateva nonga ita .
48002005	Faith	Karika poi ami ghe annala tani nongo usilainila , poli ami anna va koronna voto tale masi kiukiu etani toka etaimim .
46014013	Recommendation	Liuna avalua o me lo ateva eaippooa tale mene kasina ase niaippooa kanna Spiriti eteva etani looloo sae tani ghaa alomasaanga tani aulia ngamasalika isaa o inangari .
43017013	Description	“ Ia oia ngamene mae saesae etam . Isaa oia voto aghaaulia tale nau oia atokatoka tale kosa ateva , me aue la ghaa kalughu nimasimasi , me aue epasu tale urunguitaniira .
51003008	Recommendation	Me isaa oia , am ghaa velu etaimim isaa o asease voto nongina nisessai , me nianna saasakia ta kateva , me nitam aloana kateva , me niasake , me inangari nilakolako ta paaimim .
53003012	Recommendation	Isaa o ase taumattu ami aulia ngasarasarakana , me aloanaaimami tani aulia etaira tale ararina ateae Vau ngepona ateva Iesu Karisto , va la toka rarieinila me la nama inana la uungua .
48005024	Faith	Lo atoa kapuna ila Iesu Karisto , ngeila ghe uvi ematela ninanna sesa me eleiaaira me aloaloanaaira tale aikoto .
59001002	Recommendation	Kapughu etoa , nimasimasi eteva namungaili ia epasu etaimim nau am ghaa ase nitootoonga ,
62001006	Sin	Arova ita ue va ita aighui eitaua teeia me karika , ta ita kasukasu tale eeleia saurrom , ita nim kamekame me karika ita uusila voto koronna .
51001010	Faith	Me aue am kasu tale masi salana eoneonea God , me aue am amasimasia tani ghelei masi niuungu me aue am tani kila amasinaaili God .
54001018	Recommendation	Timoti , natughu , aloeloeo tale isaa oia inangari elaolao aitaua tee niaulia ngamuemue laghe gheleila etam . Me nau uaimuli tee aue uaiuvi emasina tale unna niaiuvi eteae Vau ngepona ateva .
49002001	Grace	Emua arau am ghe tokatoka tale nimate tale kaluimim nitam nongo usila me ssavoto .
46010021	Sin	Karika am rooroo tani ropi tale unna kapa ateva Vau ngepona ateva me unna tee ateva Satana . Karika am rooroo tani namanama tale tevoo alua , unna ateva Vau ngepona ateva me unna ateva Satana .
49005003	Recommendation	Me elome ta ngetaimim karika am mene toka tale uungua niailai rorrou , va taumattu ngatoa la toka aulieinam , o righi ase niuungu karika raarangisana , o nikuruetu , poli isaa oia voto karika masina ta kapuna taumattu God manga .
56001015	Sin	Lo atoa urunguitaniira raarangisana , voto akapa etaira raarangisana , me ta lo atoa urunguitaniira karika raarangisana me karika la aikaaia , karika righi voto etaira raarangisana , ta isaa akapa ninanna me karika la kilakila va eaa sesa me masina .
50001021	Faith	Ta ngetaghi , tani toka aue atoka ta Iesu , me tani mate aue aghaa masi voto .
50001006	Faith	Aghaatoka tuutulighi va , lo ateva ghe tiuaala masi niuungu etaimim aue ghelei isaa o niuungu lomosina ta elaa ruu ta nauna ateva Iesu Karisto .
62005020	Faith	Me ita kilakila va Natuna ateva God ghe mae sio me ghe tau mae sio alomasaanga etaita va aue ita kila God koronna ia , me ita etana , me Natuna ta Iesu Karisto . Ia koronna ateva God me etautau maulue ateva tokatoka liu ia .
43014027	Grace	Luei eteva aghalokoia etaimim . Kalughu luei eteva ngatautau aatu etaimim . Lo ateva o luei karika nongina lo ateva luei kosa ateva etautau aatu . Am rau mene alousiusi me am matautu .
43012047	Grace	“ Arova lo ateva enongo inangarighi me etam aimuli tee , karika aue agheleia va eaisakei , poli karika aghe mae sio tani ghelei niaisakei tale taumattu tale kosa ateva oia , ta aghe mae sio tani asaangila .
62003012	Sin	Ita rau mene nongina Ken kapuna ia sesa taumattu ngateva me ghe uvi ematela nengane . Mausi saa me ghe uvi emateala ? Poli gheegheleiaane sesa me gheegheleiaane nengane ghulughuluena .
54001017	Faith	Tale kingi eteva tokatoka liu ia , karika ematemate me karika ita taataraia , ie nongaaili Goto ia , ita oneoneainia me ita taue sae nau ekapa atoa . Koronna .
53003010	Recommendation	Nau ami ghe tokatoka teeiem , ami ghe aulia ngasarasarakanala etaimim va , “ Lo ateva taumattu etam aloanna tani uungu , erau mene namanama . ”
43003016	Grace	Poli God ghe aaielousiangaili taumattu tale kosa ateva oia , liuna avalua o me ghe tau mae sio Natuna ateva , kateva nonga ia , me see aue eaikaaia etana karika aue emate , ta aue eghaa maulue ateva etokatoka nau ekapa atoa .
51003017	Recommendation	Me saa llo am ghelei tale inangari me niuungu , am ghelei llo voto tale ararina ateae Vau eteva Iesu , tani kaili emasina ta God Tamaita ia .
48006006	Recommendation	Lo ateva eghaaghaa masi voto tale inangarina ateva God , eparru lo ateva eapasunga voto etana tale righi masi peina .
43020003	Description	Liuna avalua o me Pita me mene kateva disaepolo ngilalu ghe laolao tale liu eteva .
65001013	Description	Paapalataaira tale gheeleiaaira eotuotu arova viiso koto ngelo malionge atoa la ghaasuu , me ila nongina katto atoa la nim ilou ekapa see , me saurrom ateva avoonaaili ia God ghe aimonomonosieiniela etaira tokatoka liu ia .
48001012	Description	me karika aghe ghaala ta nim teva taumattu , me karika toa laghe apasungaala etaghi , ta Iesu Karisto ghe apasungaala isaa o voto etaghi .
54002007	Faith	Tale mausi llo me God ghe suitoongainaghila va tau ngaippooa ieghi me aghapostolo me tau ngai aapasunga ieghi tale koronna niaikaaia ta lo atoa karika aJiu ila . Aghaaulia ngakoronna , karika akamekame .
62003024	Faith	Lo atoa la nongonongo usila llo eaulia , la tokatoka etana me ia etaira . Ghe tau mae Spiriti eteva etaita , mausina avalua o me ita kilakila va ia etokatoka etaita .
46010024	Recommendation	Karika teva emene nnaainia nonga , ta ennaa maamasinaaira mene katoa .
49004031	Recommendation	Am ghaa velu sesa niateateaa , me nisessaia etiitiuaa elome me eghoa eleka , me niaiuvi , me niaikamea , me tee isaa akapaaili sesa gheeleiaimim .
51001025	Faith	God ghe tau mae sio niuungu etaghi tani uungu mausi ale manga ateva , ghe sungieghila tani ppooa akapa masi kiukiu etaimim .
43006056	Faith	Lo ateva enama malataughu , me eropi raeghi , etokatoka teeieghi , me aghi atokatoka teeia .
43011027	Faith	Mata ghe uela ta Iesu va , “ Ue , Vau eteva . Aghaaiesoa va io Natuna io God , me io Mesaea io , ia o laghe uela va aue emae . ”
62003015	Sin	Lo atoa la sessa tee tueira o nengaira atoa ila nongina tau niaiuvi emate atoa , me am kilakila va tau niaiuvi emate atoa , maulue ateva tokatoka liu ia , karika ia etaira .
43021015	Faith	Nau eteva laghe ruula tani namanama me Iesu ghe uela ta Pita va , “ Saemon natuna io Jon , tani koronna va uailousieinaghi ? Me ailousiaam etaghi elaulau mene katoa disaepolo ? ” Me Pita ghe uela va , “ Ue , Vau eteva , ukilakila va aghailousieinio . ” Iesu ghe uela etana va , “ Uangini kieghi lutu sipsipi etoa . ”
46012008	Grace	Ta kateva taumattu , Spiriti eteva etautau roorooaala tani aulia ngamasalika alomasaangania God . Ta mene kateva , ia nonga o Spiriti eteva emene tautau inangari pasu tale alomasaanga .
46015003	Grace	Saa ateva aghe ghaaiela , aghe tau aatu sio etaimim va mata ngemue ia , va Karisto ghe matela tale kaluita ssavoto , nongina Uru ngai Manga ateva eaaulia ;
50004009	Recommendation	Saa llo voto am ghe kilala o ngam ghe ghaala , o am ghe nongola o tarala etaghi , am tootoonga tani ghelei me God , etautau luei , aue toka aitaua teeiem .
53003015	Recommendation	Me am rau mene taraia va tau ngai ssateeimi ia , ta poli kapuita ia , am aulia kiena .
51002008	Recommendation	Am aipanipania ! Toa taumattu la rau kameam nonga tale nim nannaaira pei tale kosa ateva oia korokoronganaaili me kamena , emaemae ta raroai etoa me karika emaemae ta Karisto .
50003014	Faith	Aghaimuli usi nonga tani laa rekata tale airuuruu me tani ghaa aipolipoli nongina God ghe koloaghila tani sae epona liu ta Iesu Karisto .
56002014	Faith	Ghe taue mae sio etaita tani ghaa oghita tale isaa akapa sesa voto me tani ghelei eraarangisana taumattu tani kapunaaili ila me la ghannaaili tani ghelei masi niuungu .
43005024	Faith	“ Aghauliaa ngakoronna etaimim va lo ateva enongo inangarighi , me eaikaaia ta lo ateva ghe sungieghila va asio , maamauluaane aue toka amasina nau ekapa atoa , me karika aue eaisakei , poli angghe kasu vulila nimate , me angghe tokala tale maulue .
50003019	Sin	Airuuruu tale kasukasuaaira nitturuu eteae . Kovaira ateva kapuira goto ia me llo tani palata , la aasakea . Me nannaaira etokatoka nonga tale voto tale kosa ateva .
54003006	Sin	Karika va evira mene aikolikoliaa , ta erau tau sae nannaane , va ekatuu va eghaa niaisakei nongina raroai eteva .
65001003	Recommendation	Masi kapughu etoa , aghe annaailila va aghe pitipiti aatu etaimim tani aulia uungua nisaanga God eghelei etaita , ta aghe ateateaala va apitipiti me aghaulia ngakorokorongana etaimim tani ppooa kotokoto tale voto koronna God ghe taula katengaata ta kapuna atoa manga ila .
43004046	Description	Nau ia eGalili , Iesu ghe mene lao sio eKena , masaliki eteae ghe eleila manu ghe uaenila . EKapenium , kateva namuu , kapuna tau ngai uungu ia kingi , natuna taita arighi ghe iisiki .
62004013	Grace	Ita kilakila va ita , ita tokatoka etana , me ia etaita , poli ghe tau mae sio kapuna Spirit Manga ateva etaita .
43019029	Description	Aikaai ueani kaakalina ghe tokatoka . Liuna avalua o me laghe asuula tuku kalio ateva me laghe tueiela tale tuu ngai eteva isopi ia , me laghe ssueinie saela ta paane Iesu .
51001013	Grace	God ghe ghaa oghitala tale sarasarakania saurrom ateva , me ghe atokaita lao sio tale ararimangalina ateva Natuna ateva eaielousieinia .
43016023	Faith	Ia o nau eteva karika aue am kolomieghi tale teva voto . Aghaaulia ngakoronna etaimim va Tamaghi aue tau aatu voto am kolomi tale ararighi eteae .
59004017	Sin	Isaa avalua o , lo ateva ekilakila voto masina tani ghelei me etam gheelei , egheelei voto sesa .
48006004	Recommendation	Kateva kateva etoongi voto egheelei me emasimasieinia . Erau mene tootoonga tani toongi eleiaane ta mene kateva taumattu .
46007036	Recommendation	Arova unannaa va karika angu gheelei emasina ta vause ateva la ue va ulai etana , me angu nannangaili tani lai , amalu lai , karika sesa voto amalu nannaa tani ghelei .
43016002	Violence	Aue la tiu veluem tale aleira ale nivelu eitaua , me aue nau emaemae lo atoa la uvi emateam , aue la ghannaa va la gheelei uunguaane God .
43018023	Description	Iesu ghe liula me ghe uela va , “ Arova aghauliaala righi voto sesa , uauliaa ngaotu , me arova aghauliaa voto koronna , vaalua me uposalaieghila ? ”
50004003	Recommendation	Me tee akookolomio , lo ateva ughe uungu teeieghi , tani sausi ilalua o vause alua laghe uungu aanasa teeieghi mausi masi kiukiu , tee me Klemen me ila akapa lo atoa la uungu teeieghi , me arariira isaa tale buku maulue ateva .
48004030	Recommendation	Me saa ateva Uru ngai Manga ateva eaulieinia ? Eue va , “ Suu vella lo ateva vause tau ngai uungu ia karika tokatoka tale aloanaane me natuna ateva . Poli natuna ateva karika poi aue eghaa peina aliki eteva natuna ia lo ateva vausenna tuungia . ”
54006009	Sin	Lo atoa taumattu la ghanna tani tue peipeiena la kaakatuu lao tale nitootoonga me airekati eteae , me tale ase voto alokapakapanna me sesa nialoanna , me ekaakatulainila lao tale voto sesa me aue la ghaa nitturuu .
46008003	Faith	Ta lo ateva taumattu eailousia God , God etaatara kilaia .
49002003	Sin	Nau ang ghe lao sio ita ghe tokatoka nongina ila . Ita ghe aaloanna tani amasimasi sesa aaloanna vilikiita me nannaaita . Me ita ghe roola tani ghaa sessaiaane God .
52001004	Faith	Poli ami kilakila va God ghe suitoongainamla va natuna am , masi kapuimami etoa , God eaielousieinam ,
59001027	Faith	Llo nikaua God Tamaita ia ealoana me eghaaghaa va raarangisana me masina isaa avalua toko : tani sausi aliki raue vulu etoa me vause raue vulu etoa nau nialousiusi eghaaghaaila , me am rau mene tau velu gheeleiaa kosa ateva va eghelei saasakieinam .
51002004	Recommendation	Aghaulia etaimim llo oia voto , ta toa taumattu la rau kameam nonga tale kamena niapasunga am nongonongo arova masinaaili .
43001029	Faith	Mene kateva nau me Jon ghe tarala Iesu ghe maemae aloi etana me ghe uela va , “ Am tarala ! Natuna sipsipi eteva oia God ! Ia aue ghaa velu ssavoto tale kosa ateva .
43010010	Grace	Tau niainao ateva emaemae tani ainao , me tani aiuvi emate , me tani tturuu . Me aghi aghe mae sio va la ghaa maulue , me maamauluaaira epasu tale masi voto .
50003020	Faith	Me ita tanganueita epona liu , me earieri ita tani toi teva tau ngai asaangi ekasu okae , Vau ngepona ateva Iesu Karisto etana .
59004009	Recommendation	Am alousiusi me am ngala . Me am lo atoa am kangkanga nau ghaine , nikanga elaolao tale ningala , me nimasimasi elaolao tale nialousiusi .
64001011	Recommendation	Masi kapughu eteva , urau mene aimuli tee taumattu sesa , ta uaimuli tee taumattu masina . Lo ateva egheelei voto masina kapuna ia God , me lo ateva egheelei voto sesa , karika ghe kila God .
50002021	Sin	Mene katoa la annainila nonga me karika va llo voto isaa ta Iesu Karisto .
43006039	Grace	Nannaane lo ateva ghe sungieghila va karika teva ta lo atoa ghe taula mae sio etaghi emene raua . Eanna va atotula , me la ghaa maulue nau airuuruu tale kosa ateva .
46008006	Faith	me etaita kateva nonga ia God ateva Tamaita ia , ia ghe gheleila voto akapaaili , me ita maamaulue tani oneoneainia . Me kateva nonga ia Vau ngepona ateva Iesu Karisto , ta ngetana God ghe gheleila kosa ateva , me ia etautau mae maulue etaita .
52003006	Description	Me ghaine , Timoti angghele mae rekata asio etaimami , ghe kasula etaimim me ghe rekataala masi kiukiu tale aikaaiaaimim me niaielousi . Ghe auliaala vaalua am nannainamami tee nimasimasi me am annaaili tani taraiemami , nongina ami tee ami annaaili tani taraiem .
43012006	Sin	Jiudas ghe aaulia isaa o inangari karika va poli ghe annaa llo taumattu karika righi peiira , ghe aulia poli ia tau niainao ia , me ia ghe posoposo aikaai viliki veu eteva , me kasina nau ghe aainao etana .
62004016	Faith	Me mausina avalua o me ita kilakila me ita aatoka tuutuliita tale aielousiaane ateva God etaita . God tau ngaielousi ia , me lo ateva etokatoka tale niaielousi , etokatoka ta God , me God etokatoka etana .
54006006	Faith	Emaamasina etaita tani ghelei isaa voto eamasimasi God me ita masimasiaa saa llo etautau mae .
49005004	Recommendation	Karika mene righi niamakatakata , o niaippooa alokapakapa , o ase inangari niaikusi . Karika , ta am kaili emasina tale voto masina .
46010008	Sin	Ita rau mene ghelei niailai see ateae nongina katoa etaira , me tale kateva nau , ghaluengaulu kotolu airari ( 23,000 ) etaira laghe matela .
46016011	Recommendation	Liuna avalua o me karika toa la mene ratia . Am sausia va ekasu tale luei me emene mae taraieghi . Atoitoia va emae tee mene katoa tau ngaiesoa .
59002014	Faith	Kapughu etoa , arova teva taumattu eue va eaikaaia , me karika righi masi niuungu egheelei , karika aue sausia . Am anna va ase niaikaaia ngateva o aue asaangia ?
43007025	Description	Katoa tana taumattu nge Jerusalem laghe ue va , “ Ia oia taumattu ngateva la paepaea tani uvia ?
43020022	Faith	Ghe aulia ngavaluela o , me ghe inoaa tau lao sio etaira me ghe uela va , “ Am ghaa Spirit Manga ateva .
62005010	Faith	Lo ateva eaaiesoa tale Natuna ateva God , ia ghe aiesoaala inangarina ateva God ghe aulia ngaotuela , me lo ateva etam aaiesoa ta God egheelei va God tau nikamekame ia , poli karika eaikaaia llo voto God eaaulia ngaotu Natuna .
43014012	Faith	Aghaaulia ngakoronna etaimim va lo ateva eaiesoa etaghi , isaa o niuungu agheelei ie tee aue ghelei me voto aue eghelei aue elau lo oia agheelei , ta poli ngalaa saesae ta Tamaghi .
56002009	Recommendation	Uapasunga ta tau ngai uungu etoa karika la tokatoka tale aloanaaira va la nongo usila kapuira namu ngatoa tale isaa akapa voto . Me la tau lao nannaaira me sarasarakaniaaira tani ghelei voto erooroo tani ghelei emasimasi kapuira namu ngatoa , me la rau mene ssakea etaira .
54003007	Recommendation	Tau ngeleka atoa la tani oneoneainia me erau mene katuu lao tale voto karika masina me tale unna airekati eteae raroai eteva .
49004007	Grace	Me Karisto ghe tau mae sio ta kateva kateva etaita maamasinaane me tale aloaloanaane etautau mae voto ealona tani tau mae .
49006006	Recommendation	Me karika am mene nnaa va nau la taataraiem nonga , karika . Poli am tau ngai uungu iem ta Karisto me karika am tokatoka tale aloannaaimim . Liuna avalua o , tale urunguitaniimim akapaaili , am uungu aanasa tani ghelei saa voto God ealoanna va am ghelei .
43006040	Faith	Aloanaane Tamaghi va ila akapa lo atoa la tara Natuna me la ghaikaaia etana , la ghaa maulue ateva etokatoka nau ekapa atoa me aghi aue atotula me la ghaa maulue tale airuuruu tale kosa ateva . ”
54001006	Sin	Katoa taumattu ngila ghe kasu vulila isaa o voto me ngila ghe kirila tani laa usila inangari karika righi malloeane .
46003011	Description	Ta poli God ang ghe atoka amuemuela Iesu Karisto va ie nonga suena ia , me karika mene teva erooroo tani tingina va esuena .
49005033	Recommendation	Liuna avalua o , kateva kateva ta ngetaimim etani aielousiaa vausenna ateva , nongina etani aielousieinia , me vausenna ateva etani oneonea taitanna ateva .
51002013	Grace	Kaluimim ssavoto ghe gheleiemla arova matena am me poli sesa gheegheleiaaimim karika ghe kapa , vara me God ghe ghelei esakesakeamla ta Karisto , ta ghe kaluaala isaa akapaaili kaluimim ssavoto .
54004014	Recommendation	Urau mene rati voto God ghe nim tau aatu sio , ughe ghaala tale inangari kanna God nau elda ngatoa laghe saoaala nimaira etam .
52005016	Recommendation	Nau ekapa atoa am masimasi ,
52004014	Faith	Ita aiesoa va Iesu ghe matela me ghe mene totula , me ita aiesoa tee va God aue maeaa Iesu tee lo atoa laghe asekanuela tale aikaaiaaira ta Iesu .
62004015	Faith	Lo ateva eaulia ngaotu va Iesu Natuna ia God , God etokatoka etana , me ia ta God .
49004022	Recommendation	Laghe apasungaala ta ngetaimim va am ghaa velu poka gheeleiaaimim ang ghe lao sio , me am ghaa velu pokane ateva taumattu ang ghe sesala tale aloannaane kamena .
43010009	Grace	Aghi atamana ieghi . Lo ateva ekupikupi sso etaghi aue saanga . Aue esso me eghoa , me aue ghaa masi inana .
62002029	Faith	Arova am kilakilaia va ia ghulughuluena ia , ngam nim kilala va lo atoa la gheeghelei voto ghulughuluena laghe lutula etana .
51003010	Recommendation	me am ghe mene tiuaa ngaounala nau God ghe mene ghelei eounaiemla tale tootoona ateva lo ateva ghe gheleitala , tani ghelei va am tani kila alomasaanganiaane .
43011004	Faith	Nau eteva Iesu ghe nongola , ghe uela va , “ Ia oka isiki eteva karika aue ruu tale nimate . Enim lutula tani apasunga sarasarakaniaane God , me la tau tee sae ararina ateae Natuna ateva God . ”
43019017	Description	Ghe saula unna aikoto ateva me ghe kupi ghoala , me ghe lao sio tale voto ateva arova Riu uru taumattu ngateva , tale inangari nge Aramaik la aseasea va Golgota .
49005015	Recommendation	Am tani aitaraa vaalua am tokatoka — karika va nongina lo atoa karika alomasaanga ila , ta nongina alomasaanga atoa .
50004006	Recommendation	Am rau mene annangaili asease voto atoa . Tale voto akapa , am kokkolomi sae ta God tani aulia sae aloaloanaaimim tee nikaili emasina .
46010006	Faith	Isaa o voto ghe lutula va eaimatootoongana tani ghelei rungainita tani rau mene tau velu urunguitaniita va elao tale ssavoto nongina ila laghe gheelei .
52004006	Recommendation	Me tale isaa o voto karika teva emene ghelei saasakia ta teva kapuna , o ekamea me eghaa peina . Vau ngepona ateva aue liu aipolipoli sesa tale ia o ase taumattu ngateva , poli isaa o ase ssavoto , nongina ngami ghe aulia amuela , me ngami mene aulia ngasarasarakana .
43005020	Faith	Tamana eailousia Natuna , liuna avalua o me isaa akapa voto egheelei , eaapasunga etana . Me ealoanna va am soghiaa , liuna avalua o me aue mene apasunga taula mene kasina paka voto .
49004028	Recommendation	Lo ateva eainao nonga eruu tani ainao , me etiuaa tani uungu tani ghelei masi voto esausi lo atoa la ghaloanna niaisausi .
57001022	Recommendation	Me mene kateva voto : uaimanomanosia tiulu rum nau aghatu aue atoka etana , poli aghaiesoa va aue amae taraiem mausi niliu tale kaluimim nilooloo sae .
52005012	Recommendation	Me ami loeloeam , kapuimami etoa , tani oneonea lo atoa la uungu aanasa elome etaimim , me la ghaitoieinam ta Vau ngepona ateva , me la ghaaulia kieimim tale voto .
43009022	Description	Lalu ghe aulia ngavalua o poli lalu ghe maamatauta namuu ta aJiu etoa , ta namuu ta aJiu etoa laghe ue va arova lo atoa la ase Iesu Mesaea ngateva , aue la tiu vella tale ale nivelu eitaua ngateva , me karika aue la mene mae kaua teeila .
50003003	Faith	Poli ita isoiso ita . Ita lo atoa ita kakkaua tale Spiriti eteva kanna ia God , ita asaesae Iesu Karisto me karika ita atoka tuutuliita tale uungua vilikiita .
62003023	Faith	Me inangarina ghe auliaala toko , va tani aikaaia tale ararina ateae Natuna ateva ta Iesu Karisto , me tani aielousia kateva kateva , nongina ghe auliaala etaita .
46014020	Recommendation	Kapughu etoa , nannaaimim erau mene nongina aliki etoa . Tale uunguaa ssavoto , am tani nongina raaraina arighi aliki karika eannaa ssavoto . Me isaa o voto aghe auliaala etaimim , va nannaimim etani nongina namu ngatoa taumattu .
59005013	Recommendation	Lo ateva etaimim etokatoka tale nau sesa , erooroo tani looloo sae . Me lo ateva emasimasi euei righi kinari tani kkaua God .
49004017	Recommendation	Liuna avalua o me aghaloannaaili va tale ararina ateae Vau palepale am rau mene kasu nongina taumattu ngatoa karika la aiesoa , me nannaaira nim lao .
51002016	Recommendation	Ia avalua o me am rau mene tau veluem va la aulia teeiem tale inana am namanama me manu am ropiropi me karika am laolao tale kasina tana uneira nivelu eitaua tale nau manga tale kateva kateva ninamanama me kateva kateva ulana me tale nau sambati .
49005021	Recommendation	Am tau veluem tani ghelei voto katoa la ghaaloanna me karika va aloannaaimim , tani oneonea Karisto .
51003018	Recommendation	Vause atoa am atoka nannaimim ta taitaniimim atoa ta isaa o voto ghulughuluena ta Vau eteva .
54005020	Recommendation	Lo atoa la gheelei sesa voto , usama anamuu teeila tale tummatavanga , me mene katoa elda aue la matautu tani ghelei sesa voto .
48006017	Faith	Karika teva emene tau mae maate etaghi , poli asausau tauramoramo eaapasunga va aghi tau ngai uungu ieghi ta Iesu .
65001020	Faith	Me am , masi kapughu etoa , am asarasarakanaiem tale uneimim niaikaaia mangaaili , me am looloo sae tee Spirit Manga ateva me esausiem .
46015009	Sin	Aghi airuuruueili ieghi ta apostolo atoa , karika masina tani koloaghi va apostolo ieghi , poli aghe gheelei saasakia alena ale manga ateva God .
62002015	Recommendation	Am rau mene aielousia kosa ateva oia me voto etokatoka etana . Arova teva eaielousia kosa ateva , karika erooroo tani aielousia Tamaita .
48002009	Description	Jeimis , Pita me Jon , nau laghe tara kilala maamasinaane God ghe tau mae sio etaghi , la taatara sae etaira va namuu ila , laghe suaala nimaira muenna tani sigha etaingalua me Banabas . Laghe mae sio nonga tale kateva nonga ninanna va ami lao ta taumattu ngeleka atoa me ila ta aJiu etoa .
43019023	Description	Soldia ngatoa laghe ruula tani nili evukala sae Iesu tale aikoto , me laghe ghaala ghinnanina , me laghe aikoitaala ghe rooaala taumattu ghaata . Me aisoe ngelome nonga ateva ghe oghila , me laghe tarala va karika laghe samapiela tale oroi tuku kalio , ta laghe gheleiela tale tuku kateva nonga kalio , karika saasamapi ia .
46006019	Faith	Karika am kilakila va vilikiimim ateva alena ale manga ia Spirit Manga ateva , am ghe ghaaiela ta God ? Me karika am kilakila va karika va io uaaitarainio , ta io peina io God ?
43020005	Description	Ghe turruaala tani taatara sso , me ghe tarala kalio laghe sumuela etana , me karika ghe kupi ssola .
46002010	Grace	Ta God ang ghe apasungaala isaa o voto etaimami tale kapuna Spiriti eteva . Ta Spiriti eteva etaatara me ekilakila voto akapaaili , tee ninannaa me voto aisuliannaaili kanna God .
50002029	Recommendation	Am ghaaia va nongina kapuna ia Vau ngepona ateva tee kinatama nimasimasi , me am oneonea ase taumattu nongina ia .
51003020	Recommendation	Aliki etoa am nongo usila tamaimim me kinaimim atoa tale isaa akapa voto , poli isaa o voto eaamasimasi Vau eteva .
43014021	Faith	Lo ateva taumattu ekila inangarighi niloeloe me enongo usila , eaielousieinaghi . Me Tamaghi eaielousieinia , me aghi tee aue aghaielousieinia , me aue aghapasungainaghi etana . ”
51002023	Sin	Isaa o inangari niloeloe enim gheegheleila va la kkaua me la ghelei voto tale vilikiira va enim usila nannaaira . Isaa o inangari niloeloe arova tani alomsaanga , karika , me karika etautau mae righi niaisausi tani apala sesa gheegheleia kateva kateva taumattu .
64001006	Recommendation	Ailousiaam laghe auliaala tale ale manga . Urau mene ruu tani sausila tale aloannaira , poli ia o ase salana atikirighi eaamasimasi God .
49004030	Faith	Karika am mene ghelei emaamaatana kapuna Spirit Manga ateva God , poli ia eaaimatoonga va am kapuna am God me aue eghaa oghiem .
62003007	Recommendation	Natughu etoa , am rau mene tau veluem va katoa ppae la tiuaakalipiem . Ta lo ateva egheeghelei voto ghulughuluena , ghulughuluena ia nongina Karisto ghulughuluena ia .
62004001	Recommendation	Kapughu etoa , am rau mene aikaaia ngakapa tale ase spiriti etoa . Poli oroi ila propete kamekame atoa angila ghe kasu ekapa seela tale kosa ateva oia , am tootoonga spiriti ekapa atoa tani tara va laghe kasula ta God o karika .
50003001	Recommendation	Liuna avalua o , kapughu etoa , me am masimasi ta Vau ngepona ateva . Karika egheelei righi sesa etaghi tani mene piti aatu etaimim llo ngaghe aulia amuela etaimim , ta isaa o voto erooroo tani sausiem .
46011034	Recommendation	Me see emaamaloo enamanama tanganuena , erau alutu righi niaisakei etaimim nau am veluvelu eitaua poli karika eoneonea vilikina ateva Karisto . Me tale mene kasina voto , aue aghaulia ngamasina etaimim nau amae .
43018031	Description	Me Paelat ghe uela etaira va , “ Am ghaaiela , me am laa ghelei niaisakei etana nongina uneimim lo eaaulia . ” Me aJiu etoa laghe liula me laghe uela va , “ Karika erooroo va ami , ami uvi emate teva taumattu . ”
46012031	Faith	Aghaloannaaili va am tani alona lo ateva niuungu Spirit Manga etautau emae esaasausi tau ngaiesoa ngakapa atoa . Me aghaapasunga etaimim masi salana elaulau mene kasina salana .
50004013	Faith	Arooroo tani ghelei voto akapa ta lo ateva eaasarasarakanaieghi .
52004003	Recommendation	Aloaloanaane God etaimim va am manga , me am akekkeliem tale ase niailai etoa karika elaolao tale uungua nilai emasina .
51004002	Recommendation	Am rau mene amaomao tani kokkolomi sae , me nau am kokkolomi sae , nannaaimim eoti , me am kaili emasina sae ta God .
46011007	Description	Me taita ateva erau mene akou uruna ateva , poli ia eaapasunga taataraane me maamasinaane God . Me vause ateva eaapasunga maamasina taitanna ateva .
51003015	Faith	Am tau velu kanna luei eteva Karisto emuemua tale urunguitaniimim , nongina ghe koloamla tani kateva nonga , me am kaili emasina .
59004001	Sin	Saa ateva egheeghelei niaitunna me niaikiso elome etaimim ? Karika am kilakila va ekasukasu tale aloanaaimim eaiuvi tee masi ninannaa tale urunguitaniimim ?
46005001	Sin	Karika aghe roola tani aiesoa kiukiu aghe nongola tale uungua niailai see ateae elome etaimim , voto sesaaili taumattu ngatoa karika la aiesoa tee karika la gheelei . Laghe auliaala etaghi va taumattu ngateva ona tale aleimim ale manga ateva ghe aso teela kinna talae ateva , vausenna ia tamana .
46010013	Faith	Karika righi nitootoonga am ghaaghaa va isaa ppae , ta nim isaa aitaua tale mene kasina nitootoonga elutulutu ta taumattu ngakapa atoa . Me God eaaimuli tee inangarina , karika erooroo tani tau velu va am ghaa namungaili nitootoonga karika am rooroo tani apala . Ta nau am sou nitootoonga , aue eapasunga salana esausiem tani tingina akorokorongana .
53001004	Faith	Liuna avalua o me elome tale alena ale manga akapa God , ami aasakea vaalua karika am maamango tani ghelei voto masina , me aikaaiaaimim tale isaa akapa nitootoonga me nimmarikana am ghaaghaa me am tiitingina akorokorongana .
62004012	Faith	Karika teva ghe tara God , me arova ita aielousia kateva kateva , God etokatoka etaita , me ia o niaielousi eteva egheelei niuungu ghe uela va ita ghelei .
48001001	Description	Aghi Pol , apostolo ieghi karika toa taumattu laghe sungieghila , me karika tee nim teva taumattu ghe suimatoongainaghila , ta Iesu Karisto me God Tamaita ia , ia ghe totuela tale nimate .
54004001	Sin	Spiriti eteva ghe aulia ngamasalikangailila va tale isaa oia nau me nau to emaemae , katoa aue la kasu vuli niaikaaia me la usi raroai etoa tau nikamekame ila me voto raroai etoa la ghaapasunga .
56003001	Recommendation	Umene aulia ta tau ngaiesoa ngatoa va la oneonea lo atoa la muemueinila me matuutuliena ila tani nongo usila me la ghaimanomanosia tani ghelei masi niuungu ,
53003006	Recommendation	Tale ararina ateae Vau ngepona Iesu Karisto , ami aaulia ngasarasarakana etaimim , kapuimami etoa , va am kasu emasalika ta lo atoa kapuita la nim tokatoka me karika la uusila inangari am ghe ghaala etaimami .
59004004	Sin	Am lai sari ! Karika am kilakila va tani aikapukapua tee kosa ateva nitau ngai ssateena ia God ? See io ualoana va kapuna io kosa ateva , io aue utau ngai ssateena io God .
62005001	Faith	Lo atoa la ghaikaaia va Iesu Mesaea ia , natuna ila God , me lo atoa la ghaielousia Tamana , la ghaielousia tee natuna atoa .
48005026	Recommendation	Ita rau mene saea nannaaita me tani ghelei esessai kateva me tani nanna saasakia tee mene kateva .
54005001	Recommendation	Urau mene sama anamuu tee taita namu ngateva me esessaio etana , ta uloea tani asarasarakanaia nongina va tamam ia . Ughelei aliki taita atoa va tue me nenga iem ,
50003006	Sin	Aghe annaaili isaa o voto , liuna avalua o me aghe uviuvi kapuna atoa Iesu , me karika teva erooroo tani aulia teeieghi , poli aghe nongo usila ngakapa inangari nipaopao .
43004052	Description	Me ghe kolomilala va lovisa ghe masinala , me laghe uela va , “ Ghalailo ta 1 kilok aanasa ateva ghele kapala . ”
43019031	Violence	Ia o nau eteva nau niaipanipaniaa ia , me aue ghe pai sae nau manga ia . Poli aJiu etoa laghe tam aloanna va vilikiira ghe vukala tale nau manga ateva tale aikoto , liuna avalua o me laghe kolomila Paelat va la paru kotokotoo kkeira , me la ghaa velu sio vilikiira .
43019012	Description	Ghe tiuaala o , Paelat angghe paepae salana vaalua tani ghelei , me etau velu Iesu me ekasu , me la rau mene uvi ematea . O me karika ta aJiu etoa laghe ovaova atingina , me laghe ue va , “ Arova utau velua va ekasu , karika kapuna io Siisa . Poli lo ateva taumattu eue va kingi ia , ia tau ngai ssateena ia Siisa . ”
43014001	Faith	“ Am rau mene alousiusi . Am aiesoa ta God , me am aiesoa tee etaghi .
50001028	Faith	Me karika aue am matauta lo atoa la sessa teeiem tale voto la gheelei . Eaimatootongana etaira va , aue la turungila me am aue am saanga . Isaa o voto God aue ghelei .
43015016	Grace	Karika va am , am ghe koloaghila , ta aghi aghe koloamla , me aghe tau aatu sio niuungu tani kasu , me am kunea oroi llo ue ngai etokatoka liu . Liuna avalua o me nau eteva am kolomi righi voto ta Tamaghi tale ararighi eteae , aue Tamaghi etau aatu .
46004001	Recommendation	Liuna avalua o me am tani nnaa va , ami kapuna tau ngai uungu iemami Karisto . God ghe atokaiemamila tani aulia ngaotu voto aisuliane kanna God .
46010014	Recommendation	Liuna avalua o , masi kapughu etoa , am kasu vuli uungua nikkaua tale tootoo goto atoa .
59004008	Recommendation	Am lao akalakala ta God me aue emae akalakala ta ngetaimim . Am tau ngai ghelei ssavoto atoa , am ghelei eraarangisana maamauluaaimim , me lo atoa eghaaghalua nannaaimim , am ghelei eraarangisana urunguitaniimim .
59002009	Sin	Me arova am aimassiaa , am ghelei voto sesa , me inangari nipaopao eghelei niaisakei etaimim va karika am ghe aimuli tee .
52004007	Grace	Poli God karika va ghe kolotala tani tam raarangisana ta ita toka va manga maamauluaaita .
62004007	Faith	Masi kapughu etoa , ita aielousia kateva kateva , poli niaielousi eteva ghe mae sio ta God . Lo ateva eaielousia ghe lutula ta God , me ekilakila God .
62002009	Sin	Arova teva eue va ia tale mallanga ateva , me esessa tee tuena o nengane ateva , ia karika ghe kasu vuli saurrom ateva .
43008046	Sin	Teva etaimim erooroo tani auliaa righi gheeleiaaghi karika masina ? Arova aghauliaa koronna , vaalua me am tam aikaaia ta ngetaghi ?
46001005	Grace	Poli ta Karisto , ngam ghe pasula tale voto akapaaili , nongina tale aippooaimim , me tale alomasaanganiaaimim .
43007020	Violence	Taumattu ngatoa laghe ue etana va , “ Raroai eteva etam . See eanna tani uvio ? ”
43018018	Description	Poli kkaili eteva me tau ngai nongonongo anna atoa me polisi etoa laghe aisokosokolaala kura ateae , me laghe maamaruu . Pita tee ghe tiitingina teeila tani maruu .
49006011	Recommendation	Am asae akapaaili ghinna niaiuvi kanna God , me aue am roo tani tingina akorokorongana tale sesa uunguaane namu ngateva ta raroai etoa .
43013037	Faith	Pita ghe liula me ghe uela va , “ Vau eteva , vaalua me karika arooroo tani usio tale isaa oia nau ? Aghi aue amate ta polim . ”
50004007	Faith	Me luei eteva kanna ia God elaulau ekapaaili ninannaa , aue aitara urunguitaniimim me nannaaimim ta Iesu Karisto .
59003009	Faith	Tale ramuramuti paa ngateva ita tautau sae Vau ngepona ateva Tamaita ia , me ie nonga o ramuramuti paa ngateva ita kaakasikiena taumattu etana , lo atoa tootoona ila God .
46005010	Sin	Karika aghe aaulia taumattu ngeleka atoa , la anna niailai see ateae , me la aloanna nonga tani toka ghaaghaa oroi voto , me tau niainao ila , me la kakkaua voto tale kosa ateva oia . Arova am aloanna tani kasu vuli isaa o ase sesa taumattu , am tani kasu vuli kosa ateva oia .
43010012	Description	Polipolina ateva taumattu , nau eteva ueli paua ateva emaemae tani nama sipsipi etoa , aue eilou vuli sipsipi etoa , poli karika va tau ngai toi sipsipi ia , me karika va kiena tuungi ila . Me paua ateva aue ghele namaila me ghele ameti reerekatainila .
59001019	Recommendation	Masi kapughu etoa , am nnaa parasi inangari toko va , am akapaaili am kila tani oti parasi talingaimim tani nongonongo me am rau mene ailuilui tani sama me tani sessai .
46009014	Recommendation	Tale ia o salana atikirighi Vau ngepona ateva ghe aulia ngasarasarakanala va lo atoa la poppooa masi kiukiu , la ghaa aipolipoli tani sausi tokatokaaira ta lo atoa la nongonongo isaa o masi kiukiu .
43012046	Grace	Aghi aghe mae sio tale kosa ateva oia arova mallanga ateva va lo ateva eaiesoa etaghi , karika aue etoka tale saurrom .
43005014	Description	Emulina Iesu ghe ssola tale ale manga ateva , me ghe saopila taumattu ngateva . Me ghe uela etana va , “ Tarala , angughe masinala . Isaa oio nau urau nim ghelei ssavoto va llo sesaaili emene lutu ta ngetam . ”
46016014	Recommendation	Am ghelei voto akapaaili tale niaielousi .
43014015	Recommendation	“ Arova am aielousieinieghi , aue am nongo usila inangarighi aue va am ghelei .
48004008	Sin	Emua arau nau am ghe tam kilakila God , am ghe tau ngai uungu tale goto atoa karika koronna ila .
46001010	Recommendation	Kapughu etoa , tale ararina ateae kapuita Vau eteva Iesu Karisto , akookolomiem va am kateva nonga , me aue karika righi niaipolapolaaii elutu elome etaimim , me aue am toka aitaua tale kateva nonga ninanna me aloanaaimim .
51001021	Sin	Me am , isaa to nau am ghe masaueilila me tale nannaaimim am ghe sessa tee God , me gheegheleiaaimim sesa ,
51003001	Faith	Nau am ghe totula tale ouna ateva maulue , am ghe totu eitaua teela Karisto , me am tani pae voto ngepona liu , nongina Karisto etokatoka tale pai muenna atelange ta God
43004010	Grace	Iesu ghe liula me ghe uela va , “ Arova ughele kila masi voto God eanna tani tau aatu , me ughele kila tee lo ateva ekookolomio tani ropi , aue ughele kolomia tale llo ateo etautau mae maulue . ”
51003004	Grace	Karisto etautau aatu maulue ateva . Me nau eteva ekaurekati tale ia akapa kosa ateva , aue eapasunga sarasarakaniaane me mallangina , am tee aue am lao aitaua teeia me aue la tara akapaiem me maamauluaaimim aue toka tee Iesu , karika aue eaisulia me aue am toka tale mallangina ateva .
43020031	Faith	Me llo oia aghe pitila va am aiesoa etana va Iesu Mesaea ia , me Natuna ia God , me nau am aiesoa , aue am ghaa maulue tale ararina ateae .
62004006	Faith	Ita kapuna ita God , me lo atoa la kilakila God , la nongongongo usilainita . See karika ia ta God karika enongonongo usilainita . Tale isaa o salana , ita rooroo tani kila koronna ateva spiriti me kamena ateva spiriti .
65001012	Description	Isaa o taumattu nongina atu eteva etokatoka rungaa sao atikirighi tale uneimim niaighui me kinatama ninamanama atoa . La namanama teeiem me karikaaili emoimoila . Tau ngai toi sipsipi ila la angiinginila nonga ; ila uru kookoo ila karika la ghalakuti vao me enim kuukuueinila see . Me ila arova ai eteae nauna tani kune me karika ekunekunea uene ta matena ia me la mene mukemukeia .
49006016	Faith	Me tee am ghaa aiapallu vaalau eteva eaimatoonga niaikaaia , poli ta ngetana aue am roo tani apala isaa akapa unna vaalau sesa taumattu ngateva ataatana esoasoaa mae etaimim .
51003023	Recommendation	Saa niuungu am gheeghelei , am ghelei tale masi ninanna emaemae tale urunguitaniimim ateva , nongina va am uungu ta Vau ngepona ateva , me karika va ta taumattu ngatoa .
43018040	Sin	Laghe ovaova anamuu tani liu va , “ Karika mene ia ! Utau velu Barabas ! ” Barabas tau niaiuvi ia .
50002009	Grace	Liuna avalua o me God ghe taue liue saela epona me ghe taula arari eteae elaulau isaa akapa arari ,
59001026	Sin	Arova teva eue va tau nikaua ia me karika eaitara ngamasina ramuramuti paana ateva , enim kamekamea me unna nikaua egheelei nim peisaane .
43015020	Recommendation	Am annaa llo aghe auliaala etaimim va , ‘ Tau ngai nongonongo anna ateva karika namuu ia ta vauna ateva . ’ Arova laghe gheelei saasakia etaghi , aue la ghelei tee etaimim . Arova laghe nongo usilaala inangarighi , aue laghele nongo usila tee inangariimim .
43008031	Faith	Vara me Iesu ghe uela ta lo atoa aJiu laghe aiesoa etana va , “ Arova nau ekapa atoa am aimuli tee inangarighi , am aue kapughu disaepolo tuungiem ,
63001004	Faith	Etautau mae kinatama nimasimasi etaghi tani kila va katoa natum la kasukasu tale salana koronna nongina Tamaita ateva ghe auliaala va ita ghelei .
54005008	Faith	Arova teva taumattu karika eaitara mangalina atoa me tee tamane me kinna me tuena me nengane atoa , ang ghe ratila niaikaaia me sessaane elaulau lo atoa karika la ghaiesoa .
48001023	Description	Laghe nim nongonongo kiukiu va , “ Taumattu ngateva ghe tuuturungita , nau ghaine ange poppooa niaikaaia ngateva emua arau ghe anna tani turungia . ”
56002002	Recommendation	Uaulia ta taita namu ngatoa va la aitara tokatokaaira , me uunguaaira , me aippooaira , me la nanna ngamasina . La tani ghulughuluena tale uneira niaikaaia , me niaielousi , me la tingina akorokorongana eghaa nau eruu .
43019025	Description	Kinna ghe tiitingina kalakalangina tale aikoto ateva Iesu ghe vuuvukala etana , ia me nengane vause ateva kinna , me Meri vausenna ia Klopas , me mene kateva Meri aMakdala ia .
46008009	Recommendation	Am paniem , am kila va voto am aloanna tani ghelei tale alomasaangaaimim erau ghelei lo atoa saghuighuinaa ila tale niaiesoa va la katuu .
43014020	Faith	Me ia o nau eteva aue am kila va aghi ta Tamaghi , me am etaghi , me aghi etaimim .
62002003	Faith	Ita kilakila va , arova ita nongo usila llo eaaulia , angita ghe kilaiela .
43008024	Sin	Aghaulia etaimim va aue am mate tee kaluimim ssavoto , poli arova am tam aiesoa va aghi see , aue am mate tee kaluimim ssavoto . ”
43007012	Description	Ta polina me taumattu ngatoa ngila ghe olueinia . Katoa laghe ue va , “ Iesu masi taumattu ia . ” Me katoa laghe ue va , “ Enim kamekame taumattu ngatoa . ”
52002004	Faith	Me karika , ta ami aippooa nongina taumattu God angghe atokala tuutulina ta ngetaira , me ghe tarala va ami rooroo , me ghe tau mae sio niuungu tani aulia masi kiukiu . Karika ami anna tani amasimasi taumattu , ta ami anna tani amasimasi God poli ia etootoonga urunguitaniimami .
46015057	Grace	Liuna avalua o me masinaaili ta God ta ghe tau mae sio etaita niapala ateva tale nimate me ssavoto , ta kapuita namu ngateva ta Iesu Karisto .
54005005	Faith	Lo ateva vause raue vulu ia etuutukuna tale voto ealoanaaili me karika toa tani aitarainia , eaatoka tuutulina ta God me elooloo sae voo me llaa tani kolomi niaisausi ta God .
43016024	Grace	Nau to angghe lao sio karika am ghe kookolomi righi voto tale ararighi eteae . Am kolomi me aue am ghaa me aue am pasu tale nimasimasi .
46007021	Recommendation	Marova lo ateva tau ngai uungu io karika utokatoka tale aloannaam nau God ghe koloola , urau mene nannangaili . Ta marova tikirighi salana eoti tani mene toka tale aloaloannaam , uaimuli tee .
65001019	Sin	Isaa o taumattu aue eatoka apolapolaiem , la aimuli tee nannaaira , me Spiriti eteva karika ia etaira .
48001006	Sin	Aghe soghieinamla va arovaea ta am ghe kasu vulila God ghe koloamla tale maamasinaane Karisto me ngam aimuli tee kasina ppae masi kiukiu ,
43021006	Description	Ghe uela etaira va , “ Am velu uenaimim ateae tale pai muenna ativilau tale olimoim paanaka ateva , me aue am ghaa righi kko . ” Nau laghe gheleila isaa o voto karika ngila ghe rooroo tani ae uvena ateae , poli kko ghe oroiannaaili ila .
46007019	Recommendation	Ni-isoiso ateae nim peisaane ia , me nitam isoiso ateae tee nim peisaane ia . Ta tani aimuli tee kanna inangari sarasarakana God namuu ia .
53003014	Recommendation	Arova teva etam nongo usila inangari niloeloe ami aulia tale uru ngai etikirighi oia , am tani tara tootoongainia me am rau mene ghuia , tani atara mataneia me epalata .
46015050	Sin	Kapughu etoa , aghaaulia etaimim va malatauita ateva me raeita ateva karika lalu rooroo tani kupi sso epona liu . Karika ita rooroo tani toka epona liu tee vaulaniita ateva erooroo tani mate , poli karika righi nimate epona liu .
43006027	Recommendation	Am rau mene uungu tani ghaa llo inana esessa . Am uungu tani ghaa lo ateva inana etautau aatu maulue etokatoka liu , Natuna ateva Taumattu ngateva aue tau aatu ia o inana ateva , poli Tamane ta God ghe anamunamungainiela tani ghelei isaa o voto . ”
59004003	Sin	Nau am kokkolomi , karika am ghaaghaa , poli am kokkolomi tale sesa ninanna , poli nau aue am ghaa aue am uungua tale aloaloanaimim .
49005020	Faith	Nau ekapa am kaili emasina sae ta God Tamaita ia tale isaa akapaaili voto , tale ararina ateae Iesu Karisto Vauita ia .
48003006	Faith	Am anna Abraham : “ Ghe atokala tuutulina ta God , liuna avalua o me ghe aseala va ia ghulughuluena ia . ”
48003013	Grace	Karisto ghe ghaa oghitala tale nikasikiena tale inangari nipaopao nau ia ghe ghaala liuita tale nikasikiena , poli laghe pitila tale Uru ngai Manga va , “ Nikasikiena ta lo ateva esae vukala tale ai eteae . ”
48001013	Sin	Ngam ghe nongola eleiaaghi tale nau too ang ghe lao sio tani usila eleiaaira aJiu etoa . Aghe uviuvi saasakia alena ale manga ateva God me aghe anna tani turungia .
50003010	Faith	Aghanna tani kila Karisto , me sarasarakaniaane tale unna nitottu tale nimate , me tani lao nongina vaalua ghe mmarikanala me tani nongina ia tale matemateaane .
54005022	Recommendation	Urau mene ailuilui tani saoa nimam me urau mene usi katoa tani ghelei ssavoto . Uaitarainio tani raarangisana .
56002003	Recommendation	Me tale ia nonga o salana atikirighi , uapasunga ta vause namu ngatoa , tani apasunga va la oneonea God . La rau mene kasu see tani ppooa sesa voto ta mene katoa , me la rau mene toka aloanna tani toka ropiropi sesa manu , ta la apasunga ta katoa saa voto masina .
46007038	Recommendation	Isaa avalua o me lo ateva elai ta vause ateva , egheelei masina voto , me lo ateva etam lai ta vause ateva , egheelei voto masinaaili .
59001022	Recommendation	Am rau nim mene nongo inangari me karika am ghelei voto eaaulia . Arova am ghelei evalua o , am nim kamekameam .
43007001	Violence	Vara me Iesu ghe kasu seela eGalili , me karika ghe aloanna tani sae eJiudia , poli aJiu etoa laghe anna tani uvi ematea .
46001030	Grace	Poli mausi God am ghe kateva nonga iemla ta Iesu Karisto . Ghe maeaa sio alomasaanga etaita , me ita ghe ghulughuluenala me ita ghe mangala , me ghe ghaa oghitala tale gheeleia ssavoto atoa .
43013005	Description	Ghe kao kaaila manu tale aikaai manu etivilau , me ghe tiuaala tani pora kkeira disaepolo atoa , me ghe uluulu tale taolo ateva ghe aainavitainia etana .
43007043	Description	Taumattu ngatoa ghe ghalue ilala tale ninanna ta poli Iesu .
46015056	Sin	Mammarikanaane nimate ateva ssavoto ia , me sarasarakania ssavoto ateva inangari nipaopao .
59005004	Sin	Am tara ! Aipoliira taumattu ngatoa am ghe tam polilala nau laghe uungula etaimim ange kolokolo anamuu sae ta Vau ngepona ateva , me kolokoloaaira lo atoa la mukemuke Vau ngepona ateva sarasarakanaaili ia ang ghe nongola .
46007039	Recommendation	Vause ateva etani toka tee taitanna ateva lomosina ta taitanna ateva emate , me evira roo tani mene lai ta mene teva taita eanna . Me ia o taita ateva eghaaia etani tau ngaiesoa ta Vau ngepona ateva .
48005006	Faith	Ta Karisto Iesu ni-isoiso ateae me nitam isoiso ateae karika righi uunguaairarua , ta niaikaaia nonga ateva eaapasungainia tale niaielousi .
46016001	Recommendation	Me tale viliki veu am ghaaghaa aitaua uneira kapuna taumattu ngatoa God eJerusalem , am aimuli tee saa ateva aghe aulieinie lao sio tale ale manga atoa tale provinsi eteva eGalaisia va la gheleia .
49005022	Recommendation	Vause atoa lailai iem , am tau veluem tani ghelei voto taitaniimim atoa la ghaloanna me karika va aloannaaimim , nongina am gheelei ta Vau ngepona ateva .
43008012	Faith	Iesu ghe mene uela ta taumattu ngatoa va , “ Aghi mallanga ieghi tale kosa ateva oia . Lo ateva eaimuli teeieghi , karika aue ekasu tale saurrom ateva , ta aue eghaa lo ateva o mallanga etautau aatu maulue . ”
65001017	Recommendation	Me masi kapughu etoa , am nnaa saa ateva kapuna apostolo atoa Vauita ateva Iesu Karisto laghe aulia ngamuemua alokoiela .
62005009	Faith	Taumattu ngatoa la aakoronna llo voto taumattu ghe tarala me eaulia . Tale ia o salana atikirighi taumattu etani akoronna llo voto God eaulia ngaotu Natuna , ta poli God koronna ia .
43008034	Sin	Iesu ghe liula me ghe uela va , “ Aghaaulia ngakoronna etaimim va lo ateva enim toka gheelei voto sesa , ia tau ngai uungu ia tale voto llo sesa , karika eghaaghaa aipolipoli .
62004011	Faith	Kapughu etoa , poli God eaielousieinita , ita tee ita mene aielousia kateva kateva .
54004013	Recommendation	Uatoka maamauluaam tani riti Uru ngai Manga ateva tale tummatavanga , tani ppooaa me tani apasunga , me auena amae .
43017026	Grace	Aghe auliaala me apasungaala eleiaam etaira , me aue amene aulia etaira . Me aue lo ateva niaielousi ueleia etaghi aue etoka tee etaira , me aghi tee atoka etaira . ”
65001018	Sin	Laghe uela etaimim va , “ Aue airuuruu tale nau , lo atoa la aanamisaa God aue la aimuli tee aloanaaira karika masina . ”
43011001	Description	Kateva taumattu , Lasarus etana , ghe iisiki . Ghe tokatoka eBetani , tanganueirarua Meri me tuena ta Mata .
52004008	Sin	Liuna avalua o me lo ateva erati isaa o inangari niloeloe , karika va eratirati taumattu , ta eratirati God , ia etautau aatu kapuna Spirit Manga ateva .
62004002	Faith	Aue utara kila kapuna ateva spiriti God ia avalua toko : va lo ateva spiriti eaaulia ngaotu va Iesu Karisto ghe taumattuula .
65001008	Sin	Tale isaa o nonga ase salana , isaa o taumattu ila elome etaimim , tau niasoasopoi ila , la gheelei ekulukulutana vilikiira tale uungua niailai sesa , me la ratirati voto matuutuliena , me la aulia saasakia tee kapuna ensolo atoa God mallanga ila .
51001023	Faith	arova am aloana tani mene lao tee tale kaluimim niaikaaia , me am toka parasi me am tingina akorokorongana tale masi kiukiu am ghe nongola , laghe ppooala tale isaa akapaaili taumattu tale kosa ateva , me aghi tee , Pol , tau ngai uungu ieghi tani ppooa ia o masi kiukiu .
43008059	Violence	Me ngila ghe reirei atu tani kumua . Iesu ghe aisuliaala , me ghe kupi ghoala tale ale manga ateva .
49004024	Recommendation	Me am mene atoka ouna ateva taumattu God ghe gheleiela va enongina God . Me gheeleiaaimim aue ghulughuluena me emanga poli am tokatoka tale llo koronna .
43010011	Description	Aghi masi tau ngai toi sipsipi ieghi . Masi aitoi sipsipi eteva , etautau maamauluaane tani sausi kiena sipsipi etoa .
49003002	Grace	Aghaiesoa va ngam ghe nongola va tale maamasinaane God ghe tau mae sio etaghi uunguaa nippooa mausiimim .
56003010	Recommendation	Uaulia kiena lo ateva taumattu eaatoka apolapola taumattu . Uaulia katengaata etana , vara me umene aulia ghaluene etana . Nau uruu , urau mene ghelei mene righi llo etana .
43010019	Description	Isaa o inangarina ghe gheleila me aJiu etoa ghe ghalueilala .
43003033	Faith	Me lo ateva eaiesoa inangarina eaapasunga va God koronna ia .
53003001	Faith	Liuna avalua o , kapuimami etoa , me am looloo sae mausiimami , me aue inangarina Vau ngepona ateva ekasu parasi ekapa see , me la oneoneainia nongina am , am ghe oneoneainia .
59005014	Recommendation	Lo ateva etaimim eiisiki , ekolo elda ngatoa tale ale manga , me la looloo sae etana me la kao oeli tale ararina ateae Vau ngepona ateva .
46011028	Recommendation	Taumattu ngateva etani tara mua maamauluaane , me auena enama verete me eropi tale kapa ateva .
46015058	Faith	Liuna avalua o , kapughu etoa , am tingina akorokorongana . Am rau mene tau velu righi voto va eakatungiem . Am tau lao maamauluaaimim tale uunguaane Vau ngepona ateva , poli am kilakila va isaa o niuungu karika nim peisaane .
46004016	Recommendation	Liuna avalua o aghaulia etaimim va , am usila gheeleiaaghi .
46001021	Faith	God alomasaanga ia , me ghe annaala va alomasaanganiaaira taumattu tale kosa ateva oia karika erooroo tani sausila tani kila God . Liuna avalua o me God ghe annala tani asaangi lo atoa la aiesoa tale inangari ami aulia ngaotu , me taumattu tale kosa ateva la annaa va isaa o inangari alokapakapanna .
59002007	Sin	Karika am kilakila va ila la tani aattara tani aulia saasakia inangari ta lo atoa masi ararina ateae Iesu , am etana ?
54003003	Description	karika tau niropi ia , me karika tau nisessai ia , ta ennaa mene kateva , me karika eaaikiso me karika eaielousia viliki veu .
43004014	Grace	Me lo ateva eropi tale ateo ateae aghi aue atauela , karika aue mene aloanna tani ropi . Lo ateae ateo aue atauela aue etoka etana nonginaaili lo ateae ateo enim toka akaakala me karika ematimati , me aue etaula maulue ateva karika ekapakapa . ”
62002005	Faith	Me arova kateva etaita enongo usila inangarina , ailousiaane ateva God etokatoka akoronna etana me ghulughuluena ia . Tale isaa o salana , aue ita kila va ita etana :
59002008	Recommendation	Arova am tani aitara kanna inangari nipaopao Iesu kingi ia tale Uru ngai Manga ateva eue va , “ Uaielousia lo ateva etokatoka akalakalangina etam nongina uaielousieinio , ” am ghelei masi voto .
46015033	Recommendation	Am rau mene aikameainam : “ Am rau mene aipatola tee sesa taumattu ngatoa , poli aue la ghelei saasakia masi gheleiaaimim . ”
50001027	Recommendation	Marova saa ateva elutu , am toka me am kasu nonga tale masi kiukiu kanna Karisto . Arova amae taraiem o anim nongoam , aue akila va am tiitingina akorokorongana tale kateva nonga spiriti , me ekaakateva iem tale ninanna me niuungu va mene katoa la aikaaia tale masi kiukiu .
46006014	Grace	Ta tale sarasarakaniaane ateva God aue etotuta tale nimate nongina ghe totula Vau eteva tale nimate .
46007023	Recommendation	God ghe poliemla tale aipolipoli eteva . Liuna avalua o me am rau mene aimuli tee katoa la aulia saa ateva am tani gheleia tani amasimasi God .
46010010	Recommendation	Me am rau mene auliulia nongina katoa etaira laghe gheelei , me ensolo ateva tau ngai tturuu ia ghe uvi ematelala .
50002024	Faith	Me aghaatoka tuutulighi ta Vau ngepona ateva va gharighi tau amae taraiem .
53001003	Faith	Uunguaaimami tani kaili emasina ta God nau ekapa atoa mausiimim , kapuimami etoa , me emaamasina tani ghelei llo , poli aikaaiaaimim epiipinosa anamuu nau ekapa atoa , me niaielousi eteva ta kateva kateva etaimim egheelei elao ta mene kateva ange ooroi .
46012002	Sin	Am kilakila va nau am ghe tokatoka va taumattu ngeleka am , am ghe tau vella maamauluaaimim tani usila oroi salana tani kkaua tootoo atoa karika la samasama .
49005025	Recommendation	Taita atoa lailai iem , am aielousia vauseniim atoa , nongina Karisto eaaielousia ale manga ateva me mausina me ghe tau lao sio maamaulueane
54003011	Recommendation	Tale isaa o salana , vauseniira tee atoa , taumattu ngatoa la oneoneainila . Karika va tau nighelei saasakia taumattu ila tale inangariira , ta la aitaraa tokatokaaira me tale isaa akapa voto ita rooroo tani atoka tuutuliita etaira .
43008049	Sin	Iesu ghe liula me ghe uela va , “ Karika teva raroai etaghi , ta anim tautau sae ararina ateae Tamaghi , me am aasiosio ararighi eteae .
43006018	Description	Kuukuu eteva ghe tiuaala , me ttasi eteva ghe lutula tale paamanu eteva .
62002012	Grace	Apitipiti etaimim masi aliki etoa , poli God angghe kkaluaala kaluimim ssavoto poli uunguaane ateva Iesu .
43019006	Violence	Nau eteva namuu ta pristi etoa me polisi etoa laghe taraiela , laghe ovaova atingina tani ue va , “ Esae vukala tale aikoto , esae vukula tale aikoto ! ” Me Paelat ghe uela va , “ Am ghaaiela , me am laa ghavukalaie sae tale aikoto . Ta ngetaghi , karika ngapaela righi voto sesa ghe gheleila . ”
63001007	Sin	Oroieili tau nikamekame atoa , karika la aulia ngaotu va Iesu Karisto ghe taumattula . Ngila ghe kasu ekapa seela tale kosa ateva , me isaa o ase taumattu , tau nikamekame ila , me tau ngai ssateena ila Karisto .
54003016	Grace	Koronnaaili , voto aisuliaane emua arau tale salane God namungaili : Ghe rekataala taumattu ia me Spiriti eteva ghe apasunga ngamasalikala va ia Natuna ia God . Ensolo atoa laghe taraiela me apostolo atoa laghe ppooainiela tale anue namu ngatoa . Taumattu tale kosa ateva laghe aikaaiaala etana , me God ghe ghaaie saela epona liu .
52001002	Faith	Nau ekapa atoa , ami kaakaili emasina ta God ta poli mausiimim , me ami aaseainam tale kaluimami nilooloo sae .
54006001	Recommendation	Lo atoa la uungu me karika la tokatoka tale aloanaaira , la nnaa va vauira atoa la rooroo va la ghaa nioneoneaa namuu , me karika aue la ghaulia saasakia tee ararina ateae God me voto ita aapasunga .
51003009	Recommendation	Karika am mene aikamea , nau eteva am ghe ghaa vella uunguaimim pei ngarau am ghe gheeghelei
48003008	Grace	Uru ngai Manga ateva ghe tara amuemua alokoila va God aue ghelei eghulughuluena taumattu ngeleka atoa tale uneira niaikaaia . Me ghe aulia ngakasinala masi kiukiu ta Abraham va , “ Aue ararimangali ekapaaili etoa aue la ghaa niarangise ta ngetam . ”
54006003	Faith	Arova teva eapasunga kamena niaiesoa , me karika elao aitaua tee masi inangari niloeloe kanna kapuita Vau eteva Iesu Karisto , me tale niapasunga eoneonea God ,
63001010	Recommendation	Arova teva emae etaimim me karika eatua isaa oia niapasunga , am rau mene ghaaia va esso tanganueimim me am rau mene aikoloainia .
65001011	Sin	Alousiusi etaira , ta ngila aimuli tee salane Kein , me la ghe ailuilui nonginaaili sesa gheleiaane Baelam laghe gheelei tani ghaa viliki veu . Aue la turungila nongina laghe turungila Kora poli ghe aamakatakata .
65001010	Sin	Me ila o taumattu ngatoa la poppooa voto karika masina tee llo voto aloira karika emaamasaanga , me llo la ghalomasaanga tani ghelei la gheelei nonginaaili ghaata kkena atoa karika righi nannaaira , me isaa o voto etani tuuturungila .
54001009	Sin	Ita kilakila tee va , karika God ghe tau mae sio inangari nipaopao mausi ghulughuluena atoa taumattu . Ghe tau mae sio mausi lo atoa la gheelei saasakia inangari niapaopao me lo atoa la ghaa makatakata , me lo atoa karika la oneonea God me tau ssavoto ila , me karika manga ila , me karika la kakkaua , me uneira lo atoa la uviuvi emate tamaira me kinaira atoa , me lo atoa la ghaiuuvi emate ,
46005009	Recommendation	Tale nau ang ghe lao sio , aghe pitipitila etaimim va am rau mene aighui tee taumattu ngatoa la gheelei uungua niailai see ateae .
48001015	Grace	Me nau Goto ateva , ghe suitoongainaghila nau aghe lutula me ghe koloaghila poli maamasinaane , ghe masimasila
46004010	Description	Ami , ami tokatoka va alokapakapa iemami poli ami uungu ta Karisto , me am , am annaa va alomasaangaaili iem ta Karisto . Ami tokatoka va karika sarasarakana amami , me am , am annaa va sarasarakana am , me am la oneoneainam , me am annaa va taumattu ngatoa la rau mene oneoneainamami .
51003022	Recommendation	Lo atoa am uungu me karika am tokatoka tale aloaloanaaimim , am nongo usila vauimim atoa tale kosa ateva oia tale voto akapa . Karika am uungu nonga ta nau eteva la aitarainam va am ghelei emasimasila , ta am uungu tale masi ninanna emaemae tale urunguitaniimim , me tani oneonea God .
46002012	Grace	Ia o lo ateva Spirit Manga ami ghe ghaaiela , kanna ia God . Karika ami ghe kilala God tale nannaaira taumattu tale kosa ateva oia . Liuna avalua o me aloimami ghe masaangaala masi voto God ghe nim tau mae sio .
59005001	Recommendation	Tue peipeiena atoa am nongo ! Am alousiusi me am ngala , poli voto sesaaili ange maemae etaimim .
54006011	Recommendation	Me io , kapuna taumattu ngateva God , uilou vulu isaa o voto , me uaimuli parasi tani ghaa voto ghulughuluena , aloanaane God , niaikaaia , niaielousi , nitoka akorokorongana ta God , me uungua tani siua ninanna .
59005005	Sin	Am ghe tokatoka tale kosa ateva tale masi nitoka , me am ghe kuukuruetuna tee masi tokatokaaimim , me am ghe mmoro teela ninamanama nonginaaili ghaata kkena ange ghaala nau eteva la uvi ematela .
54002012	Recommendation	Karika aghanna va vause atoa la ghapasunga o la ghelei niuungu sarasarakana tani lau taita atoa . Ila la nim matua atoka .
46001009	Faith	God aue eghelei isaa o voto etaimim poli egheelei voto eue va aue eghelei , me ghe suitoongainamla tani aighui eitaua tee Natuna , ia kapuita Vau ngepona ia , Iesu Karisto etana .
48005013	Recommendation	Am , kapughu etoa , God ghe koloamla va am toka tale aloanaaimim . Am rau mene nnaa va poli am tokatoka tale aloanaimim va am ghelei voto tale nannaaira taumattu tale kosa ateva oia . Am aisausia kateva kateva tale niaielousi .
59002012	Recommendation	Am ppooa me am ghelei nongina lo atoa aue la aisakei tale inangari nipaopao poli isaa o llo , egheleia me karika ekaakaravusu .
46012005	Faith	Me oroi asease niaisausi , me kateva nonga ia Vau ngepona ateva .
43014023	Faith	Iesu ghe liula me ghe uela etana va , “ Lo ateva taumattu eaielousieinaghi , aue enongo usila inangarighi , me Tamaghi aue eaielousieinia , me aue angalu mae etana tani toka aitaua teeia .
62004010	Grace	Ia o niaielousi eteva : karika va ita , va ita ghe aielousiaala God , ta God ghe aielousieinitala , me ghe suula Natuna tani ghaa aipolipoli tale kaluita ssavoto .
62001007	Faith	Me arova ita kasukasu tale mallanga nongina ia elome tale mallanga , me ita aighui eitaua tee mene kateva kateva etaita , raena ateva Iesu Natuna ia egheeghelei eraarangisanaita tale kaluita ssavoto akapa .
48004007	Grace	Liuna avalua o me io karika va nim tau ngai uungu io ta natuna io . Me poli natuna io , ghe gheleiola va aue ughaa niarangise God ghe auliaala tale inangari nialokoi .
43010033	Sin	AJiu etoa laghe liula me laghe uela va , “ Karika ami anna tani kumuo poli isaa o voto , ta poli uaulia saasakia ta God , poli nim taumattu io , me uue va io God . ”
62003017	Sin	Arova see righi peina , me etam kila tuena o nengane ateva karika righi peina va aue esausia , vaalua ailousiaane ateva God aue etoka etana ?
50003002	Violence	Am paniem tale ila o paua atoa isaa o taumattu la gheelei voto karika masina , tau ngai ghelei saasakia viliki etoa .
56001016	Sin	La ue va la kilakila God , me gheleiaaira eaapasunga va karika la kilakilaia , ila mauuna ila , karika la roo tani nongo usila , me karika muenna ila tani ghelei niuungu masina .
53002004	Description	Aue ghelei runga salane God , me aue easaesaea tale voto akapaaili manga , me aue etoka tale alena ale manga ateva God , me aue eue va ia Goto ia .
49006004	Recommendation	Tamatama atoa , am rau mene ghelei natuim atoa va esessaila , ta am apinosaila tale masi salana , me tale alomasaanga me tale niapasunga Vau ngepona ateva eaaloanna .
46013006	Faith	Taumattu ngateva eaaielousi karika emasimasia ssavoto , ta emaamasia voto ghulughuluena .
59001021	Recommendation	Liuna avalua o me am ruu tani ghelei sesa me tani annaa saasakiaa ta mene kateva , me am siua nannaaimim me am ghaa inangari laghe auliaala etaimim erooroo tani asaangiem .
46003006	Grace	Aghi aghe pasala katu ue ngai eteva , me Apolos ghe aitarainiela , me God ghe apinosaiela ia o katu ue ngai eteva .
43015014	Recommendation	Aue kapughu iem arova am ghelei voto aloeloeam etana .
62005021	Recommendation	Masi natughu etoa , am alekalekaiem tale tootoo goto atoa .
49004015	Faith	Liuna avalua o me ami aaulia ngakoronna tale niaielousi , va tale isaa akapa voto ita gheelei , ita gheelei etana , ta ia Karisto uruita ia .
49004003	Faith	Am tootoonga tani poso parasi uungua nitoka aitaua kanna Spirit Manga ateva egheelei tale luei .
62002024	Faith	Llo inangari am ghe nongola tale aitiutiu , am poso parasi . Arova am poso parasi , Natuna ateva God me Tamane aue lalu toka teeiem tale nau ekapa atoa .
43008051	Faith	Aghaulia ngakoronna etaimim va arova lo ateva enongo usila inangarighi , ia o taumattu ngateva karika aue tara nimate . ”
46006013	Recommendation	Me am ue va , “ Inana pei tale kova ateva me kova ateva aighaa inana ia . ” Ia o inangari eteva koronna ia , me am tani nnaa va God aue eturungi ekapailalua . Ta vilikiita ateva karika God ghe gheleiela va ita uungueinia tale niailai sesa , ta peina ia Vau ngepona ateva me ia eaitara ia o vilikiita ateva .
62001005	Grace	Inangari eteva oia ami ghe nongoala etana me ami aulia ngaotua etaimim va God mallanga ia , me ta ngetana karika poi righi saurrom .
43006037	Grace	Isaa akapa taumattu Tamaghi etautau mae etaghi , aue la mae etaghi , me karika poi arooroo tani sungi velu teva .
43019015	Violence	Laghe ovaova atingina me laghe ue va , “ Kasueiniela ! Kasueiniela me elaa vukala tale aikoto ! ” Me Paelat ghe kolomilala va , “ Alaa ghavukala sae kapuimim kingi eteva tale aikoto ? ” Me namuu ta pristi etoa laghe liula me laghe uela va , “ Karika mene teva kapuimami kingi , ta nim Siisa nonga . ”
54005017	Recommendation	Lo atoa elda la gheelei emasina uungua ale manga ateva , la taula namuu nioneoneaa , tani lo atoa uunguaaira tani ppooaa me apasunga .
46008007	Sin	Me karika va tau ngaiesoa ngakapa atoa la kilakila isaa o voto koronna , ta katoa laghe namuu teela niaiesoa va tootoo atoa maulue ila . Liuna avalua o me nau la namanama malatau taumattu ngatoa laghe ghelei saela aiaavusuvusuena etana tale tootoo atoa , karika aloira ghe maamasaangala , la aateatea va voto la gheelei karika masina .
43015002	Grace	Lo atikirighi tuuna etaghi etam kuukunea righi uenenna , esaisai velua , me lo tuuna ekunekune , esaisai velu lutu llo tuuna karika masina , me eraarangisana tani mene kunea mene righi uenena .
52004013	Recommendation	Kapuimami etoa , ami anna va am kila saa ateva aue lutu ta lo atoa la nim aseasekanua tale nimate , me aue am tam alousiusi nongina taumattu ngakapa atoa poli karika la kilakila va mene teva maulue auena .
49006009	Recommendation	Me vau etoa , karika emene aloimim nonga ta katoa tana kapuimim tau ngai uungu karika la tokatoka tale aloannaaira , am rau mene amatautula , poli am kilakila va lo ateva Vauira ia me Vauim ia tee , ia epona liu . Ia karika egheelei tani anna katoa me katoa karika .
43013021	Description	Nau eteva Iesu ghe ruula tani aulia isaa o inangari , nannaane ghe maatela me ghe siuailila euu , me ghe uela va , “ Aghaaulia ngakoronna etaimim va kateva etaimim aue etaueghi lao ta nimaira tau ngai ssateeghi etoa . ”
48003022	Faith	Me poli Uru ngai Manga ateva eue va kosa akapa ateva etokatoka tale voto sesa nonginaaili ale mata voovoo ateva , liuna avalua o me voto God ghe auliaala tale inangari nialokoi , God etautau mae ta lo atoa la ghaiesoa ta Iesu Karisto .
48005021	Sin	me nippai , me tani toka nannaa saasakia tee kateva , me tani ropi sesa manu , me nivelu eitaua tani ropi me ghelei ssavoto , me mene katoa asease voto sesa . Aghaaulia kieimim nongina aghe aulia ngakasinala etaimim , va lo atoa la tokatoka avalua o , karika aue la kupi sso tale ararimangalina ateva God .
43012036	Faith	Am aikaaia tale mallanga ateva nau etokatoka teeiem , me aue natuna am mallanga ateva . ” Nau eteva Iesu ghe ruula tani ppoa isaa o inangari , ghe kasu vulilala me ghe lao sio tani aisulia .
56003006	Grace	Poli Iesu Karisto ghe matela etaita tani asaangita , God ghe tautau sio Spirit Manga ateva etaita , me karika ghe ghaaghaa oghia .
48006009	Recommendation	Karika ita mene sio asoasoa tani ghelei voto masina , poli aue kateva masi nau aue ita muke masi voto , arova ita tam mangoo .
48002019	Faith	Me mausi inangari nipaopao me aghe matela tale inangari nipaopao me aue amaulue ta God .
54004010	Faith	Mausi isaa o voto me ita uungu tale niaanasa me niasaraka me ngita ghe atokala tuutuliita ta Goto ateva etokatoka liu . Ia tau ngai asaangi ia ta taumattu ngakapa atoa , me tani lo atoa la ghaiesoa .
43020021	Grace	Me Iesu ghe mene uela va , “ Luei etoka etaimim . Nongina Tamaghi ghe sungieghila , aghi ngamene sungisungiem . ”
65001016	Sin	Ila o taumattu ngatoa tau niauliuliaa ila me la sessa tee mene katoa . La aimuli tee sesa aloaloanaaira me la tautau sae nannaaira me la ghaarua mene katoa tani nim asaesae arariira .
51002005	Faith	Arongona ta masaueili eghi etaimim , me urunguitanighi eteva etokatoka teeiem , me amasimasi tani tara va tokatokaimim masina me uneimim niaikaaia ta Karisto korokoronganaaili .
53002013	Faith	Uunguaaimami tani kaili emasina ta God nau ekapa atoa poli mausiimim , kapuimami etoa , Vau ngepona ateva eailousieinam . Ami kaili emasina ta God ta poli aitiutiu God ghe suitoongainamla va am saanga tale uunguaane Spiriti eteva , tani manga poli am ghe aiesoaala tale koronna kiukiu kanna God .
52005015	Recommendation	Am tara va karika teva emene liu sesa tale sesa . Nau ekapa atoa am tootoonga tani masina tee mene kateva etaimim , me ta ila akapaaili taumattu ngatoa .
50002018	Recommendation	Liuna avalua o me am tee am masimasi , me am masimasi eitaua teeieghi .
43006054	Faith	Lo ateva taumattu enama malataughu , me eropi raeghi eteva , aue eghaa maulue ateva tokatoka liu ia , me aue atotua , me eghaa maulue tale airuuruu tale kosa ateva .
43019011	Sin	Iesu ghe liula me ghe uela va , “ Karika aue ghele righi sarasarakaniaa inangarim ta ngetaghi arova God epona liu ghe tam tau aatu sio . Liuna avalua o me lo ateva etautaueghi eaotu etam , kanna ssavoto elaulau kalum tani ssavoto , me namungaili . ”
59002017	Faith	Tale isaa o ase salana me arova niaikaaia karika elaolao tee niuungu , isaa o niaikaaia nim matena .
51003021	Recommendation	Tamatama atoa am rau mene savalaa natuimim atoa va esessaila , erau ghelei nannaaira va esioaaili euu .
62002022	Sin	See tau nikamekame ia ? Lo ateva taumattu eue va Iesu karika va Mesaea ia . Ia o ase taumattu ngateva , tau ngai ssateena ia Karisto , me eliuliu vilina ta Tamaita me Natuna .
46011027	Sin	Liuna avalua o me see unama verete me uropi tale unna kapa ateva Vau ngepona ateva tale salana atikirighi etam oneonea Karisto , ugheelei voto sesa tale vilikina me raena ateva Vau ngepona ateva .
59002020	Faith	Alokapakapa ateva , uanna va aghapasunga va niaikaaia karika elaolao tee niuungu , nim peisaane ?
43018003	Description	Jiudas ghe lao sio tale paa ngutana atingiu tee soldia ngatoa me polisi etoa , namuu ta pristi etoa me Paresi etoa laghe sungilala . Laghe sausau lam me usulu me voto aiaaiuvi .
53003003	Grace	Me Vau ngepona ateva egheelei voto ghe uela va eghelei , me aue asarasarakanaiem , me eghelei rungainam ta sesa taumattu ngateva .
43006064	Faith	Katoa etaimim karika am aikaaia . ” ( Iesu ghe auliaa llo poli angghe kila vella va see karika aue eaikaaia etana , me angghe kila teela see aue taue lao ta nimaira tau ngai ssateena atoa . )
43013026	Description	Iesu ghe liula me ghe uela va , “ Lo ateva aue aghasuu verete me ataula etana . ” Me ghe asuula verete me ghe taula ta Jiudas , natuna ia Saemon Iskariot .
54006020	Recommendation	Timoti ! Uaitara ngamasina saa llo voto laghe tau aatu sio etam va uaitaraa . Uliu vilim tale nisama kamena me karika eaulia God , me ukekkelio tale lo atoa la apasunga inangari kamena la ue va alomsaanga .
62005016	Sin	Arova teva etaimim etara teva nengana o tuena va egheelei ssavoto ateva karika aue katulainia lao tale nimate , elooloo sae mausina , me God aue tau lao maulue etana . Amene aulia lo atoa kaluira ssavoto karika ekaakatulainila lao tale nimate . Ta kateva ssavoto ekaakatulainila lao tale nimate . Karika aue va am looloo sae tale ia o ase ssavoto ateva .
43013020	Faith	Aghaaulia ngakoronna etaimim va lo ateva eghaaghaa lo ateva aghe sungiela , eghaaghaaieghi , me lo ateva eghaaghaaieghi , eghaaghaa lo ateva ghe sungieghila . ”
63001008	Recommendation	Am paniem ta tau nikamekame atoa ta am rau velu voto ita ghe uunguaala ta aue am ghaa akapaaili aipolipoli .
43017010	Faith	Taumattu ngakapa kapughu , kapum tee , me lo kapum kapughu tee ila , la ghaapasunga masi gheeleiaaghi .
50002003	Recommendation	Am rau mene ghelei righi voto tale nikuruetu me tani saeaa nannaaimim . Me karika , ta tale nisiua ninannaa am tara katoa va masinaaili ila etaimim .
46007028	Recommendation	Me arova taita ateva ulai , karika ugheelei ssavoto , me marova vause ateva ulai , karika ugheelei ssavoto . Me ta lo atoa lailai ila aue la sau voto aanasa tale maamaulueaaira . Karika aghanna va isaa o voto aanasa elutu etaimim .
49006012	Sin	Karika va ita aaiuvi tee taumattu , ita aaiuvi tee asease spiriti etoa epona me euu , me asease sarasarakana ita tam taatara , me asease voto atoa sarasarakanaaili ila tale saurrom , ghaine la aitoiaa kosa ateva oia .
59001005	Recommendation	Arova teva etaimim etuutukuna tale masi alomasaanga kanna God , ekolomi God . God emasimasieili tani tau lao me karika etautau mae tale nisessaia me tani ului eleiaaita sesa , me aue tau lao masi alomasaanga etana .
52005019	Recommendation	Am rau mene ghelei epala Spiriti eteva .
62005013	Faith	Apitipiti voto toko etaimim lo atoa am aikaaia tale ararina ateae Natuna ateva God tani gheleiem va am rooroo tani kila va maulue ateva tokatoka liu ia , ia etaimim .
43007018	Faith	Lo ateva taumattu eauliaa nannaane enim aloanna tani ghelei ararina ateae , me lo ateva ealoanna tani tau sae ararina ateae lo ateva ghe sungiela , voto eauliaa koronna , karika kamena .
43008054	Faith	Iesu ghe liula me ghe uela va , “ Arova aghele tau sae ararighi eteae , ararighi eteae nim kapa ia . Me Tamaghi , ia o am ue va kapuimim Goto ia , etautau sae ararighi eteae .
43019040	Description	Lalu ghe ghaala Iesu me lalu ghe rariaala voto masi ngusungusuaane , me lalu ghe sumuela tale masi kalio , nongina aJiu etoa laghe gheelei .
46002009	Faith	Nongina laghe pitila tale Uru ngai Manga ateva , va “ Saa ateva karika righi mata ghe taraia , me karika righi talinga ghe nongoa , me karika ghe lutu tale nannaaira taumattu , isaa o voto , God ghe aimanomanosiaala ta lo atoa la aielousieinia . ”
48006007	Recommendation	Am rau mene aikameainam poli karika am rooroo tani kame tee God . Taumattu emukemuke voto epasapasa .
59005007	Recommendation	Liuna avalua o , kapughu etoa , me am rau mene mangoo tani toitoi lomosina ta Vau ngepona aue mae . Am tara vaalua tau ngai ghelei utana ateva etoitoi va kosa ateva esausi tani ghelei me umana voto ekunea masi voto me vaalua etam maamangoo tani toi vaoo ateva .
62002028	Faith	Me liuna avalua o , masi natughu etoa , am toka aitaua teeia , ta nau eteva ekaurekati , aue ita tingina akorokorongana me karika aue ita palata nau eteva emae .
48005016	Recommendation	Liuna avalua o me aue va , am toka tale uungua Spiriti me karika aue am usila nannaaimim tani ghelei sesa niuungu .
54001015	Grace	Kateva inangari koronnaaili ia , erooroo va ita ghaaia , eue va , Karisto Iesu ghe mae sio tale kosa ateva oia tani asaangi tau ssavoto atoa , me ta ila o sesa taumattu ngatoa aghi tani sesaaili ieghi etaira .
49006010	Faith	Airuuruu tale inangarighi , isaa avalua toko va , am toka akorokorongana ta Vau eteva me tale kinatama sarasarakaniaane .
46010012	Recommendation	Liuna avalua o me marova am annaa va am tiitingina akorokorongana , am aikinikinita tokatokaaimim ta am rau katuu .
43010031	Violence	Me aJiu etoa ngila ghe mene reirei atu tani kumua .
46011003	Description	Me aghanna va am tara kila va Karisto uruira ia taita akapaaili etoa , me taita ateva uruna ia vausenna ateva , me God uruna ia Karisto .
49005011	Recommendation	Karika am mene kupi sso tale uunguaa saurrom ateva karika righi uenenna , ta am mae aotuotu isaa o ase niuungu tale tummatavanga .
59004011	Recommendation	Kapughu etoa , am rau mene aulia saasakiaa tee mene kateva . Lo ateva eaulia saasakiaa tee teva tuena o nengane nonginaaili va egheelei niaisakei etana , me arova eghelei evalua o eaulia saasakiaa tee tale inangari nipaopao me eghelei niaisakei etana . Me arova ughelei niaisakei tee tale uungua inangari nipaopao , me karika va uaimuli tee , nonginaaili va io tau ngai ghelei niaisakei io .
48003020	Description	Taumattu ngateva elome karika eaimatoonga nonga kativilau pai , me God nim ie nonga kateva nonga ia .
43019010	Description	Me Paelat ghe uela va , “ Karika uanna tani sama teeieghi , va ? Karika ukilakila va aghi arooroo tani aulia , me aue ughele kasu , o laghele avukalaio sae tale aikoto ? ”
56001010	Sin	Poli aue eoroieili taumattu ngatoa aue la tau nissakeaa me tau ni-nim sama ila me tau nikamekame ila , tani ila o lo atoa la aasarasarakana uungua ni-isoiso .
43017022	Grace	Ughe tau mae sio sarasarakana etaghi , me aghi , ngaghe tau lao sio isaa o sarasarakana etaira va aue kateva nonga ila , nongina italua ekaakateva nonga italua ,
43002006	Description	Elome tale ale ateva , ghaonomo ( 6 ) aikaai manu laghe gheleila tale atu ghe tokatoka , uneira aJiu etoa aiporapora nau la ghaloanna tani aimuli tee uneira lo . Kateva aikaai manu erooroo tani kaai koti kateva ai ( 100 ) lita .
46015034	Recommendation	Am mene mae tale masi ninannaa , me am ruu tani ghelei ssavoto . Aghaaulia ngavalua o poli katoa etaimim karika am kilakila God . Aghaaulia ngavalua o tani apalataiem .
49004002	Recommendation	Am kaarasi tani sioaa nannaimim , aippooaaimim esaghuighuiena , me erau mene sessai parasiem , me arova kateva eghelei saasakia etaimim , am kkalua gheeleiaane me am nim aielousieinia .
65001023	Recommendation	Am asaangi lo atoa la ghanna tani saanga nongina va am ghe asaangilala tale kura ateae . Am apasunga alousiusiaaimim ta mene katoa tee nimoia , am akekkeliem tale kaluira ssavoto , egheeleila la kulukulutana .
43014010	Faith	Karika uaiesoa va aghi ta Tamaghi , me ia etaghi ? Inangari aghaaulia etaimim karika nim nannaaghi , ta Tamaghi etokatoka etaghi , me ia eghelei isaa o niuungu .
43013034	Recommendation	“ Ngatautau aatu ouna inangari niloeloe : elome etaimim am aielousi . Nongina aghi aghe aielousieiniemla , elome etaimim am tani aielousi .
43012044	Faith	Iesu ghe sama anamungailila me ghe uela va , “ Lo ateva eaikaaia etaghi , eaikaaia tee ta lo ateva ghe sungieghila .
54004006	Faith	Nau uaulia isaa o voto ta kapuita atoa , io aue umasi tau ngai uungu ta Karisto Iesu , nau uanginio tale voto kanna God tale inangari niaikaaia me tale niapasunga koronna uaimuli tee .
